0 2.15385e-16 -0.000311679 -7.37049e-05 -0.00114733 -0.000152941 0.216666 0.0631654
0 2.15385e-16 0.00141905 0.000326023 0.000379962 6.10138e-05 0.216401 0.0631248
0 2.15385e-16 -0.00301628 -0.000619907 9.18302e-05 0.000165457 0.217884 0.0637984
0 2.15385e-16 -0.00463998 -0.000836023 -0.000578834 -2.76259e-05 0.216574 0.0632097
0 2.15385e-16 -7.45747e-05 9.72378e-06 0.00175316 0.000302854 0.215253 0.0634984
0 2.15385e-16 0.00166501 0.000262588 0.00179143 0.00031886 0.216061 0.0637447
0 2.15385e-16 0.000491508 9.68827e-06 0.00103635 0.00012802 0.217039 0.0635622
0 2.15385e-16 -0.00118761 -0.000240131 -0.000483258 -0.000133782 0.217024 0.0640123
0 2.15385e-16 -0.00390579 -0.000664287 0.00241128 0.00039652 0.216622 0.0631832
0 2.15385e-16 0.00180435 0.000265181 0.000503055 0.000149365 0.217782 0.0628893
0 2.15385e-16 0.00103545 8.42457e-05 -0.00189863 -0.000188422 0.215912 0.0635267
0 2.15385e-16 -0.00322167 -0.000531424 0.000217568 -5.57649e-05 0.216973 0.0634038
0 2.15385e-16 -0.00153769 -0.000328695 -0.000618107 -0.000113343 0.216507 0.0634795
0 2.15385e-16 0.00137238 0.000281568 0.00134718 0.000234021 0.217312 0.0632396
0 2.15385e-16 0.00142024 0.000363491 0.00309146 0.000526143 0.216763 0.0626623
0 2.15385e-16 0.000269024 -3.00791e-06 -0.000883749 -0.000245744 0.216315 0.0636882
0 2.15385e-16 -0.000766344 -7.89904e-05 -0.00233975 -0.000413758 0.216376 0.0630201
0 2.15385e-16 -0.00173186 -0.000375886 0.000418817 0.000133909 0.216305 0.0638538
0 2.15385e-16 0.00154177 0.00017061 -0.00334544 -0.000596164 0.217901 0.0643205
0 2.15385e-16 0.00185078 0.000378854 0.00119119 0.00021536 0.217399 0.0635868
0 2.15385e-16 0.000456081 -1.66029e-05 -0.000729789 -0.000123919 0.21693 0.0635072
0 2.15385e-16 -0.00274897 -0.000586553 0.00084432 5.66163e-05 0.217764 0.0629173
0 2.15385e-16 -0.000443781 -5.21416e-05 0.000492501 0.000225273 0.217231 0.063266
0 2.15385e-16 -0.00122316 -0.000193296 -0.00186745 -0.000371715 0.216817 0.063349
0 2.15385e-16 -0.00275416 -0.000412532 -0.000493195 -6.60277e-05 0.217165 0.063503
0 2.15385e-16 0.00122417 0.000334616 0.00157588 0.000230767 0.216963 0.0629724
0 2.15385e-16 -0.00276818 -0.00041307 -0.00130637 -0.000370521 0.217553 0.0638111
0 2.15385e-16 0.00421008 0.000628605 0.000381197 6.8154e-05 0.21794 0.063597
0 2.15385e-16 -0.00216104 -0.000460285 0.00265557 0.000455922 0.216762 0.0635457
0 2.15385e-16 0.00106713 0.000233419 -0.00135506 -0.000210919 0.216495 0.0639183
0 2.15385e-16 0.000577053 3.92999e-05 -0.00102826 -8.77105e-05 0.216462 0.0629505
0 2.15385e-16 0.00042788 0.000236035 0.00153081 0.000358864 0.215007 0.0639334
0 2.15385e-16 0.00173283 0.000187939 -0.00253961 -0.000480232 0.216978 0.0631769
0 2.15385e-16 -0.00285117 -0.000521867 -0.000957303 -0.000224778 0.218269 0.0634703
0 2.15385e-16 -7.68757e-05 0.000108466 -0.00097252 3.06961e-05 0.215518 0.0639082
0 2.15385e-16 -0.00288285 -0.000555175 0.000207938 2.25221e-05 0.217639 0.0635143
0 2.15385e-16 -0.00146911 -0.000276584 0.00312743 0.000369606 0.217286 0.0633892
0 2.15385e-16 -0.000833828 -5.9231e-05 -0.000558431 -3.06628e-05 0.21751 0.0635325
0 2.15385e-16 0.00163292 0.000465369 -0.00151178 -0.000160803 0.216766 0.0631604
0 2.15385e-16 -0.0013647 -0.000270319 0.000659747 9.8327e-05 0.216492 0.0633734
0 2.15385e-16 0.000910892 0.000202978 -5.69775e-06 2.17575e-05 0.217206 0.0631932
0 2.15385e-16 0.000269666 8.36094e-05 -0.00102933 -0.000349156 0.215462 0.0633226
0 2.15385e-16 0.00055286 0.000204769 -0.000924573 -0.000199529 0.216366 0.0631513
0 2.15385e-16 -0.00156528 -0.000145668 0.000438844 0.000123893 0.217714 0.0642024
0 2.15385e-16 0.000642507 0.00029861 0.0014884 0.000217911 0.215332 0.0630146
0 2.15385e-16 -0.000707407 -0.00013008 0.000423579 0.000103976 0.217529 0.0629072
0 2.15385e-16 6.25896e-05 3.45103e-05 -0.00206168 -0.000196557 0.216954 0.0639399
0 2.15385e-16 0.000129915 -0.000162809 0.0018003 0.000195937 0.217605 0.0625089
0 2.15385e-16 -0.000661738 -0.000141232 -0.00117393 -0.000205137 0.217761 0.0630703
0 2.15385e-16 0.00342379 0.000512031 0.00170304 0.000158946 0.21702 0.063375
0 2.15385e-16 -0.000443814 -0.000112138 -0.000848165 -8.57328e-05 0.21781 0.0632
0 2.15385e-16 0.000951435 0.000173727 0.00330985 0.000629027 0.217512 0.0638144
0 2.15385e-16 0.00024033 2.48751e-05 -0.0026996 -0.000480141 0.216203 0.0639152
0 2.15385e-16 0.00316535 0.000574201 9.62785e-05 4.62333e-05 0.216901 0.0644138
0 2.15385e-16 -0.00281341 -0.000365996 -0.00169483 -0.000195785 0.217003 0.064547
0 2.15385e-16 0.00116885 8.3395e-05 0.00151875 0.000244165 0.216681 0.063591
0 2.15385e-16 0.00412632 0.000620542 0.000789049 8.91575e-05 0.217006 0.0639558
0 2.15385e-16 0.000570455 0.00014348 -0.00188274 -0.000423267 0.215527 0.0630311
0 2.15385e-16 0.000137039 5.82799e-05 0.00317626 0.000506282 0.217689 0.063185
0 2.15385e-16 0.00387301 0.00058322 0.00081713 1.74424e-05 0.21569 0.0633615
0 2.15385e-16 -0.002066 -0.000335362 0.000995311 0.000295356 0.217819 0.0635807
0 2.15385e-16 0.00041035 1.07276e-05 -0.0022245 -0.000379908 0.216572 0.0634797
0 2.15385e-16 -0.00254497 -0.000358922 -0.0016628 -0.000214651 0.21657 0.0640377
0 2.15385e-16 0.0012711 0.000210379 0.00104316 0.000248839 0.216013 0.0638412
0 2.15385e-16 0.00194852 0.000504219 0.00138914 0.00032605 0.21585 0.0639068
0 2.15385e-16 0.00226918 0.00044435 -7.49545e-06 2.53162e-05 0.216514 0.0642289
0 2.15385e-16 0.00365652 0.000452254 0.000299648 8.23302e-05 0.215795 0.0635863
0 2.15385e-16 -0.000355742 -0.000166769 0.00156895 0.000456742 0.216704 0.0629455
0 2.15385e-16 -0.000688213 -0.000138635 -0.0023227 -0.000323541 0.217607 0.0640092
0 2.15385e-16 -0.00284823 -0.000536078 -0.00161726 -0.000310056 0.217495 0.0632173
0 2.15385e-16 0.000363652 0.000242107 -0.000556965 -9.02038e-05 0.21604 0.0632994
0 2.15385e-16 0.000487797 2.36163e-05 0.00317768 0.000635731 0.216253 0.0634556
0 2.15385e-16 -0.00038441 -3.60284e-05 -0.00075871 -0.000144041 0.216581 0.0633805
0 2.15385e-16 -0.000949738 -0.000135649 -0.00102209 -0.000120674 0.216185 0.0639163
0 2.15385e-16 0.000958548 0.000155743 0.000789708 0.000217209 0.216557 0.0630478
0 2.15385e-16 -0.000122855 8.55808e-05 -0.00108201 -0.000252311 0.216476 0.0628831
0 2.15385e-16 0.00114155 0.000165153 0.00042891 0.000221076 0.216821 0.0634455
0 2.15385e-16 -0.00184039 -0.00035901 -0.0018073 -0.00022736 0.217675 0.0640918
0 2.15385e-16 -0.000193681 2.71256e-05 8.93987e-05 -0.000184823 0.215836 0.0634878
0 2.15385e-16 -0.00108362 -0.000235485 -0.000118128 1.11184e-05 0.21586 0.0633839
0 2.15385e-16 0.00123398 0.000233644 0.000256359 -8.83601e-05 0.217453 0.0630383
0 2.15385e-16 -0.00045703 -9.67699e-05 -0.00265083 -0.000410354 0.216426 0.0635097
0 2.15385e-16 0.000821571 -2.70505e-05 -0.00116495 -0.000116471 0.216375 0.0629214
0 2.15385e-16 0.000946297 0.000101108 -0.00209662 -0.000328763 0.216686 0.0634072
0 2.15385e-16 0.000462336 9.27668e-05 -0.00238781 -0.000397248 0.217592 0.0628568
0 2.15385e-16 -0.00024134 -0.000157999 0.00196828 0.000353728 0.216334 0.0635187
0 2.15385e-16 0.00259544 0.000510255 -0.000696871 -7.21521e-05 0.217098 0.0636307
0 2.15385e-16 0.000823597 0.000246101 0.000244067 -6.82636e-05 0.216062 0.0636306
0 2.15385e-16 -0.00177129 -0.000339071 0.000443111 0.000318184 0.217352 0.0629365
0 2.15385e-16 -0.00415456 -0.000758604 0.000455802 0.000120538 0.216499 0.0636754
0 2.15385e-16 0.00121225 0.000244021 0.000307656 3.77041e-05 0.217166 0.064197
0 2.15385e-16 -0.00144205 -0.000171805 -0.0032088 -0.000398166 0.217412 0.0634321
0 2.15385e-16 -0.000667107 -5.91082e-05 0.000233064 3.09315e-05 0.216515 0.0625664
0 2.15385e-16 -0.00242265 -0.000408863 -0.00233255 -0.000312384 0.217637 0.0635344
0 2.15385e-16 0.00116418 0.000244302 0.00104148 0.000162196 0.216951 0.0636374
0 2.15385e-16 0.000183091 -3.4019e-05 -0.00102643 -6.94605e-05 0.216266 0.0633881
0 2.15385e-16 0.000240073 -5.98508e-05 -0.00217161 -0.000160724 0.216374 0.0635875
0 2.15385e-16 0.000428239 0.000122284 0.00130736 9.80381e-05 0.216614 0.0633455
0 2.15385e-16 -0.000284308 -3.87012e-05 0.00382021 0.000608888 0.215754 0.063437
0 2.15385e-16 9.58521e-05 6.1744e-05 0.0026802 0.000371633 0.215723 0.063581
0 2.15385e-16 0.00265443 0.000545273 -0.000306087 -1.5994e-05 0.216165 0.0635199
0 2.15385e-16 -0.00255018 -0.000353094 -0.00344929 -0.000763007 0.218501 0.0642207
0 2.15385e-16 0.00100767 0.000198805 -0.00100583 -0.000185573 0.217156 0.0628085
0 2.15385e-16 0.00132368 0.00022795 0.000737658 0.000199945 0.217635 0.0632769
0 2.15385e-16 0.00121858 0.000255081 -0.000603331 -0.000182297 0.215714 0.0637368
0 2.15385e-16 -0.00219643 -0.000194204 -0.00147766 -0.000155589 0.217762 0.0636508
0 2.15385e-16 -0.00143758 -0.000213139 0.000468463 -1.39269e-05 0.215904 0.0635135
0 2.15385e-16 0.0016592 0.000206821 -0.00171676 -0.000355355 0.217298 0.0637866
0 2.15385e-16 -0.00111272 -7.972e-05 0.00181838 0.00036888 0.21611 0.0633707
0 2.15385e-16 0.00191671 0.000329901 -0.000817153 -0.000143608 0.216963 0.0635075
0 2.15385e-16 0.00195888 0.000361201 0.000687128 5.72283e-05 0.216077 0.0634345
0 2.15385e-16 0.000323242 0.000101545 -0.00186198 -0.000372323 0.217399 0.0634128
0 2.15385e-16 0.00010653 -3.95981e-05 -0.00255971 -0.000494165 0.215525 0.0635092
0 2.15385e-16 -0.0027712 -0.000370705 -0.000389321 8.79788e-05 0.217168 0.0634999
0 2.15385e-16 -0.00371566 -0.000747532 -0.000155728 5.1987e-05 0.218875 0.0632945
0 2.15385e-16 0.000911397 9.91269e-05 0.000876688 0.000103901 0.216959 0.0636853
0 2.15385e-16 0.000308338 4.17487e-05 0.00145284 0.000189495 0.216905 0.0641384
0 2.15385e-16 0.00168785 0.000146369 -0.000410317 4.70314e-06 0.217405 0.0635961
0 2.15385e-16 -7.7508e-05 4.60569e-05 0.0011319 0.000169207 0.216549 0.0631258
0 2.15385e-16 0.00194711 0.000421067 0.000680847 0.00013501 0.216259 0.0630345
0 2.15385e-16 -0.00173717 -0.00035279 -0.00116135 -8.60163e-05 0.217978 0.0629771
0 2.15385e-16 -0.00194718 -0.000444956 -9.97219e-05 7.1982e-05 0.216633 0.0633325
0 2.15385e-16 -0.0022554 -0.000339997 -0.00041637 -0.000111349 0.217937 0.0628803
0 2.15385e-16 -0.00149528 -0.000161041 -0.00381675 -0.000410297 0.217054 0.06531
0 2.15385e-16 -0.000741183 -7.87972e-05 -0.000525718 9.48175e-05 0.217286 0.0629866
0 2.15385e-16 -1.06563e-05 8.30163e-05 -0.000214233 2.51339e-05 0.216865 0.0639353
0 2.15385e-16 -0.00381016 -0.000724116 0.00203487 0.000355952 0.217446 0.0640204
0 2.15385e-16 0.00193157 0.000298356 0.0004526 0.000118788 0.216601 0.0634471
0 2.15385e-16 0.00133777 0.000204792 0.00160623 0.00023332 0.217328 0.0627263
0 2.15385e-16 0.000557291 7.56363e-05 -0.000338205 -7.49302e-05 0.217252 0.0627118
0 2.15385e-16 -0.00731778 -0.00144268 0.000926066 8.88004e-05 0.21747 0.0629499
0 2.15385e-16 -0.000345413 -8.90799e-05 -0.00373114 -0.000517223 0.217733 0.063281
0 2.15385e-16 7.58106e-05 4.45225e-05 0.00235235 0.000255041 0.217073 0.0635385
0 2.15385e-16 0.00421982 0.000600086 -0.00114743 -0.00015348 0.217747 0.0635422
0 2.15385e-16 0.00221424 0.000362605 -0.00614453 -0.00106758 0.217858 0.0632693
0 2.15385e-16 0.00192203 0.000246371 -0.00278525 -0.00042615 0.215905 0.0626575
0 2.15385e-16 -0.00148046 -0.000323943 0.00421977 0.000611725 0.214737 0.0636299
0 2.15385e-16 -0.00140707 -0.000145612 -0.00115224 -0.00030535 0.217943 0.0632361
0 2.15385e-16 -0.00316944 -0.000532795 0.000225321 1.69875e-05 0.218504 0.0641965
0 2.15385e-16 0.0005748 -1.11468e-05 0.000832492 0.000157127 0.216243 0.0632666
0 2.15385e-16 -0.00104111 -0.000153718 -0.000646346 8.54217e-06 0.218492 0.0630951
0 2.15385e-16 -0.000794619 -0.000102409 -0.00113131 -0.000101573 0.217701 0.0636481
0 2.15385e-16 0.000635591 3.13205e-05 -0.00307449 -0.000326629 0.216867 0.0634362
0 2.15385e-16 0.00123313 0.000251713 -0.00250868 -0.000430002 0.217723 0.0633742
0 2.15385e-16 0.00232537 0.000498256 -0.00155285 -0.00034011 0.216713 0.0639995
0 2.15385e-16 -0.00139908 -0.000232429 -0.00270304 -0.000446905 0.216366 0.0638825
0 2.15385e-16 -0.000744421 -0.000187336 -0.00153622 -0.000292291 0.21829 0.0637939
0 2.15385e-16 -0.00334507 -0.000516191 0.00110051 0.00018929 0.216717 0.0636674
0 2.15385e-16 0.00134213 0.000251421 -0.000477198 -8.0213e-05 0.21636 0.0637952
0 2.15385e-16 -0.000116272 -3.32893e-05 -0.00635554 -0.00100937 0.217298 0.0637989
0 2.15385e-16 2.39312e-05 -6.50099e-05 -0.00167068 -0.000111516 0.215984 0.0638596
0 2.15385e-16 0.00260121 0.000440383 0.000707791 7.55049e-05 0.215717 0.0634148
0 2.15385e-16 0.00201481 0.00018205 0.00248617 0.000280543 0.216297 0.0632265
0 2.15385e-16 -0.00128535 -0.000158109 -0.00244568 -0.00034655 0.21749 0.0635391
0 2.15385e-16 0.000901477 0.000122304 -0.000833146 -3.14138e-05 0.215083 0.0635104
0 2.15385e-16 0.00204432 0.000251309 -0.00093751 -0.000126238 0.216984 0.0634528
0 2.15385e-16 -0.00174678 -0.0002949 0.00108727 0.000276477 0.216967 0.0629724
0 2.15385e-16 -0.00114693 -0.000155418 0.00200208 0.000380131 0.218245 0.0628923
0 2.15385e-16 -0.00134524 -0.000450523 -0.00175374 -0.000420295 0.217424 0.0624822
0 2.15385e-16 0.00210109 0.000377883 0.000189829 0.000137282 0.216551 0.0629305
0 2.15385e-16 -0.00277047 -0.000508702 -0.000635234 -0.000239401 0.21733 0.0636307
0 2.15385e-16 0.000865515 0.000280301 0.00174499 0.000282506 0.216726 0.0633307
0 2.15385e-16 -5.04111e-05 -4.61031e-05 -0.0010588 -2.34926e-05 0.216731 0.063514
0 2.15385e-16 0.000963199 7.20722e-05 -0.00250375 -0.000458242 0.216802 0.0636902
0 2.15385e-16 -0.000529031 -0.000115724 0.00229846 0.000343284 0.215347 0.0631168
0 2.15385e-16 -0.00239373 -0.000497659 0.00219952 0.000363947 0.216361 0.0635407
0 2.15385e-16 0.00215242 0.000190362 -0.000977983 -7.04244e-05 0.217649 0.0633077
0 2.15385e-16 0.00363765 0.000589971 -0.000494617 -1.26328e-06 0.215982 0.0631196
0 2.15385e-16 -0.000725132 -7.33113e-05 -0.00108017 -0.000262393 0.217423 0.0629072
0 2.15385e-16 -0.00206075 -0.000376323 0.00113822 0.000276635 0.216064 0.0632709
0 2.15385e-16 0.000114135 -6.65572e-05 0.00143792 9.21984e-05 0.216023 0.0633187
0 2.15385e-16 0.000118092 2.61826e-05 0.00466771 0.000810654 0.216965 0.0632382
0 2.15385e-16 -0.000633459 -0.000127312 -0.000871469 -0.000169235 0.216655 0.0629094
0 2.15385e-16 0.00155322 0.000386908 -0.00149767 -0.000275441 0.217665 0.062696
0 2.15385e-16 0.00183044 0.000415449 -0.00184389 -0.000363911 0.217195 0.063274
0 2.15385e-16 0.000931859 9.65976e-05 0.00138685 2.90294e-05 0.216922 0.0640097
0 2.15385e-16 0.00116401 0.000179621 0.000761337 2.93303e-05 0.217607 0.0629482
0 2.15385e-16 0.000306088 0.000192651 -0.00162447 -0.000323472 0.217214 0.0628457
0 2.15385e-16 -0.00260671 -0.000321789 -0.00136698 -5.0392e-05 0.21613 0.0642197
0 2.15385e-16 -0.00134206 -0.000257864 -0.000388524 3.97996e-05 0.216446 0.063909
0 2.15385e-16 -0.00151774 -0.000275675 0.0030167 0.000509347 0.216864 0.0633545
0 2.15385e-16 0.000410635 3.56946e-05 0.000141047 6.40997e-05 0.216152 0.0635504
0 2.15385e-16 -0.00113698 -0.000203952 0.000693287 0.000140354 0.215847 0.0636104
0 2.15385e-16 0.000475066 9.921e-05 -0.000134306 9.84154e-05 0.217459 0.062614
0 2.15385e-16 -0.000163561 -8.36438e-05 -0.00230253 -0.000554182 0.216905 0.0632788
0 2.15385e-16 -0.00151909 -0.000222632 0.00036418 8.449e-05 0.21739 0.063325
0 2.15385e-16 -0.00282969 -0.00034723 -0.00132613 -0.000122426 0.216673 0.0644367
0 2.15385e-16 0.000640601 5.863e-05 -0.00303688 -0.000676083 0.215862 0.0630166
0 2.15385e-16 0.000248981 0.000256611 0.00144777 0.000184645 0.217365 0.0632384
0 2.15385e-16 -0.0015416 -0.000277976 0.00197616 0.000292985 0.216877 0.0635137
0 2.15385e-16 -0.000550259 -0.00014086 0.00053932 0.000247221 0.215486 0.0635099
0 2.15385e-16 0.00220254 0.000404161 0.00154706 0.000238754 0.215867 0.0625922
0 2.15385e-16 -0.00358978 -0.000627924 -4.37341e-05 9.45694e-05 0.21756 0.0641915
0 2.15385e-16 0.000837928 0.000113237 0.000317511 8.43438e-05 0.217106 0.0626724
0 2.15385e-16 0.000781286 0.000175428 -0.00051589 -0.000109053 0.216015 0.0631112
0 2.15385e-16 0.000427008 6.75592e-05 0.00197815 0.000364525 0.215656 0.0633724
0 2.15385e-16 0.000812194 0.000141677 0.00127521 0.000226235 0.21688 0.0628849
0 2.15385e-16 0.000649419 0.000108111 -0.00166895 -0.000250664 0.216059 0.063064
0 2.15385e-16 0.000128545 -8.26803e-05 -0.000853499 -0.000163314 0.217437 0.0634602
0 2.15385e-16 -0.00301565 -0.000629349 -0.00208601 -0.000317428 0.217225 0.0631453
0 2.15385e-16 0.00321213 0.000560919 0.000433384 0.000174412 0.217542 0.0632298
0 2.15385e-16 0.000224946 5.25667e-05 -0.00338401 -0.000607366 0.218499 0.0633906
0 2.15385e-16 0.00297698 0.000409075 0.00081737 0.00025588 0.216986 0.0631157
0 2.15385e-16 0.000253912 -2.24579e-06 -0.000982592 -0.000174958 0.216172 0.0633383
0 2.15385e-16 0.00277931 0.000346364 0.00159219 8.14319e-05 0.215795 0.0640286
0 2.15385e-16 0.000861628 0.000275218 -0.000889202 -0.000137166 0.216635 0.0639426
0 2.15385e-16 0.000443418 0.000102098 -0.0014666 -0.000168043 0.217463 0.0638235
0 2.15385e-16 0.00141968 0.000340877 0.000182217 -9.82256e-05 0.218421 0.0638535
0 2.15385e-16 -0.00106822 -0.000295132 -0.0018282 -0.000282317 0.21747 0.0636948
0 2.15385e-16 0.00147311 0.000187949 0.00222378 0.000329117 0.216571 0.0635677
0 2.15385e-16 0.000793708 0.000136747 -0.00137759 -0.000142401 0.217578 0.0640099
0 2.15385e-16 -0.000943435 -0.000166284 -0.000267861 -0.000144109 0.216596 0.0637258
0 2.15385e-16 0.0017429 0.000343135 -0.0010305 -0.000109005 0.216375 0.0635883
0 2.15385e-16 0.00134809 0.000289312 -0.00102931 -0.000244245 0.217169 0.0639377
0 2.15385e-16 -0.000774842 -7.93232e-05 0.000734597 9.07876e-05 0.21618 0.0630089
0 2.15385e-16 -0.00217791 -0.000286151 0.000831174 0.000113091 0.2163 0.0636046
0 2.15385e-16 0.00108921 0.000104263 0.00221528 0.000426752 0.216769 0.0634936
0 2.15385e-16 0.00314692 0.000554977 -0.00150683 -0.000347832 0.215778 0.0631535
0 2.15385e-16 -0.000543148 -8.04891e-05 0.000999579 5.25747e-05 0.216083 0.0641425
0 2.15385e-16 0.00263473 0.000444999 -0.00193858 -0.000223483 0.217115 0.0630712
0 2.15385e-16 0.00192654 0.000395719 -0.00371713 -0.000597495 0.217419 0.0638673
0 2.15385e-16 0.00319513 0.000457508 -0.000551997 2.19931e-05 0.216412 0.0633579
0 2.15385e-16 0.000339703 -4.9306e-05 -0.00240875 -0.000351879 0.21746 0.0632057
0 2.15385e-16 0.000766919 0.000158041 -0.00112156 -0.000260026 0.215268 0.0628761
0 2.15385e-16 0.00145386 0.000282369 0.00340267 0.000568116 0.216942 0.0638324
0 2.15385e-16 0.00143932 0.000347574 -0.000277615 -0.000133217 0.216577 0.0633552
0 2.15385e-16 -0.00324755 -0.000513373 0.00241597 0.000338655 0.215815 0.0635708
0 2.15385e-16 -0.00246795 -0.000501797 -0.00227158 -0.000349683 0.21782 0.06351
0 2.15385e-16 0.00111147 0.000286189 0.000687174 0.000123071 0.216573 0.0630236
0 2.15385e-16 0.000245583 2.39787e-05 -0.00191091 -0.000322833 0.217897 0.0634053
0 2.15385e-16 0.000905113 0.000179967 0.00185424 0.000299902 0.216263 0.0627579
0 2.15385e-16 -0.00109033 -0.000230684 -0.00186851 -0.000199921 0.217323 0.0639639
0 2.15385e-16 0.00120583 0.000189403 -0.000575377 -9.64574e-06 0.216808 0.0631385
0 2.15385e-16 0.000162329 0.000130662 0.00247469 0.00032595 0.217627 0.0633223
0 2.15385e-16 0.000789163 0.000212118 0.000214276 -2.48255e-05 0.216459 0.0636464
0 2.15385e-16 -0.00216004 -0.000570869 -0.00195631 -0.000361468 0.21904 0.0632681
0 2.15385e-16 0.000647708 2.56579e-06 0.00109274 0.000150329 0.216791 0.0630297
0 2.15385e-16 0.000269778 9.00664e-06 -0.00212765 -0.000345271 0.216663 0.0633083
0 2.15385e-16 0.00128773 7.93647e-05 0.00183533 0.000413908 0.217113 0.0627984
0 2.15385e-16 -0.0005241 -0.000130107 0.00215693 0.00033549 0.217108 0.0637444
0 2.15385e-16 -0.00172581 -0.000143718 0.00130332 -6.10519e-05 0.216184 0.0634473
0 2.15385e-16 -2.10488e-05 -3.15825e-05 0.00042413 0.000123853 0.216016 0.0633697
0 2.15385e-16 0.00190468 0.000317661 -0.000543259 -0.000136412 0.216986 0.0630982
0 2.15385e-16 0.00401011 0.000726653 0.00312529 0.00058501 0.216095 0.0632456
0 2.15385e-16 0.0031415 0.000524052 0.00253732 0.000505689 0.217531 0.0640728
0 2.15385e-16 -0.000689497 -0.000288696 -0.000442761 1.16895e-05 0.215231 0.0638671
0 2.15385e-16 0.0018958 0.000291506 -0.00281206 -0.000498029 0.216881 0.063564
0 2.15385e-16 -0.000403697 -6.55923e-05 0.00170622 0.000197963 0.216467 0.0634353
0 2.15385e-16 -7.25167e-05 7.9065e-05 -0.00131586 -0.000206877 0.216302 0.0633621
0 2.15385e-16 -0.0015604 -0.000150765 -0.000361963 -1.95292e-05 0.21749 0.063436
0 2.15385e-16 0.000874865 8.50025e-05 0.00101856 5.96395e-05 0.216181 0.0636013
0 2.15385e-16 -0.00337018 -0.000494832 0.000693305 0.000185039 0.217654 0.0630424
0 2.15385e-16 0.00149622 0.000344628 -0.000971466 -0.000166257 0.216403 0.0633743
0 2.15385e-16 0.000548955 0.000135797 0.00153217 0.000412793 0.217145 0.0632066
0 2.15385e-16 -0.000267715 -0.000114919 0.000479439 -4.97894e-05 0.215145 0.06382
0 2.15385e-16 0.0015296 0.000303153 0.00245976 0.000566046 0.215869 0.0636953
0 2.15385e-16 -0.00145575 -0.000125955 0.000719535 0.000222303 0.216375 0.0633396
0 2.15385e-16 0.00173369 0.000344996 -0.00242782 -0.000445853 0.218006 0.0630647
0 2.15385e-16 -0.00154183 -0.000226877 -0.000377715 -3.7759e-05 0.217805 0.0629966
0 2.15385e-16 0.00254545 0.00025189 0.00171371 0.00023235 0.216113 0.0632835
0 2.15385e-16 0.00151188 0.000149272 0.00132202 8.09305e-05 0.217272 0.0633729
0 2.15385e-16 0.00319929 0.000652986 -0.00178974 -0.000195888 0.216486 0.06307
0 2.15385e-16 0.00395385 0.000676502 -0.0008975 -0.000102524 0.217016 0.0634088
0 2.15385e-16 0.0017533 0.000357277 -0.000917524 -0.000189947 0.216919 0.062894
0 2.15385e-16 7.04335e-05 -0.000149622 -0.000705972 -0.000171383 0.217625 0.0630813
0 2.15385e-16 0.00036513 0.000184425 0.00323255 0.00067054 0.21723 0.062788
0 2.15385e-16 0.000438118 6.99105e-05 -0.00423357 -0.000732607 0.218239 0.0637254
0 2.15385e-16 0.00177156 0.000201362 -0.000838485 -0.000182121 0.215248 0.0644424
0 2.15385e-16 0.000913041 0.000100028 0.000933441 0.000214565 0.216875 0.0631969
0 2.15385e-16 -0.00351095 -0.000581149 0.00318598 0.000592257 0.216891 0.063325
0 2.15385e-16 2.01764e-05 1.04254e-05 7.46298e-05 1.5901e-06 0.21699 0.0627899
0 2.15385e-16 -3.87577e-05 5.20103e-05 -0.000539573 -0.00020496 0.217413 0.0627216
0 2.15385e-16 0.00244515 0.00045327 0.000707334 0.000227903 0.216697 0.0631431
0 2.15385e-16 -0.00131386 -0.000318233 -0.00102583 -0.000105491 0.216138 0.0637333
0 2.15385e-16 -0.000700693 -2.56825e-05 0.000452115 0.000113162 0.216837 0.0633343
0 2.15385e-16 0.00203375 0.000477611 -0.00161171 -0.000365813 0.217694 0.0631704
0 2.15385e-16 -0.00221937 -0.000468811 0.00139086 0.000260815 0.218669 0.063438
0 2.15385e-16 0.00064376 0.000112268 -0.00272083 -0.000457031 0.217992 0.0638719
0 2.15385e-16 0.0025674 0.00052478 0.000968767 7.96885e-05 0.217294 0.063552
0 2.15385e-16 0.000973011 -1.41319e-05 0.000718144 0.000103822 0.216489 0.0634034
0 2.15385e-16 -0.00107337 -0.000113052 0.000929253 0.000207386 0.21675 0.0632436
0 2.15385e-16 0.000655708 8.88256e-05 -0.000551822 -1.6768e-05 0.217923 0.0623946
0 2.15385e-16 0.000129979 5.12869e-05 0.00134813 0.000244488 0.216627 0.0626936
0 2.15385e-16 0.000132926 -4.22072e-05 0.00105861 0.000136847 0.216 0.0629445
0 2.15385e-16 -0.00235823 -0.00046339 -0.000489144 3.64684e-05 0.21779 0.0628144
0 2.15385e-16 -0.00247143 -0.000526582 0.00409207 0.000793709 0.216301 0.0631829
0 2.15385e-16 -0.000706627 -0.000179987 -0.00095748 -0.000139786 0.21486 0.0636547
0 2.15385e-16 0.00274177 0.000567065 -8.91706e-05 -9.3624e-05 0.217055 0.0637315
0 2.15385e-16 -0.00204522 -0.000307386 0.00542573 0.0010011 0.21714 0.0635556
0 2.15385e-16 0.00204892 0.000294837 0.0010932 0.000238173 0.216843 0.0639424
0 2.15385e-16 0.00412352 0.000654482 9.99072e-05 2.28676e-05 0.215552 0.0639873
0 2.15385e-16 -0.000462751 -0.000167281 0.000284753 -3.87429e-05 0.21734 0.063283
0 2.15385e-16 0.000621482 1.09196e-05 -0.000378826 -0.000156163 0.216189 0.0626632
0 2.15385e-16 0.0010966 0.000159143 3.23833e-05 -7.99195e-05 0.217301 0.0640752
0 2.15385e-16 -0.0001034 -3.5359e-05 -0.000368014 -8.30329e-05 0.214907 0.0632653
0 2.15385e-16 -0.00112187 -0.00029724 -0.000610171 -0.000188045 0.216005 0.0629263
0 2.15385e-16 0.00121965 0.00012476 0.00149669 0.000151145 0.217291 0.0636561
0 2.15385e-16 0.00234183 0.000361224 0.00110449 0.000195046 0.217014 0.0630149
0 2.15385e-16 0.00132904 6.22663e-05 0.00144649 7.69614e-05 0.216973 0.0637214
0 2.15385e-16 -0.0021552 -0.000376397 8.53091e-05 -7.29045e-05 0.217747 0.0635678
0 2.15385e-16 0.000406219 0.00011623 0.00207602 0.00036191 0.215531 0.0639092
0 2.15385e-16 0.00362703 0.000603712 -0.00192798 -0.000319556 0.216909 0.0642178
0 2.15385e-16 -0.00263834 -0.000344513 0.00214474 0.00034989 0.216481 0.0638376
0 2.15385e-16 0.00188793 0.000403111 -0.00219212 -0.000317351 0.218711 0.0633999
0 2.15385e-16 0.00327705 0.000548974 4.71554e-05 0.000210829 0.216018 0.0639961
0 2.15385e-16 0.00412469 0.000758452 -0.00223967 -0.000477345 0.218293 0.0631458
0 2.15385e-16 -0.000293779 -4.95515e-05 -0.00301302 -0.000444228 0.21843 0.064378
0 2.15385e-16 -0.000147327 -3.93556e-06 -0.000706856 3.55227e-05 0.216784 0.0634829
0 2.15385e-16 -0.00133606 -0.000229347 0.00183909 0.00036202 0.217433 0.0632577
0 2.15385e-16 -5.42434e-05 6.06405e-05 -0.00212231 -0.000199633 0.218008 0.063507
0 2.15385e-16 0.000628718 0.00019091 -0.000918578 -0.000171431 0.215433 0.0637359
0 2.15385e-16 -0.00368184 -0.000578633 -8.48441e-05 9.08897e-05 0.217048 0.0639341
0 2.15385e-16 -0.00257925 -0.000451699 0.00410479 0.000818998 0.217395 0.0633407
0 2.15385e-16 -0.00293135 -0.00058529 0.00114974 0.000293488 0.217003 0.0633581
0 2.15385e-16 -0.000177871 -0.000158033 -0.000198155 -3.67396e-05 0.215121 0.0638083
0 2.15385e-16 0.00260861 0.000389117 -0.00367718 -0.00058752 0.21766 0.0636207
0 2.15385e-16 0.00192306 0.000311138 0.00110908 0.000280588 0.215625 0.0636858
0 2.15385e-16 0.0015532 0.000256304 0.000681614 2.94809e-05 0.215867 0.0637626
0 2.15385e-16 0.000206307 0.000162848 0.00141385 0.000284354 0.217109 0.0635802
0 2.15385e-16 0.00368627 0.000560602 0.00214957 0.000430453 0.216425 0.0642684
0 2.15385e-16 -4.51461e-05 5.24014e-05 0.00160493 0.000357324 0.216388 0.0633104
0 2.15385e-16 -0.00279313 -0.00067743 -0.000366957 3.09663e-05 0.218088 0.0632313
0 2.15385e-16 0.00118704 0.000277419 0.00155886 0.00040252 0.217234 0.0634549
0 2.15385e-16 -9.67747e-05 -0.000272065 0.00048373 7.94223e-05 0.216854 0.0637402
0 2.15385e-16 0.00103656 0.000160866 -0.00130529 -0.000124862 0.216135 0.0633863
0 2.15385e-16 -0.000258044 -2.80145e-05 -0.000642215 -9.86583e-05 0.216454 0.0633616
0 2.15385e-16 -0.00128232 -0.000331885 0.00057275 0.000200643 0.216052 0.0632896
0 2.15385e-16 0.000510039 5.76152e-05 -0.000249768 6.87914e-05 0.216444 0.0637734
0 2.15385e-16 0.00457188 0.000750077 -0.00242394 -0.000390419 0.21849 0.0636691
0 2.15385e-16 0.000310489 2.34242e-05 0.00128041 0.000206678 0.216556 0.0631465
0 2.15385e-16 -0.0018071 -0.000308554 -0.000721712 -2.86176e-05 0.217305 0.063337
0 2.15385e-16 0.000781243 0.000220291 0.000255576 -4.90492e-05 0.216256 0.0633509
0 2.15385e-16 -0.00186156 -0.000290122 -0.00366124 -0.000504379 0.216987 0.0640687
0 2.15385e-16 -0.00208639 -0.000470365 -0.000824032 -6.14633e-05 0.215928 0.0634424
0 2.15385e-16 0.00128549 0.000309132 -0.000324712 -6.90065e-05 0.216534 0.0635997
0 2.15385e-16 -0.00346589 -0.000512752 -0.000628382 -8.44173e-05 0.218044 0.0639821
0 2.15385e-16 0.00269565 0.000378373 -0.000195398 -9.7896e-05 0.216969 0.0634843
0 2.15385e-16 0.0019807 0.00027434 -0.00193687 -0.000188348 0.216814 0.0629763
0 2.15385e-16 0.000486995 9.84452e-05 0.00098157 0.000138105 0.216491 0.0634095
0 2.15385e-16 0.000524141 0.00022057 0.0021578 0.000240569 0.216711 0.0631178
0 2.15385e-16 0.00157263 0.000353318 -0.00124637 -0.000243982 0.216789 0.062262
0 2.15385e-16 0.00145009 0.000350214 -0.000350284 -3.47966e-05 0.215696 0.0628573
0 2.15385e-16 0.000200784 7.33576e-05 -0.000595903 -9.09934e-06 0.217908 0.0633861
0 2.15385e-16 0.00148058 0.000283937 -0.00175368 -0.000289307 0.21649 0.0632216
0 2.15385e-16 0.00272062 0.000472584 0.00187988 0.000279066 0.216542 0.0637253
0 2.15385e-16 0.000484025 0.000102234 -0.00247744 -0.000470138 0.216921 0.0625262
0 2.15385e-16 -0.000448473 -2.08814e-05 -0.0013869 -0.000201111 0.216664 0.0638404
0 2.15385e-16 0.00338796 0.000675746 -0.000695269 -0.000209993 0.217454 0.0633901
0 2.15385e-16 0.00116878 6.50594e-05 0.00086306 0.000218479 0.216485 0.0634586
0 2.15385e-16 0.00100991 0.000132321 -0.000810362 -0.000109539 0.216695 0.0631619
0 2.15385e-16 0.00182432 0.00031638 0.00274349 0.000448348 0.216361 0.0632403
0 2.15385e-16 -0.00193988 -0.000413744 0.000947989 0.000272899 0.217955 0.062073
0 2.15385e-16 0.00332688 0.000582455 -0.000612994 -0.000214083 0.216084 0.0639097
0 2.15385e-16 -0.000578851 1.29316e-05 -0.000204538 -3.0118e-05 0.215569 0.0634609
0 2.15385e-16 -0.000603424 -0.000153481 -0.000117453 -0.000101829 0.215725 0.063617
0 2.15385e-16 0.000819423 7.23354e-05 0.00162467 0.000340292 0.216005 0.0637
0 2.15385e-16 -0.00177929 -0.000273517 7.20317e-05 4.33072e-05 0.217168 0.063327
0 2.15385e-16 0.00172067 0.000336891 -0.00637291 -0.00100385 0.217249 0.064198
0 2.15385e-16 0.00474079 0.000759737 0.00133658 0.000202411 0.217358 0.0638627
0 2.15385e-16 -0.000302579 -1.85465e-06 0.00333065 0.000358937 0.216616 0.0636032
0 2.15385e-16 0.00322749 0.000600202 -0.00107075 -3.78839e-05 0.217444 0.0641658
0 2.15385e-16 0.00328573 0.000604713 0.000797962 0.00018608 0.21778 0.0632024
0 2.15385e-16 -0.00111681 -0.000184101 -0.000612017 -5.26653e-05 0.216257 0.0630501
0 2.15385e-16 -0.00183166 -0.000288591 -0.00199108 -0.000320136 0.216269 0.0638787
0 2.15385e-16 -0.00132687 -0.000206074 -0.000744312 -3.90159e-05 0.216329 0.063688
0 2.15385e-16 0.000938477 0.000169199 -0.00142649 -0.000212022 0.217531 0.0634827
0 2.15385e-16 -6.78536e-06 3.57904e-05 0.00120377 0.000301257 0.216451 0.0620775
0 2.15385e-16 -0.00163597 -0.000381658 -0.00275288 -0.000364381 0.217396 0.0637861
0 2.15385e-16 -0.00224755 -0.00038125 0.00100745 0.000300931 0.217614 0.0630135
0 2.15385e-16 -0.00018144 7.40811e-05 0.00120477 0.000129742 0.216579 0.0635703
0 2.15385e-16 -0.0048771 -0.000971687 0.00273598 0.000443384 0.217745 0.063136
0 2.15385e-16 0.00142137 0.000165954 8.94931e-05 5.62758e-06 0.216943 0.0627779
0 2.15385e-16 -0.000575154 -0.000261548 0.00377479 0.000670102 0.217121 0.063028
0 2.15385e-16 -0.000853618 -0.000168909 0.000219292 0.000199049 0.217493 0.0631359
0 2.15385e-16 0.000496323 0.000190749 0.000913888 4.71128e-05 0.217812 0.0627805
0 2.15385e-16 -0.000724247 -0.000254259 -0.00302958 -0.000615247 0.219361 0.0636791
0 2.15385e-16 -0.00172947 -0.000387799 0.00173992 0.000407772 0.216848 0.0630205
0 2.15385e-16 -0.00206874 -0.000359811 -0.00202887 -0.000348836 0.217768 0.0639488
0 2.15385e-16 0.0010107 0.000228093 0.00153977 0.000295968 0.215887 0.0629528
0 2.15385e-16 0.00212635 0.000286462 -0.000678487 -0.000239416 0.215699 0.0634722
0 2.15385e-16 -2.83763e-05 1.30831e-05 -0.00125951 -0.000230646 0.217735 0.0632861
0 2.15385e-16 0.00145913 0.000267125 -0.00148142 -0.000135005 0.217766 0.0633202
0 2.15385e-16 5.72708e-05 0.000161318 -0.000707727 -5.05678e-05 0.216967 0.0639556
0 2.15385e-16 0.00286977 0.000534254 0.000159889 -7.51657e-05 0.217127 0.0638082
0 2.15385e-16 0.00161308 0.00029312 -0.00166689 -0.000243966 0.216875 0.0632174
0 2.15385e-16 -0.00238765 -0.00058398 0.000707088 0.00012928 0.216942 0.0638657
0 2.15385e-16 -0.000260617 -1.37368e-05 0.00204956 0.000387275 0.21559 0.0635599
0 2.15385e-16 -0.00228249 -0.000311395 -0.000105507 6.87841e-05 0.216221 0.0638858
0 2.15385e-16 0.00103525 4.73314e-05 0.00182089 0.000222536 0.216732 0.0635032
0 2.15385e-16 0.000421053 0.000205177 0.000362483 0.000163263 0.215966 0.0626624
0 2.15385e-16 -0.00150814 -0.000140867 0.00134337 0.000295205 0.217216 0.0634621
0 2.15385e-16 -0.000461889 1.48027e-05 -0.000548261 2.5237e-05 0.216324 0.063196
0 2.15385e-16 0.00125802 0.000127088 0.000235148 3.83336e-05 0.217088 0.0637895
0 2.15385e-16 -0.0013319 -0.000271216 -0.00100929 -0.000217006 0.217533 0.0632177
0 2.15385e-16 0.0031847 0.000599292 0.00107453 0.00010568 0.217617 0.0627695
0 2.15385e-16 0.000162667 -1.52601e-05 0.000356661 5.50577e-05 0.216851 0.0631446
0 2.15385e-16 0.00171784 0.000217569 -0.000481983 -0.000100405 0.217376 0.0630083
0 2.15385e-16 0.00207431 0.000348538 -0.00185517 -0.000188994 0.216156 0.0635612
0 2.15385e-16 0.000278114 -7.29422e-05 -0.00282003 -0.000473514 0.2179 0.063596
0 2.15385e-16 -0.000251066 -7.31283e-05 0.00325669 0.000583729 0.217939 0.0631397
0 2.15385e-16 -0.00103956 -0.000105969 0.00413474 0.000664576 0.216083 0.0626416
0 2.15385e-16 0.000754445 9.67699e-07 -0.000855006 -0.000164339 0.217335 0.0636014
0 2.15385e-16 0.000768597 4.20748e-05 0.00375191 0.000589473 0.216252 0.0631956
0 2.15385e-16 0.00227981 0.000348099 -0.00315229 -0.000499102 0.217032 0.0627038
0 2.15385e-16 -0.00275291 -0.000315606 -0.000426676 -0.000222055 0.216194 0.0635303
0 2.15385e-16 -0.00293904 -0.000476794 -0.00132192 -0.000139461 0.217215 0.0637126
0 2.15385e-16 -0.0023395 -0.000454555 -0.00163415 -0.000329983 0.217087 0.0639932
0 2.15385e-16 -0.000153906 1.12206e-05 0.00210843 0.000307587 0.216808 0.0639685
0 2.15385e-16 0.000734439 4.78969e-05 0.000878864 0.00020276 0.217185 0.0632958
0 2.15385e-16 0.000859916 0.000107133 2.74956e-05 2.22161e-05 0.21573 0.063449
0 2.15385e-16 -0.00166472 -0.000318763 -0.0016753 -0.000385997 0.216809 0.0631951
0 2.15385e-16 2.44704e-05 -9.67589e-05 0.00303182 0.000555347 0.216154 0.0635385
0 2.15385e-16 -0.00169161 -0.000304691 -0.00160727 -0.000361675 0.217494 0.063359
0 2.15385e-16 -0.0008228 -0.000181346 -0.000756376 -4.19196e-05 0.217326 0.063151
0 2.15385e-16 0.00225329 0.000378911 -0.00185582 -0.000352589 0.217063 0.0632483
0 2.15385e-16 -0.00097736 -5.39195e-05 -0.00146705 -0.0002234 0.217872 0.0634735
0 2.15385e-16 -0.00134968 -0.000216708 -0.00429029 -0.000782506 0.217192 0.063694
0 2.15385e-16 -0.00114816 -0.000272635 -0.00271385 -0.000426995 0.217004 0.0626019
0 2.15385e-16 0.000979881 0.000277196 -0.00130752 -0.000163932 0.217258 0.0629415
0 2.15385e-16 0.00056347 7.11001e-05 -0.000507908 -0.000191094 0.216338 0.0631878
0 2.15385e-16 -0.000778768 -9.38603e-05 -7.08986e-05 -0.000205536 0.216246 0.0637622
0 2.15385e-16 -0.00401442 -0.000648653 0.000288337 4.6468e-05 0.218644 0.062867
0 2.15385e-16 0.000791735 5.30242e-05 0.00137004 0.000161104 0.216373 0.0630437
0 2.15385e-16 -0.00300787 -0.000415503 -0.00118142 -0.000200257 0.21776 0.0634944
0 2.15385e-16 -0.000354844 6.58133e-06 -0.00100698 -0.000232478 0.217085 0.0627752
0 2.15385e-16 -0.000560556 -0.00010025 -0.00080612 -0.000112606 0.216211 0.0629181
0 2.15385e-16 -0.00103939 -0.00023355 -0.000558283 -0.000119306 0.216187 0.0631928
0 2.15385e-16 0.00141729 0.000358589 0.000842309 7.01259e-05 0.216199 0.0631154
0 2.15385e-16 -0.000964657 -0.000124084 0.000511121 0.000150165 0.215617 0.0630296
0 2.15385e-16 0.00116361 0.000154559 -0.000412664 -0.000125914 0.216739 0.0629765
0 2.15385e-16 4.48171e-05 -7.6619e-05 0.00313241 0.000513078 0.216277 0.0640296
0 2.15385e-16 -0.000178576 2.52236e-05 0.000415025 0.000105109 0.216835 0.0631081
0 2.15385e-16 0.00155046 0.000314613 0.000928536 0.000132062 0.215042 0.0636135
0 2.15385e-16 -0.00228082 -0.000375763 9.99427e-05 8.10879e-06 0.216133 0.0637116
0 2.15385e-16 -0.000909897 -0.000333823 -0.000571936 -0.000159181 0.215691 0.0632482
0 2.15385e-16 -0.00211478 -0.000436003 -0.00145637 -0.000242749 0.218042 0.0641461
0 2.15385e-16 -0.00387025 -0.00078955 -0.00228674 -0.000305139 0.217874 0.0635407
0 2.15385e-16 -0.000891227 -3.89847e-05 -0.00308676 -0.000626651 0.217704 0.0634196
0 2.15385e-16 -0.000713374 -0.000188496 -0.0030758 -0.000532599 0.217014 0.0643214
0 2.15385e-16 -0.00223217 -0.000311779 -0.000195641 0.000138895 0.217911 0.0644755
0 2.15385e-16 -0.00480918 -0.000759612 0.000755217 0.000128881 0.214914 0.0635603
0 2.15385e-16 0.00141939 0.000339806 0.00233153 0.000359065 0.216984 0.0628897
0 2.15385e-16 0.000216432 5.89513e-05 0.000227635 0.000114574 0.216222 0.0633026
0 2.15385e-16 0.00422959 0.000772517 -0.000459183 -0.00015013 0.216883 0.0630905
0 2.15385e-16 -0.0029788 -0.000578135 -0.0036916 -0.000490192 0.218445 0.0642256
0 2.15385e-16 0.000307278 1.55874e-05 -0.00138421 -0.000217121 0.216604 0.0631695
0 2.15385e-16 -0.000111819 6.52673e-05 -0.00050681 -2.43873e-05 0.215913 0.0634435
0 2.15385e-16 -0.000880134 -0.000275371 0.000282505 2.54823e-05 0.216495 0.062835
0 2.15385e-16 0.00295183 0.000535214 0.000894406 0.000130114 0.216974 0.0626949
0 2.15385e-16 -0.00225958 -0.000324888 0.0021133 0.000532962 0.217138 0.0635393
0 2.15385e-16 0.000413336 -3.99292e-05 -0.0035367 -0.000497319 0.21794 0.0636853
0 2.15385e-16 -0.00318541 -0.000567965 -0.000368905 -1.47882e-05 0.217852 0.0635521
0 2.15385e-16 0.00173628 0.000324178 -0.000412989 -3.72896e-05 0.217535 0.0638515
0 2.15385e-16 -0.00103516 -0.0001533 1.67494e-05 5.94895e-05 0.215941 0.0633409
0 2.15385e-16 -0.000426349 -0.000161576 -0.000662978 -0.000208811 0.215665 0.0637563
0 2.15385e-16 0.00294076 0.000460958 -0.00234976 -0.000348006 0.216544 0.0634347
0 2.15385e-16 -0.000806534 -0.000252763 0.000437544 0.000116239 0.216908 0.0625885
0 2.15385e-16 -0.00551913 -0.000987508 -0.000930546 -0.00022167 0.216618 0.0636636
0 2.15385e-16 0.000595128 7.78933e-05 -0.000149009 -5.80755e-05 0.216432 0.0630062
0 2.15385e-16 0.000477393 5.68895e-05 0.00201915 0.000416876 0.216995 0.0633724
0 2.15385e-16 -0.00146679 -0.000286707 -0.000625298 -0.000250386 0.21646 0.0628842
0 2.15385e-16 0.000402512 0.000143253 0.00115329 0.000266697 0.216639 0.0632357
0 2.15385e-16 -0.000521689 -0.000147249 -0.00592167 -0.000892859 0.216704 0.0642246
0 2.15385e-16 -3.15107e-05 8.24024e-05 0.000635718 0.000218604 0.217497 0.0632187
0 2.15385e-16 -0.000263025 -8.14221e-05 0.00480495 0.000950474 0.216532 0.0631846
0 2.15385e-16 7.6137e-05 7.4176e-05 0.00147551 0.000180017 0.21576 0.0640263
0 2.15385e-16 0.000782628 0.000205799 -0.000443743 -0.000173622 0.216846 0.0635773
0 2.15385e-16 -0.00166683 -0.000390955 -0.000513891 -0.00012017 0.216666 0.0632153
0 2.15385e-16 0.000572112 5.47771e-05 -0.00132932 -0.000276626 0.215764 0.0630676
0 2.15385e-16 -0.000144283 4.48212e-05 -0.00146359 -0.000399259 0.216717 0.0626294
0 2.15385e-16 0.000494039 -5.802e-05 0.0010786 0.000121489 0.215414 0.0630376
0 2.15385e-16 0.000454644 0.000183317 -0.00237185 -0.000308052 0.217342 0.0636489
0 2.15385e-16 -8.13774e-05 -5.14148e-06 -0.000697769 -0.000203766 0.215428 0.0631605
0 2.15385e-16 0.000759798 0.000237256 0.00312329 0.000501531 0.215871 0.0631758
0 2.15385e-16 -0.00201471 -0.000353594 -0.000758746 -4.65247e-05 0.215612 0.0634415
0 2.15385e-16 0.000621353 0.000171448 0.000367751 -2.7088e-05 0.216843 0.0624488
0 2.15385e-16 0.00105279 0.000362833 0.00164664 0.000232662 0.216989 0.0640603
0 2.15385e-16 -0.000666023 -8.99098e-05 -0.00155018 -0.000286676 0.217173 0.0631799
0 2.15385e-16 0.00223327 0.000243738 -0.00194616 -0.000376089 0.216658 0.0629855
0 2.15385e-16 0.00150951 0.000327873 0.000708759 0.000260453 0.218317 0.0628847
0 2.15385e-16 7.11877e-05 8.87652e-05 -0.000292338 -0.000131433 0.217559 0.0628927
0 2.15385e-16 -0.000654394 -7.95565e-05 -4.68691e-05 6.0175e-06 0.216804 0.063001
0 2.15385e-16 0.000979543 -1.33801e-05 0.0013151 0.000247455 0.217204 0.0636282
0 2.15385e-16 -0.00107479 -0.000116934 5.2882e-06 -0.000106515 0.217331 0.063855
0 2.15385e-16 0.00106529 0.000213286 0.00305369 0.000452135 0.217197 0.0623897
0 2.15385e-16 0.000184032 0.000137037 -0.00214798 -0.000228754 0.217502 0.0631467
0 2.15385e-16 -0.000787079 -7.36976e-05 -0.000411236 -8.95701e-05 0.215108 0.0637638
0 2.15385e-16 0.00157279 0.000180413 0.000773888 0.000232071 0.217038 0.0635899
0 2.15385e-16 0.00101676 0.000164748 -0.000183064 5.61341e-05 0.216518 0.0629693
0 2.15385e-16 7.53324e-05 3.02829e-05 -0.00128384 -0.000151861 0.217088 0.0633976
0 2.15385e-16 -0.000832893 -0.000222815 -0.000575868 -6.62777e-05 0.21693 0.062899
0 2.15385e-16 -0.00136698 -0.000237168 -0.000741232 -9.50914e-05 0.215017 0.0633053
0 2.15385e-16 0.0010396 0.000258034 -0.00043771 -9.83781e-05 0.216692 0.0634435
0 2.15385e-16 -0.000511567 -0.000232644 0.00045027 0.000132122 0.216583 0.062964
0 2.15385e-16 0.00114211 0.000266866 -0.00238519 -0.000463215 0.216778 0.0631395
0 2.15385e-16 -0.00382875 -0.000732514 0.000438194 0.000114502 0.218237 0.0637631
0 2.15385e-16 -0.000187304 5.39395e-05 0.00089942 3.18993e-05 0.216836 0.063294
0 2.15385e-16 0.00190317 0.00040556 0.00132778 0.000183219 0.217236 0.0632689
0 2.15385e-16 0.00185388 0.000236958 -1.16833e-05 -9.07207e-05 0.216578 0.0638304
0 2.15385e-16 -0.000564907 -0.000119888 0.000262549 2.14713e-05 0.217162 0.0632194
0 2.15385e-16 -0.00025503 -0.000179076 0.000732453 5.68128e-05 0.216768 0.0632195
0 2.15385e-16 0.00261665 0.000531144 0.000750946 0.000231875 0.215904 0.0633349
0 2.15385e-16 0.00190819 0.000342038 -0.00189345 -0.000375954 0.216093 0.0630105
0 2.15385e-16 0.00186963 0.000253668 -9.30849e-05 -0.000163735 0.216727 0.0630911
0 2.15385e-16 -0.000677284 -2.9468e-05 -0.00101336 -6.0613e-05 0.216717 0.0633905
0 2.15385e-16 -0.00107815 -0.000109458 -0.00239853 -0.000388559 0.217917 0.06312
0 2.15385e-16 0.00252581 0.000395058 0.000509705 0.000141426 0.216224 0.0633651
0 2.15385e-16 -0.0018254 -0.000363193 -0.000774074 -0.000148891 0.218704 0.0631194
0 2.15385e-16 0.000341606 -3.36236e-05 0.00318611 0.000469977 0.217205 0.0635001
0 2.15385e-16 -0.000292255 -5.2709e-05 0.000326955 -4.36443e-05 0.216189 0.0630873
0 2.15385e-16 0.000703448 0.000208868 -0.000261088 -4.46734e-06 0.216491 0.0629775
0 2.15385e-16 0.00202107 0.00039221 0.00273524 0.000520637 0.21654 0.0628867
0 2.15385e-16 -0.00124291 -0.000255627 0.00256871 0.00051957 0.216943 0.0635689
0 2.15385e-16 0.000981272 5.96563e-05 0.00205086 0.00016718 0.217084 0.0630993
0 2.15385e-16 -0.00335855 -0.00064397 -0.000187507 -0.000141451 0.2181 0.0630335
0 2.15385e-16 0.000641952 5.15499e-05 -0.000951202 -0.000113778 0.216813 0.0635853
0 2.15385e-16 0.00363835 0.000550362 -0.000422766 -0.000142311 0.215401 0.0636633
0 2.15385e-16 0.00064857 0.000175208 0.000762168 -4.71474e-05 0.217167 0.0632783
0 2.15385e-16 0.00257958 0.000439112 -0.000904077 -0.000175379 0.216265 0.0635401
0 2.15385e-16 0.00256188 0.000421095 2.20223e-05 7.57862e-06 0.216726 0.0637281
0 2.15385e-16 -0.00234466 -0.000482052 0.000844388 0.000224261 0.217611 0.0641529
0 2.15385e-16 -0.000755349 -9.31788e-05 -0.00273795 -0.000518637 0.217537 0.0637947
0 2.15385e-16 -0.000379316 -0.000129139 -0.00171433 -0.000411401 0.216534 0.0634322
0 2.15385e-16 -0.000773454 -0.000121323 -0.00226991 -0.000345782 0.217025 0.0632203
0 2.15385e-16 -6.30688e-05 1.36923e-05 -0.00327678 -0.000444879 0.21769 0.064146
0 2.15385e-16 0.00104756 0.000291518 0.00191634 0.000359482 0.216008 0.063155
0 2.15385e-16 -0.00206109 -0.00029512 0.000682012 2.89414e-05 0.21687 0.0634124
0 2.15385e-16 0.000902476 0.000203947 -0.000838721 -0.000152254 0.216304 0.063741
0 2.15385e-16 6.32633e-05 6.08671e-05 0.00216052 0.00044442 0.217594 0.0637081
0 2.15385e-16 0.00147802 0.000106732 0.000396023 4.00611e-05 0.217013 0.0633378
0 2.15385e-16 -0.000108124 1.62651e-05 -0.00143095 -0.00022594 0.215901 0.0633723
0 2.15385e-16 0.000898965 0.000115016 0.000687378 0.00020519 0.216423 0.0638104
0 2.15385e-16 0.000273394 -0.000116987 -0.000530477 -0.000129086 0.217504 0.0626535
0 2.15385e-16 -9.9359e-05 -1.74188e-05 0.00106547 0.000237148 0.215765 0.0636578
0 2.15385e-16 -0.000703876 -1.43158e-05 0.000537921 0.000168193 0.217632 0.0634642
0 2.15385e-16 -0.000733948 -3.82697e-05 0.000665484 0.000124189 0.21613 0.0632546
0 2.15385e-16 0.000698265 0.000290524 -0.00132074 -0.000179057 0.216342 0.0633357
0 2.15385e-16 0.00192831 0.000334132 0.000640526 8.5692e-05 0.217272 0.0631525
0 2.15385e-16 -0.00230942 -0.000377254 0.00279149 0.000321467 0.21568 0.0632913
0 2.15385e-16 0.00024629 -1.52133e-05 0.000242643 2.09257e-05 0.215645 0.0628471
0 2.15385e-16 -0.000624894 -0.000158914 -0.000807818 -0.000102698 0.217143 0.0626682
0 2.15385e-16 0.0016876 0.000203964 -0.00122082 -6.31448e-05 0.216107 0.0642245
0 2.15385e-16 0.000788374 6.43927e-05 -0.00303447 -0.000545468 0.217527 0.063879
0 2.15385e-16 0.00236828 0.00045808 0.00120398 0.000212254 0.216952 0.0633687
0 2.15385e-16 -0.000443686 -8.78856e-06 0.00215759 0.000276561 0.216316 0.0638006
0 2.15385e-16 -0.000487699 -8.98274e-05 -0.0015826 -0.000307971 0.216875 0.0626918
0 2.15385e-16 -0.00241025 -0.000464113 -0.000261707 -8.1664e-05 0.217556 0.063306
0 2.15385e-16 2.69586e-05 -0.000148774 -0.000188804 -0.000167117 0.216627 0.0625862
0 2.15385e-16 0.00144986 0.000188657 -0.00178267 -0.000297922 0.216106 0.0632399
0 2.15385e-16 -0.0014155 -0.000138168 0.00156651 0.000243384 0.216443 0.0636759
0 2.15385e-16 0.00393348 0.000797543 -0.00444451 -0.000619245 0.217094 0.0636135
0 2.15385e-16 0.00405215 0.000649752 0.000377348 -6.58581e-05 0.216566 0.0642375
0 2.15385e-16 0.00131605 0.00010683 0.0038942 0.000616183 0.218341 0.063977
0 2.15385e-16 0.000598795 9.0937e-05 -0.00214107 -0.000455829 0.216761 0.0632625
0 2.15385e-16 0.000920048 0.000187618 -0.001016 -0.000152608 0.215319 0.064103
0 2.15385e-16 -0.00311106 -0.000397266 -0.00109881 -0.000173876 0.217124 0.0634102
0 2.15385e-16 -0.00118035 -0.000191903 0.00134987 0.000183388 0.216319 0.062967
0 2.15385e-16 -0.000605499 -1.99757e-05 0.00150913 0.000340917 0.216108 0.0628406
0 2.15385e-16 -0.00116406 -0.000113477 -0.000285288 -9.99473e-05 0.21715 0.0631495
0 2.15385e-16 0.00122022 0.000289026 -0.000958915 -3.11264e-05 0.21769 0.0638299
0 2.15385e-16 0.00216309 0.000430746 -0.0014805 -0.000226198 0.215886 0.0643953
0 2.15385e-16 0.0019944 0.000252395 0.000785797 0.000110075 0.216338 0.0632994
0 2.15385e-16 -0.0047896 -0.000733439 -0.00179183 -0.00040484 0.216436 0.0642632
0 2.15385e-16 -0.000259575 -0.000159906 0.00273109 0.000431262 0.216991 0.063643
0 2.15385e-16 0.000885673 0.000109433 0.00128688 0.000294868 0.215948 0.0633889
0 2.15385e-16 -0.000395756 -0.00013519 -0.000416786 2.50987e-05 0.216809 0.063465
0 2.15385e-16 0.000799008 0.000117798 0.00284893 0.000463502 0.216593 0.0634794
0 2.15385e-16 0.00107794 0.000309026 -0.00227423 -0.000432525 0.216545 0.062899
0 2.15385e-16 -0.00134141 -0.000169617 0.00237979 0.000362526 0.215754 0.063085
0 2.15385e-16 -0.000191334 -5.91844e-05 0.00314309 0.000390779 0.216802 0.0638316
0 2.15385e-16 -0.00116075 -2.67046e-05 0.00403007 0.000543075 0.216977 0.0631945
0 2.15385e-16 -0.00139985 -0.000203694 0.00130253 0.000179692 0.216476 0.0635711
0 2.15385e-16 -0.000403698 -6.30769e-05 -0.00106944 -0.000298426 0.214998 0.0636047
0 2.15385e-16 0.000824026 0.000257064 -0.000506332 -4.66934e-05 0.217152 0.0634209
0 2.15385e-16 -0.00170628 -0.000391977 -0.00286287 -0.000570079 0.218262 0.0632479
0 2.15385e-16 0.000648244 0.000158453 -0.00293404 -0.000596991 0.218096 0.0634773
0 2.15385e-16 -0.00169322 -0.000180555 0.00116685 0.000117706 0.217422 0.0634935
0 2.15385e-16 -0.00239658 -0.00032644 0.000651563 0.000149358 0.217757 0.0625831
0 2.15385e-16 -0.00199757 -0.000270821 0.000384248 8.40486e-05 0.21658 0.063251
0 2.15385e-16 -0.00389498 -0.000656938 -0.000976966 -0.000374897 0.216756 0.0638083
0 2.15385e-16 -0.000568835 -1.9936e-05 -0.00259071 -0.000416949 0.216998 0.0637345
0 2.15385e-16 -0.000813035 -0.000222765 -0.000117695 5.21711e-05 0.216606 0.0638823
0 2.15385e-16 -0.00200933 -0.000323578 0.00215931 0.000411808 0.217989 0.0625618
0 2.15385e-16 -0.000638412 -0.000106574 -0.00239779 -0.000376907 0.217037 0.063648
0 2.15385e-16 0.0021036 0.000542874 0.00309458 0.000610615 0.217325 0.0631548
0 2.15385e-16 0.00188986 0.000308708 0.00334705 0.000619886 0.217275 0.0634702
0 2.15385e-16 0.000962977 0.00031955 0.00413019 0.000627578 0.21791 0.0637446
0 2.15385e-16 0.000320029 -6.20005e-05 -0.00231667 -0.000308769 0.216465 0.0637808
0 2.15385e-16 -0.000890036 -6.82434e-05 -0.000882469 -4.88547e-05 0.217599 0.0634118
0 2.15385e-16 0.00113456 0.000269555 0.00035165 -1.02296e-05 0.216808 0.0630507
0 2.15385e-16 0.000409559 -1.48713e-06 0.000889335 0.000162268 0.217145 0.0634593
0 2.15385e-16 -0.00293304 -0.000426102 0.00400683 0.000647315 0.217653 0.0631324
0 2.15385e-16 0.000176667 1.93802e-05 0.0007173 5.18867e-05 0.217184 0.0631018
0 2.15385e-16 0.00191436 0.000255663 0.00142598 0.000285418 0.216819 0.063449
0 2.15385e-16 0.000817582 0.000242202 0.00116716 0.000184587 0.216882 0.0628475
0 2.15385e-16 -0.00167096 -0.000223225 -0.000696496 -0.000145275 0.21654 0.064074
0 2.15385e-16 0.00037645 -3.5913e-05 -0.00266618 -0.000481071 0.216851 0.0632724
0 2.15385e-16 0.001576 0.0001962 -0.00194733 -0.000337197 0.217615 0.0635457
0 2.15385e-16 0.0020027 0.000334453 0.000889077 0.000201314 0.216108 0.0626057
0 2.15385e-16 -0.00149525 -0.000224831 -0.000377511 -7.21119e-05 0.215063 0.0635795
0 2.15385e-16 0.000987962 0.000197802 0.000446715 0.000108956 0.216664 0.0626224
0 2.15385e-16 0.000774819 0.000136007 -0.00262863 -0.000524853 0.217654 0.0627394
0 2.15385e-16 0.00141182 0.000213647 0.000926228 2.5878e-05 0.215518 0.0636406
0 2.15385e-16 -0.00256694 -0.000458854 0.000735148 9.37086e-05 0.216758 0.0641181
0 2.15385e-16 -0.000336684 -6.36045e-05 0.00135845 0.000266115 0.216999 0.0630066
0 2.15385e-16 -0.000840829 -0.000294108 -0.00142312 -0.000347707 0.216382 0.0638796
0 2.15385e-16 -0.00224627 -0.000289436 -0.000522763 -0.00027396 0.217285 0.0628894
0 2.15385e-16 0.00172563 0.000267385 -0.00165343 -0.000252612 0.217781 0.0637028
0 2.15385e-16 -0.0010146 -0.000292867 -0.00136013 -0.000208166 0.216896 0.0634448
0 2.15385e-16 0.000758872 0.000131866 0.000320552 3.76783e-05 0.217475 0.0628255
0 2.15385e-16 -0.000972213 -0.000259839 0.00197618 0.000389638 0.217162 0.0630165
0 2.15385e-16 0.00133476 0.000193792 -0.00253632 -0.000379547 0.217112 0.0628245
0 2.15385e-16 -0.00219599 -0.000525671 -0.00155092 -0.000295414 0.216984 0.0639547
0 2.15385e-16 0.00168808 0.000409214 0.00167463 0.00026633 0.21647 0.0631512
0 2.15385e-16 0.00172941 0.000239616 0.00340439 0.000367957 0.216843 0.0637225
0 2.15385e-16 0.00222579 0.000275011 0.00295682 0.000615371 0.217654 0.0628572
0 2.15385e-16 -0.00434827 -0.000696117 -0.00031191 -2.87164e-05 0.217748 0.0637063
0 2.15385e-16 -0.00118035 -6.35175e-05 -0.00247559 -0.00041021 0.216973 0.0637785
0 2.15385e-16 -5.02511e-05 2.76844e-05 -0.00272896 -0.000441321 0.218364 0.0632975
0 2.15385e-16 0.00257715 0.000475365 0.000143206 -5.38319e-05 0.217124 0.0633476
0 2.15385e-16 -9.14263e-05 6.188e-05 0.000697312 0.000170223 0.217531 0.0634257
0 2.15385e-16 0.00094564 0.00012313 0.000297769 7.34729e-05 0.217059 0.0634556
0 2.15385e-16 -0.0026539 -0.000388339 0.00275612 0.000477083 0.215286 0.0635993
0 2.15385e-16 -0.00333949 -0.000564628 0.000344335 -7.25361e-06 0.216993 0.0636477
0 2.15385e-16 -0.00177049 -0.000361641 -0.00353636 -0.000686763 0.217556 0.0639449
0 2.15385e-16 -0.00197769 -0.000397537 -0.000658214 -8.6288e-05 0.216403 0.0634394
0 2.15385e-16 0.000362536 3.69218e-05 -0.00133148 -0.000108782 0.21674 0.0630516
0 2.15385e-16 0.00208929 0.000333418 0.00259632 0.000533511 0.21722 0.0631222
0 2.15385e-16 0.000534805 4.26355e-05 -0.00133122 -0.000185045 0.216958 0.0627292
0 2.15385e-16 0.00106262 0.00017818 0.00050311 0.000216065 0.21614 0.0634397
0 2.15385e-16 -0.00046769 -1.43357e-05 -0.000238785 -4.22252e-05 0.216101 0.0642571
0 2.15385e-16 0.00110971 0.000246382 -0.00281678 -0.000366121 0.21724 0.0642422
0 2.15385e-16 0.000915655 8.6193e-05 -0.00024552 -7.78577e-05 0.215802 0.0632206
0 2.15385e-16 0.00463911 0.000801683 -2.59822e-05 -6.93301e-05 0.217046 0.0632992
0 2.15385e-16 -0.00267561 -0.000466518 0.0025011 0.000491 0.217139 0.062887
0 2.15385e-16 -0.000224249 3.92736e-05 0.000510624 0.000161385 0.215575 0.0632119
0 2.15385e-16 0.00148904 0.000263233 0.0017844 0.000241582 0.217629 0.0633284
0 2.15385e-16 0.00316953 0.000643667 -0.00390784 -0.000666518 0.217643 0.0630785
0 2.15385e-16 0.0022693 0.000440235 -0.00245213 -0.00043129 0.216017 0.0630392
0 2.15385e-16 -0.00112692 -0.000215984 0.00065462 4.2662e-05 0.216707 0.0637298
0 2.15385e-16 -0.00127233 -0.000258746 -0.00252232 -0.000505374 0.218104 0.0637634
0 2.15385e-16 -0.00461368 -0.00087604 0.0016404 0.000209815 0.216347 0.0629383
0 2.15385e-16 -0.00232887 -0.000550933 -6.32305e-06 9.20275e-05 0.217654 0.062378
0 2.15385e-16 0.00344767 0.000610838 0.00081608 0.000310777 0.217109 0.0622356
0 2.15385e-16 -0.00103712 -0.000236763 0.00129299 0.000227698 0.215873 0.0626288
0 2.15385e-16 -0.00102589 -0.000164623 -0.00407022 -0.000751504 0.216936 0.0639526
0 2.15385e-16 -0.00255934 -0.000417488 -0.00253269 -0.000543738 0.218107 0.0641301
0 2.15385e-16 0.00213483 0.000281445 0.000855467 0.000274024 0.216611 0.0623693
0 2.15385e-16 0.00231629 0.000304567 0.000359477 3.90109e-05 0.216983 0.0631906
0 2.15385e-16 -0.000353234 -0.000167707 0.00190749 0.000346345 0.21624 0.0627699
0 2.15385e-16 -0.00212973 -0.000274234 -0.00185113 -0.000338427 0.21761 0.0634551
0 2.15385e-16 -0.00290712 -0.000564168 0.00211229 0.000459005 0.215697 0.0631257
0 2.15385e-16 -0.000857118 -0.000140874 -0.0013159 -0.000170149 0.216537 0.0634178
0 2.15385e-16 -0.000837537 -0.000204853 1.39628e-05 -0.000113572 0.216988 0.0636695
0 2.15385e-16 -0.00057495 -0.000122991 0.000197385 4.37161e-05 0.216869 0.0632569
0 2.15385e-16 -0.00345216 -0.000542894 0.00107294 0.000202842 0.218057 0.0633043
0 2.15385e-16 0.0039129 0.000725671 0.00111022 0.00034611 0.216182 0.0629699
0 2.15385e-16 -0.0024818 -0.000360838 -0.00286425 -0.000406871 0.218187 0.0644561
0 2.15385e-16 0.000791127 0.000118709 0.000215011 -2.74227e-05 0.21734 0.0632144
0 2.15385e-16 -0.00181922 -0.000312992 0.000506178 5.36231e-05 0.216392 0.063961
0 2.15385e-16 -0.000451876 4.05872e-05 0.00279311 0.00039668 0.216298 0.0635902
0 2.15385e-16 -0.00267792 -0.000336756 4.68708e-05 -5.10342e-05 0.218025 0.063539
0 2.15385e-16 -0.00220563 -0.000354488 -0.00310219 -0.000537864 0.217261 0.0637217
0 2.15385e-16 0.00127044 0.000179914 0.000522539 -2.80039e-05 0.215366 0.0634263
0 2.15385e-16 0.00380367 0.000680426 -0.00129855 -0.000162294 0.216362 0.0633453
0 2.15385e-16 8.25387e-05 -3.79104e-05 0.0013305 9.96298e-05 0.216248 0.0631323
0 2.15385e-16 -0.000217189 3.89734e-05 0.00287063 0.000499607 0.216767 0.0631895
0 2.15385e-16 0.00263375 0.000493713 0.00258134 0.000495385 0.216966 0.062113
0 2.15385e-16 0.00166475 0.000376072 0.0038398 0.000603133 0.216533 0.0635086
0 2.15385e-16 -0.00123112 -0.000304366 0.000204776 -6.70916e-06 0.214805 0.0634542
0 2.15385e-16 0.00128209 0.000333617 0.00288066 0.000452308 0.216424 0.0626678
0 2.15385e-16 -0.000589701 -0.000113779 1.77853e-05 -1.35629e-05 0.214309 0.0639124
0 2.15385e-16 0.00068334 7.81275e-05 0.000475512 3.96601e-05 0.215506 0.063495
0 2.15385e-16 0.00341848 0.000596924 0.00160597 0.000379098 0.216743 0.0638661
0 2.15385e-16 -0.000465714 -0.000205237 -0.000954755 -0.00012278 0.21777 0.0634477
0 2.15385e-16 0.00192751 0.00039027 -0.00265802 -0.000436095 0.216163 0.0636472
0 2.15385e-16 0.000509894 4.46771e-05 0.000404286 6.19728e-05 0.216646 0.0634248
0 2.15385e-16 0.00356336 0.000452515 0.00176158 0.000238265 0.216754 0.0634178
0 2.15385e-16 0.00317165 0.000379544 -0.00191946 -0.000236987 0.216642 0.0633805
0 2.15385e-16 0.00187807 0.000310604 -0.00177617 -0.000246836 0.216773 0.0632166
0 2.15385e-16 -0.000566633 -0.000193407 -3.89602e-05 -2.69671e-05 0.217464 0.0628808
0 2.15385e-16 0.00175503 5.71982e-05 -0.00247002 -0.000284805 0.217131 0.0626035
0 2.15385e-16 -0.00200533 -0.000482237 0.000801318 3.62665e-05 0.217805 0.0638909
0 2.15385e-16 9.65243e-06 -8.11974e-05 0.00373941 0.000691988 0.216655 0.0633442
0 2.15385e-16 -0.000600095 -6.45707e-05 -0.00187689 -0.000194622 0.216639 0.0642868
0 2.15385e-16 0.000837259 0.000227414 -0.00250816 -0.000503658 0.216858 0.0636983
0 2.15385e-16 0.00230667 0.000361504 -1.09063e-05 -8.16969e-05 0.217861 0.0636363
0 2.15385e-16 -0.00130216 -0.000340032 0.000818252 0.000104925 0.214255 0.0639745
0 2.15385e-16 0.00100928 0.000166612 -0.00379803 -0.000619274 0.217709 0.0639927
0 2.15385e-16 0.000288346 0.000168641 -0.000752594 -0.000259511 0.216396 0.063407
0 2.15385e-16 0.000432331 -2.81682e-05 0.00381608 0.000735611 0.217225 0.0630223
0 2.15385e-16 -0.000294972 0.000106535 0.000478368 5.53511e-05 0.21597 0.0635453
0 2.15385e-16 0.000173285 5.31416e-05 0.00116163 6.20189e-05 0.215046 0.0632851
0 2.15385e-16 0.00159664 0.000248726 0.00244953 0.000317382 0.216791 0.0632984
0 2.15385e-16 0.00083217 0.000117663 -0.00220374 -0.000254187 0.217008 0.0633521
0 2.15385e-16 -0.000467949 -9.69768e-05 -0.00195469 -0.00027431 0.216763 0.062188
0 2.15385e-16 0.00253913 0.000205751 0.000574448 0.000116692 0.215871 0.0640105
0 2.15385e-16 0.00145839 0.000385457 0.00238387 0.000476104 0.216663 0.063772
0 2.15385e-16 0.00143884 0.000240951 -0.00140683 -0.000276466 0.216615 0.0640227
0 2.15385e-16 -0.000381061 9.63867e-06 0.000902218 7.87453e-05 0.215622 0.0637712
0 2.15385e-16 -0.00076685 -0.000169621 -0.000429597 -5.21081e-05 0.217136 0.0626275
0 2.15385e-16 0.000483622 0.000109546 0.000670236 0.00017772 0.217431 0.0631753
0 2.15385e-16 0.00029742 0.000199792 0.00324387 0.00044211 0.215775 0.0630036
0 2.15385e-16 -0.00117878 -9.90774e-05 -0.00140449 -0.000339531 0.216738 0.0639697
0 2.15385e-16 -0.00101998 -9.27342e-05 -0.0004033 7.34824e-05 0.217269 0.0636254
0 2.15385e-16 0.000600751 1.05661e-05 0.00246434 0.000432775 0.216671 0.0630882
0 2.15385e-16 -0.00105295 -0.000128888 -0.000542129 0.000104978 0.216971 0.064044
0 2.15385e-16 -0.00232166 -0.000357084 0.00102803 0.000115735 0.215521 0.0636167
0 2.15385e-16 -0.00216614 -0.000491436 -0.00256299 -0.000477679 0.217187 0.0641566
0 2.15385e-16 -0.00296608 -0.000578936 0.000444682 -2.41328e-06 0.216776 0.063165
0 2.15385e-16 0.000451512 8.33864e-05 0.000396765 1.71068e-05 0.216427 0.063308
0 2.15385e-16 0.0022881 0.000275573 0.00157322 0.000116251 0.216652 0.063038
0 2.15385e-16 -0.000214295 -2.82465e-05 0.00510595 0.000943075 0.215502 0.062555
0 2.15385e-16 0.000694878 0.000108087 -0.000249807 -6.44799e-05 0.217247 0.0637164
0 2.15385e-16 0.00261406 0.000449155 -0.00536723 -0.000856991 0.216731 0.0641893
0 2.15385e-16 0.0047467 0.000977391 0.002585 0.000364768 0.217125 0.0637654
0 2.15385e-16 -0.00408759 -0.000647403 0.000285532 -9.44033e-05 0.216564 0.063393
0 2.15385e-16 -0.00160795 -0.000282333 -7.38417e-05 -2.99622e-05 0.217159 0.0634103
0 2.15385e-16 -0.000499461 -4.74704e-05 -0.00127876 -0.000193765 0.21716 0.0631682
0 2.15385e-16 0.000745315 0.000124942 0.00259051 0.000525067 0.216808 0.0637192
0 2.15385e-16 -0.000241857 -9.4545e-05 0.00236308 0.000405595 0.216163 0.0636871
0 2.15385e-16 0.00264052 0.000427321 -0.000231534 2.62375e-05 0.216215 0.0632774
0 2.15385e-16 -0.00173007 -0.000259131 -0.00238036 -0.000366545 0.217214 0.0637241
0 2.15385e-16 0.0015523 0.000328314 0.00166572 0.000194689 0.21729 0.0626316
0 2.15385e-16 -0.00382056 -0.000654313 0.000141744 0.000143249 0.216901 0.0632392
0 2.15385e-16 -0.000333212 -0.000136953 0.00260177 0.000413615 0.216782 0.0632943
0 2.15385e-16 -0.00193579 -0.000459951 0.000874865 0.000119122 0.216836 0.0628819
0 2.15385e-16 0.00143108 0.000265591 0.000715992 0.000105869 0.215593 0.0633789
0 2.15385e-16 0.00130448 0.000183821 -0.00168514 -0.000270947 0.216064 0.0631308
0 2.15385e-16 -0.000954719 -0.000174936 -0.00196347 -0.000261771 0.218529 0.0635103
0 2.15385e-16 -0.000399909 -6.54519e-05 -0.00121601 -5.64725e-05 0.217352 0.0635035
0 2.15385e-16 -0.00169648 -0.000361598 0.00174116 0.000324107 0.216576 0.0630963
0 2.15385e-16 -0.000211052 7.44347e-05 -0.000829382 -0.000179899 0.217766 0.0624987
0 2.15385e-16 0.000315807 0.000111618 -0.00129141 -0.000150261 0.216638 0.0630703
0 2.15385e-16 0.00408464 0.000649669 0.00211293 0.000371256 0.216713 0.0629697
0 2.15385e-16 -0.0016383 -0.000326271 0.00144079 0.000313231 0.21748 0.0634609
0 2.15385e-16 0.00144312 0.000144667 -0.00319441 -0.000604823 0.216539 0.0628714
0 2.15385e-16 0.000128254 -8.60326e-05 -0.000551956 -0.0001294 0.218677 0.0630086
0 2.15385e-16 -0.00166183 -0.000135023 -0.00161225 -0.000253722 0.218373 0.063705
0 2.15385e-16 -8.18243e-05 6.63464e-05 -0.00237555 -0.000439364 0.217242 0.0635713
0 2.15385e-16 0.00310479 0.000547174 0.000378575 0.000123576 0.215934 0.0639269
0 2.15385e-16 -0.000799672 -0.000162156 0.00307728 0.000543478 0.216778 0.0632926
0 2.15385e-16 -0.00130948 -0.000285517 -0.000213285 1.78171e-06 0.216377 0.0638766
0 2.15385e-16 0.00328768 0.000581738 -0.00115869 -0.000275049 0.216608 0.0637656
0 2.15385e-16 -0.000206216 -4.20713e-05 0.00175452 0.000182211 0.217355 0.0633719
0 2.15385e-16 -0.00103706 -0.000119541 -0.0012751 -0.000131766 0.216973 0.0631895
0 2.15385e-16 -0.00141486 -0.000272537 1.9181e-05 5.36702e-05 0.217536 0.0639139
0 2.15385e-16 0.00285098 0.000427996 0.0022785 0.000295403 0.217612 0.064381
0 2.15385e-16 -0.000216948 -5.66842e-07 -0.00222278 -0.0003878 0.217855 0.0634589
0 2.15385e-16 0.000147815 4.45858e-05 0.00431375 0.000767031 0.216994 0.0636753
0 2.15385e-16 -0.00100896 -0.000152406 -0.00351036 -0.000597824 0.217469 0.0631751
0 2.15385e-16 -0.000279779 -1.67066e-05 -0.00249575 -0.000510854 0.216404 0.0637079
0 2.15385e-16 0.00222266 0.00042237 -0.000628102 2.35285e-05 0.217055 0.0632238
0 2.15385e-16 -0.00179747 -0.000425183 0.000446785 0.000166137 0.21712 0.0631878
0 2.15385e-16 0.00313295 0.000603169 -0.00173079 -0.000258685 0.217023 0.0638466
0 2.15385e-16 -1.87259e-05 3.95391e-05 -0.000817918 -2.28478e-06 0.216894 0.0629443
0 2.15385e-16 -0.00300737 -0.000435856 0.00309655 0.000510357 0.217342 0.0634406
0 2.15385e-16 -0.000102139 3.34709e-05 -0.00188584 -0.000188785 0.216923 0.0632848
0 2.15385e-16 0.00101738 0.000145851 -0.000944955 -7.01868e-05 0.216329 0.0632257
0 2.15385e-16 -0.00337155 -0.000502274 -0.000639444 -0.000103726 0.217266 0.0633283
0 2.15385e-16 0.00185938 0.000301543 0.00273406 0.000501727 0.21699 0.0636097
0 2.15385e-16 0.000934143 0.000186926 -0.001083 -0.000202794 0.217585 0.0632852
0 2.15385e-16 -0.00159794 -0.000272961 0.00297375 0.000439286 0.216329 0.0636238
0 2.15385e-16 -0.000784779 -0.00010339 -0.000783951 -0.000142048 0.217272 0.0631928
0 2.15385e-16 0.000621645 1.75726e-05 0.00131854 0.000155836 0.216348 0.0629072
0 2.15385e-16 -0.00112423 -0.000100882 -0.00175865 -0.000255141 0.215802 0.063518
0 2.15385e-16 -0.00255683 -0.000417729 -0.00203154 -0.000369483 0.217954 0.0637376
0 2.15385e-16 -0.00155789 -0.000309831 -0.00105089 -0.000238066 0.217164 0.063196
0 2.15385e-16 0.00103531 0.000206593 0.00161228 0.000325888 0.217585 0.0634798
0 2.15385e-16 -0.000565235 -2.77427e-05 0.00021498 8.49071e-05 0.216347 0.0635727
0 2.15385e-16 0.000381515 0.000100868 0.0033471 0.000496667 0.217972 0.0631071
0 2.15385e-16 -0.000697628 -0.000191661 -0.000935673 -0.00031063 0.216436 0.0628209
0 2.15385e-16 0.000534872 5.72579e-05 -0.000884127 -6.85708e-06 0.21726 0.0630271
0 2.15385e-16 -0.000905671 -0.000147604 -0.00146152 -0.00014156 0.217424 0.063508
0 2.15385e-16 0.00366156 0.000585304 0.000747817 1.68181e-05 0.216212 0.0641585
0 2.15385e-16 0.00131849 0.000167797 -0.000785282 -0.000212746 0.2157 0.0634016
0 2.15385e-16 0.00156034 0.000167178 0.000364625 8.9947e-05 0.216203 0.0629791
0 2.15385e-16 -0.00246609 -0.000370801 -0.00268297 -0.000386354 0.217838 0.0634054
0 2.15385e-16 -0.00146351 -0.00025369 -0.000988079 -0.000157126 0.217989 0.0639021
0 2.15385e-16 -8.48829e-06 -8.4823e-06 -0.00291998 -0.000358077 0.216371 0.0638528
0 2.15385e-16 0.00182187 0.000341108 -0.00339194 -0.000509251 0.217721 0.0640642
0 2.15385e-16 -0.00113605 -0.000172419 0.000812942 7.56745e-05 0.217289 0.0625216
0 2.15385e-16 -0.000691812 -0.000198276 0.000166854 0.000143043 0.215715 0.0637317
0 2.15385e-16 -0.000793132 -0.000151536 0.00271033 0.000402189 0.216556 0.0634325
0 2.15385e-16 0.000419497 2.75073e-05 -0.00134296 -7.13239e-05 0.216566 0.0637883
0 2.15385e-16 0.000104114 -1.64744e-06 -0.001806 -0.000229278 0.216788 0.0627226
0 2.15385e-16 -0.00209473 -0.000391947 0.00177618 0.000248515 0.216788 0.0631316
0 2.15385e-16 -0.000394073 2.36254e-05 0.000668275 0.000139318 0.217117 0.0642002
0 2.15385e-16 -0.00137041 -0.000317933 0.00250051 0.000410067 0.216525 0.0630178
0 2.15385e-16 -0.00191804 -0.000424709 -0.00107907 -0.000192754 0.217587 0.0629525
0 2.15385e-16 -0.00216724 -0.000340494 -0.00157099 -0.000246459 0.217423 0.0633818
0 2.15385e-16 -0.00224577 -0.000374629 -0.00315037 -0.000676457 0.21848 0.0637449
0 2.15385e-16 -0.000511199 -0.000159121 0.00227667 0.000293781 0.216362 0.0628233
0 2.15385e-16 0.00195521 0.00035902 -0.000746019 -0.000101559 0.21648 0.0639016
0 2.15385e-16 0.00326506 0.000535498 -0.00100128 -9.60504e-06 0.216152 0.0638447
0 2.15385e-16 0.00137224 0.000358183 -0.000132197 -0.000105728 0.216588 0.063044
0 2.15385e-16 -0.00233562 -0.000333694 -0.00187065 -0.000234453 0.217369 0.0635773
0 2.15385e-16 -0.00188203 -0.00022338 -0.00201642 -0.000339904 0.216962 0.0633988
0 2.15385e-16 0.000962132 0.00021494 0.000358719 0.000118823 0.217159 0.0634778
0 2.15385e-16 1.21014e-05 -1.22305e-05 0.00229171 0.000335528 0.216581 0.0631791
0 2.15385e-16 0.000797455 0.000148238 0.00393838 0.000542551 0.216779 0.0626749
0 2.15385e-16 -0.00168809 -0.000343994 -0.00143155 -0.000382871 0.215698 0.0629632
0 2.15385e-16 -0.00192338 -0.00032886 -0.00567984 -0.000969185 0.21782 0.0636009
0 2.15385e-16 -0.00323894 -0.000558778 0.000645419 0.000148473 0.217864 0.063427
0 2.15385e-16 0.00140314 0.000248947 -0.000347072 -8.20095e-05 0.216676 0.0626602
0 2.15385e-16 0.00177582 0.000363311 0.00174691 0.000230498 0.217927 0.0631819
0 2.15385e-16 0.00245335 0.000384165 -0.00121307 -0.000115051 0.217444 0.0636003
0 2.15385e-16 0.0023674 0.000465553 0.0024276 0.000490516 0.216639 0.0632799
0 2.15385e-16 -0.00231182 -0.000448237 -0.000601356 -7.30998e-05 0.216943 0.0634484
0 2.15385e-16 0.00382701 0.000722265 -0.00242345 -0.000433059 0.217567 0.0630199
0 2.15385e-16 -0.000616841 -0.000107218 0.000257961 6.81792e-05 0.216484 0.0636117
0 2.15385e-16 -0.00239123 -0.000530794 -0.00129659 -0.000300203 0.217894 0.0626714
0 2.15385e-16 0.00135271 0.000271621 3.71593e-05 -6.64701e-05 0.214969 0.0634626
0 2.15385e-16 -0.00144156 -0.000375374 -0.00063741 -0.000134094 0.216406 0.0634694
0 2.15385e-16 0.00100222 0.000225543 -0.000524331 -0.000121439 0.217544 0.0632125
0 2.15385e-16 0.000315285 -6.02286e-05 -0.00155869 -0.00015181 0.21746 0.0627178
0 2.15385e-16 0.00241166 0.000357558 -0.00253616 -0.000548171 0.216907 0.063661
0 2.15385e-16 -0.00320826 -0.000532679 -0.00146994 -0.000303885 0.217573 0.0634011
0 2.15385e-16 -0.00134214 -0.000223482 0.00201825 0.00041457 0.215018 0.0635621
0 2.15385e-16 -0.000173765 4.2478e-05 -0.00106185 -0.000197488 0.217474 0.0633693
0 2.15385e-16 0.00099968 0.00018623 0.0047102 0.000887444 0.217018 0.063314
0 2.15385e-16 0.00168393 0.000151607 -0.000271631 -1.23311e-05 0.217313 0.063722
0 2.15385e-16 0.00132738 0.000366122 0.00257358 0.000454312 0.217043 0.0635751
0 2.15385e-16 -0.00163693 -0.000350029 0.000265517 1.13477e-05 0.217786 0.0630498
0 2.15385e-16 0.00108963 0.000217737 0.00209673 0.000399216 0.216311 0.0635171
0 2.15385e-16 -0.000344732 0.000111761 -0.00140983 -0.000261732 0.216966 0.0635824
0 2.15385e-16 0.0040514 0.000654115 -0.00271551 -0.000428001 0.217138 0.0633511
0 2.15385e-16 0.00100318 0.000167741 8.07356e-05 5.88993e-05 0.216534 0.063251
0 2.15385e-16 0.000410047 4.84339e-05 0.00235725 0.000210894 0.216724 0.0625195
0 2.15385e-16 -0.000660483 -9.45378e-05 -0.00119159 -0.000115538 0.217971 0.0629939
0 2.15385e-16 0.000993383 0.000250961 -0.000677415 -0.000108174 0.216814 0.0631169
0 2.15385e-16 -0.00198385 -0.000390548 0.000970654 3.40933e-05 0.216966 0.0633475
0 2.15385e-16 -0.00193075 -0.000397173 3.66554e-05 6.97048e-05 0.217714 0.0636332
0 2.15385e-16 0.0023987 0.000363126 0.00042825 0.000154518 0.216191 0.0634859
0 2.15385e-16 -0.00198614 -0.000268293 -0.00202018 -0.000392635 0.217795 0.0644744
0 2.15385e-16 -0.000134984 -2.66494e-05 0.00119766 0.000254686 0.21603 0.0636247
0 2.15385e-16 -0.00275242 -0.000407058 -0.000170808 0.000144174 0.217479 0.0643428
0 2.15385e-16 -0.00025158 -7.74977e-05 -0.00146539 -0.000460234 0.216374 0.0634298
0 2.15385e-16 -0.000620425 -0.000109591 0.00043483 9.78939e-05 0.215959 0.0631655
0 2.15385e-16 2.52664e-05 2.19954e-05 -0.00120694 -0.00019042 0.218021 0.0634777
0 2.15385e-16 -0.00065604 -0.000208701 -0.000903831 -0.000103845 0.215827 0.0633988
0 2.15385e-16 -0.00336288 -0.000513052 0.000281928 2.07705e-05 0.217551 0.0636503
0 2.15385e-16 -0.00100593 -0.000152706 1.71855e-06 3.46148e-05 0.217448 0.0635099
0 2.15385e-16 -0.000101774 -9.12425e-05 0.000740715 7.92119e-05 0.216131 0.062983
0 2.15385e-16 -0.00294333 -0.000515882 -0.00130507 -0.000175478 0.217104 0.0643773
0 2.15385e-16 0.000255642 0.000118953 -0.00377452 -0.000505486 0.218941 0.0639824
0 2.15385e-16 -0.000571382 -2.48368e-05 0.00102756 0.000150126 0.215772 0.0628362
0 2.15385e-16 0.00121347 0.000206077 -0.000630789 -3.47843e-05 0.217502 0.0638976
0 2.15385e-16 -0.00282474 -0.000378896 0.00355498 0.000578165 0.21677 0.0636391
0 2.15385e-16 -5.25998e-05 -3.62698e-05 -0.00155104 -0.000257193 0.217794 0.0631521
0 2.15385e-16 0.000921186 4.07964e-05 0.00423346 0.000807507 0.217519 0.0634782
0 2.15385e-16 -0.000911049 -0.000156774 0.0021991 0.000456619 0.217225 0.063391
0 2.15385e-16 0.000873423 0.000306589 0.000775774 0.000171424 0.218781 0.0633203
0 2.15385e-16 0.000399432 5.9598e-05 0.0012673 3.16781e-05 0.216337 0.0639541
0 2.15385e-16 0.00111663 0.000206192 0.00112695 0.000151813 0.214764 0.0637395
0 2.15385e-16 -0.00116253 -0.000173523 0.00255254 0.000565607 0.216996 0.0636711
0 2.15385e-16 0.000513489 4.84007e-05 0.000588388 -9.87083e-05 0.216199 0.063782
0 2.15385e-16 -0.00315633 -0.000581803 0.00216559 0.000357144 0.216824 0.0633813
0 2.15385e-16 0.00466889 0.000877503 -0.00217419 -0.000230908 0.217093 0.063478
0 2.15385e-16 -0.000127343 -4.44335e-05 0.00207714 0.000328369 0.217111 0.0633373
0 2.15385e-16 -0.00120196 -0.000371924 -0.00251686 -0.000332161 0.217094 0.0637101
0 2.15385e-16 -0.00286459 -0.000464032 0.000436686 0.000139596 0.217543 0.0636532
0 2.15385e-16 -0.000238455 -0.000111334 0.000249877 -5.17336e-05 0.216786 0.062746
0 2.15385e-16 3.34537e-05 -7.64409e-05 0.000441749 3.65335e-05 0.2155 0.0633688
0 2.15385e-16 0.000347408 1.62899e-07 0.00303003 0.000602192 0.216664 0.0637555
0 2.15385e-16 -0.00359359 -0.000639737 -0.000238397 -7.25511e-05 0.218146 0.0639753
0 2.15385e-16 -0.00319523 -0.000576429 0.00286058 0.000415512 0.216948 0.063509
0 2.15385e-16 -0.0005389 -9.67926e-05 -0.00188799 -0.00027863 0.217625 0.0637292
0 2.15385e-16 0.000935335 0.000202137 -0.000488444 -3.47279e-05 0.217085 0.0635544
0 2.15385e-16 -0.000504269 -0.000106631 -0.0019329 -0.000358136 0.216359 0.0635325
0 2.15385e-16 -0.00427817 -0.000726556 -0.00299011 -0.000406928 0.218289 0.0629671
0 2.15385e-16 -0.00191782 -0.00041745 -0.000189106 -9.04559e-05 0.216474 0.063238
0 2.15385e-16 7.62966e-05 0.000156023 -0.0014625 -0.000207614 0.216411 0.0634565
0 2.15385e-16 -0.00134957 -0.000181823 0.00139584 0.00028931 0.216814 0.063377
0 2.15385e-16 -0.000656635 4.82623e-05 0.000542807 0.000118986 0.216684 0.0637357
0 2.15385e-16 -0.00314387 -0.000596097 -0.000552696 -1.13187e-05 0.218486 0.0644828
0 2.15385e-16 0.000331855 1.02558e-05 -0.00281311 -0.000584932 0.217303 0.0640202
0 2.15385e-16 0.00201418 0.000469635 -0.000438245 -0.000150216 0.217322 0.0629486
0 2.15385e-16 0.00283159 0.000395666 0.00258652 0.000284978 0.216984 0.0633544
0 2.15385e-16 0.00600253 0.000846284 -0.000385904 6.76242e-05 0.21649 0.0638477
0 2.15385e-16 -0.0013275 -0.000206816 -0.000453698 -5.50566e-05 0.217105 0.0639061
0 2.15385e-16 0.00142704 0.000211918 0.00304238 0.000536208 0.216222 0.0636807
0 2.15385e-16 0.000276322 -1.4641e-05 0.00250087 0.000342243 0.216842 0.0637046
0 2.15385e-16 0.000998731 0.000306619 -0.000776067 -5.47335e-05 0.216302 0.0636216
0 2.15385e-16 0.00213567 0.000371478 -0.000170625 9.72255e-06 0.217269 0.0623814
0 2.15385e-16 0.00122209 0.000248539 0.00116222 0.000175842 0.217619 0.0627278
0 2.15385e-16 -0.00136822 -0.000283361 -0.000181036 -0.000175988 0.217611 0.0629823
0 2.15385e-16 -0.000115062 -2.38044e-05 -5.05214e-05 -3.00223e-05 0.216612 0.062698
0 2.15385e-16 0.000328685 2.92159e-05 -0.00205473 -0.000415054 0.217395 0.0627308
0 2.15385e-16 -0.00286632 -0.000605585 0.00337367 0.000508541 0.217182 0.0635694
0 2.15385e-16 -0.00329623 -0.000656955 -0.00148839 -0.000191475 0.21788 0.0633471
0 2.15385e-16 0.00214045 0.000447214 0.00133412 0.000208053 0.217741 0.0632328
0 2.15385e-16 -0.000994654 -0.000199697 0.000740661 0.00017494 0.216939 0.0634704
0 2.15385e-16 -0.00264833 -0.000410685 0.000366149 0.000145325 0.217896 0.0636668
0 2.15385e-16 -0.00146227 -0.000155312 0.000699818 2.0941e-05 0.217003 0.0634336
0 2.15385e-16 0.00132577 0.000124839 0.00474375 0.000696889 0.216538 0.0641291
0 2.15385e-16 -0.000394173 -6.87898e-05 0.00130118 0.000132338 0.216525 0.063435
0 2.15385e-16 0.00126997 0.000247087 0.00125706 4.92377e-05 0.215653 0.0633368
0 2.15385e-16 -0.000646645 -6.84575e-05 -0.00369514 -0.000582155 0.217361 0.0632008
0 2.15385e-16 -0.00108194 -0.000186026 0.00131611 0.000384992 0.217047 0.0632918
0 2.15385e-16 -0.00136257 -0.000225349 0.0014342 0.000196473 0.216573 0.0633774
0 2.15385e-16 0.00147895 0.000166059 -0.00510067 -0.000672786 0.217964 0.0633566
0 2.15385e-16 -0.00115437 -0.000108683 0.00177586 0.000335264 0.216484 0.0631596
0 2.15385e-16 -0.00327191 -0.000599179 -0.00159339 -0.000299802 0.217829 0.0635294
0 2.15385e-16 0.00276893 0.000414102 -0.000852185 -0.000131616 0.217178 0.063671
0 2.15385e-16 -0.000164916 -0.000160532 -0.00236786 -0.000222153 0.217194 0.0635344
0 2.15385e-16 0.00172975 0.000127947 -0.000305561 -0.000177364 0.21706 0.0636853
0 2.15385e-16 0.00039658 9.82799e-05 0.000325263 0.00013907 0.21641 0.0625288
0 2.15385e-16 0.00228126 0.00037136 0.000473803 0.000134953 0.217239 0.0629383
0 2.15385e-16 0.00117221 0.000205036 0.000609947 0.000186921 0.21584 0.0631774
0 2.15385e-16 0.002598 0.000467886 0.000440887 0.000105009 0.217258 0.0636959
0 2.15385e-16 0.000795943 0.0002389 0.000594636 0.000118384 0.216602 0.0633938
0 2.15385e-16 0.000612837 0.000135442 -8.89076e-05 -0.000157007 0.215946 0.0630698
0 2.15385e-16 -0.000113393 -1.74837e-05 0.00308306 0.000497586 0.217084 0.0639886
0 2.15385e-16 0.00106709 0.000266871 9.31401e-05 9.96551e-06 0.216455 0.0631147
0 2.15385e-16 -0.000739196 -5.81122e-05 -0.000578915 -0.000135217 0.217356 0.0643813
0 2.15385e-16 -0.000962992 -0.000227632 -8.30654e-05 -0.000154286 0.217536 0.0635161
0 2.15385e-16 0.00154892 0.0003357 0.00318478 0.00069114 0.216474 0.0630037
0 2.15385e-16 -0.0011084 -0.000239213 -0.00168693 -0.00022409 0.216389 0.0635703
0 2.15385e-16 -0.00139253 -0.000126541 0.00101086 8.87892e-05 0.216625 0.0637187
0 2.15385e-16 -0.00162959 -0.000242473 0.000741732 0.000103807 0.215335 0.0629997
0 2.15385e-16 0.00264828 0.000546119 -0.000716155 -0.000134518 0.217265 0.0629833
0 2.15385e-16 -0.00050089 -3.81301e-05 -0.0017964 -0.000401549 0.214519 0.0642124
0 2.15385e-16 0.000505404 5.59358e-05 -0.0023716 -0.000255491 0.217185 0.0637455
0 2.15385e-16 0.00157967 0.000352704 0.00277166 0.000455939 0.217404 0.0633478
0 2.15385e-16 0.000872009 0.000217697 -8.72148e-05 -0.000112315 0.217119 0.0639728
0 2.15385e-16 -0.000778533 -0.000153012 -0.00102023 -0.000224329 0.217226 0.0641411
0 2.15385e-16 0.000405989 0.000117811 0.000144554 4.71426e-06 0.21561 0.0631259
0 2.15385e-16 0.000629949 0.000137183 0.000596299 0.000226135 0.216618 0.0628695
0 2.15385e-16 1.17676e-05 0.00013236 0.00259949 0.000372886 0.216506 0.0629241
0 2.15385e-16 5.46175e-05 2.97603e-05 -0.000428552 -4.11759e-06 0.216755 0.0633049
0 2.15385e-16 -0.00204334 -0.000463538 -0.00156323 -0.000132605 0.218382 0.0637457
0 2.15385e-16 -0.00132469 -0.000258169 -0.00094836 -0.000186764 0.217999 0.0629545
0 2.15385e-16 -0.00132889 -0.000248811 -0.00151402 -0.000347342 0.216651 0.0637531
0 2.15385e-16 -0.000900348 -0.000301123 -0.00214466 -0.00040302 0.218205 0.0635768
0 2.15385e-16 0.000256288 2.46493e-05 0.000976421 0.000281306 0.217154 0.0626105
0 2.15385e-16 0.000392801 5.23965e-06 -0.00191362 -0.00027818 0.217108 0.0631839
0 2.15385e-16 -0.00176738 -0.000358209 -0.00135297 -0.000153791 0.216656 0.0635774
0 2.15385e-16 -0.000420548 -0.000243081 0.00295711 0.000369453 0.216217 0.0633584
0 2.15385e-16 0.00386155 0.000661602 -0.00325399 -0.000612052 0.21678 0.0629064
0 2.15385e-16 -0.000373433 -2.36847e-05 0.000787776 3.60376e-06 0.216612 0.0633345
0 2.15385e-16 -0.00184068 -0.000479653 -0.000903078 -8.4827e-05 0.21788 0.0633013
0 2.15385e-16 0.00147229 0.000273231 0.00207617 0.00037342 0.217039 0.0633905
0 2.15385e-16 0.000493588 0.000145841 -0.000194288 -3.92118e-05 0.215613 0.0635696
0 2.15385e-16 -0.00399813 -0.000825569 0.00197492 0.000318645 0.21795 0.0632897
0 2.15385e-16 -0.00128039 -0.000250724 -6.01304e-05 -2.86927e-05 0.21756 0.0633759
0 2.15385e-16 -3.52497e-05 -4.24423e-05 -0.00308913 -0.000413096 0.217256 0.0634958
0 2.15385e-16 0.000752324 0.00015865 0.00232596 0.00034489 0.21701 0.0638132
0 2.15385e-16 -0.00117364 -0.000351686 -0.000965881 -0.000111529 0.215879 0.0625489
0 2.15385e-16 -0.00090887 -0.000300991 -0.00238395 -0.000496302 0.216747 0.0639669
0 2.15385e-16 -0.000320755 -0.000105076 0.000665221 0.00011156 0.21616 0.0631922
0 2.15385e-16 0.000229655 -2.14103e-05 -0.000340152 5.6985e-06 0.2155 0.0634379
0 2.15385e-16 0.000947953 -3.51336e-05 -0.00297937 -0.000459583 0.216587 0.0631159
0 2.15385e-16 0.000381531 0.000174109 -0.00232835 -0.000315051 0.216529 0.0629968
0 2.15385e-16 -0.00188217 -0.000334552 -0.00244693 -0.000222637 0.217669 0.063871
0 2.15385e-16 -0.0016969 -0.000253954 0.00107781 4.19406e-05 0.217282 0.0637739
0 2.15385e-16 -0.00130314 -0.000151901 -0.00125118 -0.000234805 0.217341 0.0635802
0 2.15385e-16 -0.0019931 -0.000249605 -0.00280506 -0.000429804 0.216146 0.0643503
0 2.15385e-16 -0.000638396 -0.000107524 -0.00370163 -0.000595913 0.218318 0.0633534
0 2.15385e-16 -0.00192458 -0.000316678 -0.00249542 -0.000361446 0.217603 0.0636877
0 2.15385e-16 -0.00203502 -0.000321643 0.000327076 -1.44688e-05 0.216499 0.0633147
0 2.15385e-16 0.00528612 0.00095337 -0.000968445 -0.000222211 0.218052 0.0628555
0 2.15385e-16 -0.00042403 -5.17533e-05 0.00163514 0.000222203 0.216559 0.0633354
0 2.15385e-16 -0.000645977 -0.000227533 0.00232331 0.000347622 0.217271 0.0625503
0 2.15385e-16 0.00048438 0.000182763 0.000104364 1.83968e-05 0.217095 0.0629421
0 2.15385e-16 -0.00188515 -0.000302611 0.00396852 0.000677812 0.215557 0.062964
0 2.15385e-16 0.00129883 0.000220078 -0.0026524 -0.000339532 0.216904 0.0631959
0 2.15385e-16 0.000690222 9.16148e-05 0.00306155 0.000434022 0.217476 0.0631182
0 2.15385e-16 0.00163151 0.000198184 0.00157327 0.000285275 0.216301 0.0635989
0 2.15385e-16 -0.00190083 -0.000330392 0.00310302 0.000562344 0.216414 0.0629921
0 2.15385e-16 -0.00125098 -0.000261358 0.000539697 0.000256772 0.21736 0.0632227
0 2.15385e-16 0.000623056 8.45209e-05 -0.00115932 -0.000335361 0.217679 0.0633986
0 2.15385e-16 -0.00143349 -0.000281646 0.00185766 0.000339162 0.215984 0.0627411
0 2.15385e-16 -0.00189424 -0.000371753 0.00147666 0.000244175 0.217271 0.0631598
0 2.15385e-16 0.00156295 0.000242997 0.00192899 0.000305595 0.217505 0.0637534
0 2.15385e-16 -0.00147277 -0.000162277 0.00143841 0.000262928 0.217234 0.0631546
0 2.15385e-16 -0.000244769 -2.86775e-05 -0.00133102 -0.000151747 0.215058 0.0640407
0 2.15385e-16 -0.000490693 -0.000187857 0.00167798 0.000382727 0.217246 0.0633852
0 2.15385e-16 0.00135172 0.000141714 -0.000545571 -4.2344e-05 0.217325 0.0634352
0 2.15385e-16 0.00348005 0.000689839 -0.0014019 -0.000297211 0.217948 0.0631696
0 2.15385e-16 -0.000165792 -0.000116497 -0.00373484 -0.000466244 0.2175 0.0638603
0 2.15385e-16 -0.000587574 -0.000125827 -0.00160016 -0.000219398 0.218002 0.0625958
0 2.15385e-16 0.00013777 -7.57926e-05 0.00252956 0.000461291 0.216588 0.0632883
0 2.15385e-16 0.00119715 0.000267953 -0.000952865 -0.000189815 0.216672 0.0633293
0 2.15385e-16 -0.00132293 -0.000266571 0.00120927 0.000195334 0.215402 0.0638306
0 2.15385e-16 -0.000701896 -0.000137393 -0.00337591 -0.000503933 0.218574 0.0635404
0 2.15385e-16 -0.00309248 -0.000579055 -0.001553 -0.000286563 0.217714 0.0633432
0 2.15385e-16 -0.000835989 -5.26128e-05 -0.000305444 -9.18309e-05 0.217487 0.063038
0 2.15385e-16 -0.00090691 -0.000116306 -0.00227464 -0.000428812 0.217692 0.063493
0 2.15385e-16 -0.00141136 -4.88699e-05 0.000541904 5.67287e-05 0.216345 0.0637256
0 2.15385e-16 0.00267225 0.000405019 0.00104503 0.000159623 0.217085 0.0631918
0 2.15385e-16 -0.000386413 0.00010462 -0.000692144 -0.000108189 0.217286 0.0636282
0 2.15385e-16 -0.00444468 -0.000919151 0.000344758 0.000129333 0.217902 0.0632459
0 2.15385e-16 -0.000189951 -5.87443e-05 0.00288174 0.000412548 0.216498 0.0640379
0 2.15385e-16 0.0011656 0.000133488 -0.00059107 -0.000115576 0.215909 0.0630388
0 2.15385e-16 0.00206159 0.000325812 -0.000226844 -7.86637e-05 0.216444 0.0629635
0 2.15385e-16 -0.00127898 -0.000200431 -0.00197754 -0.000322592 0.217478 0.062991
0 2.15385e-16 -0.0023922 -0.000346443 -0.000790339 -6.46197e-05 0.216754 0.0634301
0 2.15385e-16 -0.00169195 -0.000301609 0.00300593 0.000473534 0.217197 0.0635622
0 2.15385e-16 0.000232811 1.38841e-06 0.0029386 0.000526469 0.217078 0.0626659
0 2.15385e-16 -0.00115313 -0.000148301 0.000305965 0.000117717 0.21581 0.0636924
0 2.15385e-16 0.00303139 0.000541873 -0.000571108 -2.72066e-05 0.216551 0.063322
0 2.15385e-16 -0.00255561 -0.000442335 0.00125725 0.000188237 0.216654 0.0632723
0 2.15385e-16 0.00116921 7.99253e-05 0.0037707 0.000621643 0.216176 0.0641185
0 2.15385e-16 0.0018975 0.000436202 0.00101675 0.000174935 0.215077 0.0639173
0 2.15385e-16 0.00027037 0.000190043 -0.00254137 -0.000323231 0.217225 0.0633635
0 2.15385e-16 3.67559e-05 6.77317e-05 -0.00334106 -0.000530527 0.217512 0.06401
0 2.15385e-16 0.00131814 0.000206472 0.00158174 0.000411762 0.216668 0.0636817
0 2.15385e-16 -0.000916828 -0.000303579 0.00105975 0.000162037 0.216702 0.0633326
0 2.15385e-16 0.00336901 0.000389836 0.00239963 0.000443025 0.216758 0.0637616
0 2.15385e-16 -0.000779879 -0.000192408 0.000639154 -8.33867e-05 0.217426 0.0633183
0 2.15385e-16 -0.00416625 -0.000653181 -0.000143419 4.54824e-05 0.216269 0.0629153
0 2.15385e-16 -0.00285335 -0.000530888 0.00208715 0.000327401 0.216489 0.0633406
0 2.15385e-16 0.00233186 0.000391846 -0.00285125 -0.000347347 0.216988 0.0633462
0 2.15385e-16 -0.00439744 -0.000768989 0.00161328 0.000347317 0.217229 0.0629904
0 2.15385e-16 -0.00194945 -0.000295038 0.00235744 0.00030415 0.215743 0.0631754
0 2.15385e-16 0.00151003 0.000251336 -0.000182798 1.55099e-05 0.218584 0.0636564
0 2.15385e-16 -0.00231854 -0.000396385 -0.000335077 -0.000108101 0.218117 0.062729
0 2.15385e-16 0.00148828 0.000214995 -0.00060382 -8.54818e-05 0.217015 0.0631786
0 2.15385e-16 0.00139084 0.00035412 0.00250507 0.000527526 0.217905 0.0630771
0 2.15385e-16 -0.00172622 -0.000431662 -0.00394378 -0.000578341 0.217841 0.0639911
0 2.15385e-16 0.00233823 0.000234064 -0.000355894 -1.63748e-06 0.216076 0.063799
0 2.15385e-16 0.00155119 0.000275085 -0.000633447 -0.000200559 0.216174 0.0630124
0 2.15385e-16 0.000277713 4.71439e-05 -0.00120558 -0.000250556 0.216528 0.0632169
0 2.15385e-16 -0.00027126 -2.13683e-05 0.00240645 0.000333683 0.216978 0.0627686
0 2.15385e-16 0.000386975 5.64099e-05 0.000954717 0.000116538 0.216595 0.0640527
0 2.15385e-16 -9.02562e-05 0.000112182 0.0032933 0.000535988 0.217432 0.0625942
0 2.15385e-16 0.00124661 0.000141304 -0.0016092 -0.000249278 0.217519 0.0634912
0 2.15385e-16 -0.00151446 -0.000226917 -0.00153982 -0.000289147 0.217848 0.0639448
0 2.15385e-16 0.000176508 0.000125007 -0.00168695 -0.000238451 0.216768 0.0636748
0 2.15385e-16 -0.000920254 -0.000195968 0.0017175 0.000243663 0.215731 0.0636366
0 2.15385e-16 0.00234807 0.00041338 0.00158635 0.000166457 0.215993 0.0635706
0 2.15385e-16 -0.00114647 -0.000152161 -0.000723605 -0.000112979 0.216044 0.0631539
0 2.15385e-16 -0.000661371 -6.49201e-05 0.000858062 1.72553e-05 0.216729 0.0637414
0 2.15385e-16 0.00234537 0.000381249 0.000423977 6.95718e-06 0.214905 0.0639334
0 2.15385e-16 -0.000992095 -0.000126505 -0.00022078 -1.0167e-05 0.216863 0.0631907
0 2.15385e-16 0.000759706 5.97258e-05 -0.00139527 -0.000172859 0.216307 0.0630064
0 2.15385e-16 -0.000131836 5.59259e-05 -0.00227018 -0.00033839 0.216884 0.0634858
0 2.15385e-16 -0.000475386 -0.000203439 -0.00188132 -0.000354256 0.215982 0.0637227
0 2.15385e-16 -0.00139616 -0.000263001 0.00114459 0.000334404 0.216645 0.0634297
0 2.15385e-16 0.00160094 0.000125477 0.00175885 0.000332521 0.216367 0.0631813
0 2.15385e-16 -1.78883e-05 -7.54381e-05 -0.00226538 -0.000320013 0.21859 0.0630232
0 2.15385e-16 0.00180504 0.000284647 0.00462571 0.000686858 0.217164 0.0631544
0 2.15385e-16 -0.00225623 -0.000426959 -0.0029794 -0.000456288 0.217242 0.0637663
0 2.15385e-16 0.00150373 0.000415305 -0.000422837 0.000119951 0.216944 0.0633856
0 2.15385e-16 0.000507105 0.000162089 -0.000220164 -3.9151e-05 0.215787 0.0633025
0 2.15385e-16 0.00030704 0.000158052 0.00306512 0.000652569 0.217255 0.0632762
0 2.15385e-16 0.00151289 0.000260982 -0.00275304 -0.000602788 0.217293 0.0630515
0 2.15385e-16 -0.00180208 -0.000351128 -0.00411071 -0.000680594 0.217619 0.0633072
0 2.15385e-16 -0.00123801 -0.000169262 0.00352399 0.000577996 0.216875 0.0628625
0 2.15385e-16 -0.000879524 -0.000181628 0.00231537 0.000456349 0.215809 0.0632988
0 2.15385e-16 0.000103483 -9.44692e-05 0.00168554 0.000283557 0.216758 0.0635954
0 2.15385e-16 0.000830723 0.000118156 -0.00282504 -0.000459056 0.217258 0.0636066
0 2.15385e-16 0.000794902 0.000211076 -0.000402937 -9.44517e-05 0.215484 0.0631642
0 2.15385e-16 -0.00146226 -0.000167956 -0.00111731 -0.000184936 0.217862 0.063062
0 2.15385e-16 -0.000666621 -4.24339e-05 -0.00297314 -0.000491228 0.21736 0.0640022
0 2.15385e-16 -0.000165476 -0.000185957 0.000318075 -3.28152e-05 0.216075 0.0639928
0 2.15385e-16 -0.00222743 -0.000409799 0.000901833 0.000141178 0.217816 0.06404
0 2.15385e-16 0.00232077 0.000456478 -0.00439944 -0.000584653 0.216965 0.0643037
0 2.15385e-16 0.00119206 0.000254485 -0.000666146 -8.73713e-05 0.217537 0.0631423
0 2.15385e-16 0.000830473 0.000215304 -0.00145629 -0.000191456 0.217579 0.0636314
0 2.15385e-16 0.00269326 0.000540631 -0.00199285 -0.000328197 0.217182 0.0636825
0 2.15385e-16 -0.000349954 -2.19296e-05 -1.80161e-05 4.52429e-05 0.215083 0.0637534
0 2.15385e-16 -0.00154284 -0.000332084 0.00163481 0.000257356 0.216689 0.0635908
0 2.15385e-16 -5.44121e-05 1.57849e-05 -0.00130323 -0.000160701 0.215279 0.063758
0 2.15385e-16 -0.000620439 -0.000234227 -0.00245759 -0.000330786 0.217874 0.0631536
0 2.15385e-16 -0.000720476 -0.000173936 0.00108437 0.000153642 0.216225 0.0632124
0 2.15385e-16 -0.000877724 -0.000283694 0.000258478 0.000113333 0.215314 0.0628348
0 2.15385e-16 -0.00250148 -0.000356745 0.00160274 0.000314358 0.215398 0.0642481
0 2.15385e-16 0.00376842 0.000632589 0.000112342 -7.81924e-05 0.216921 0.0637816
0 2.15385e-16 0.000342583 0.000100631 0.000555836 -8.99976e-06 0.214841 0.0634425
0 2.15385e-16 -5.94308e-05 -7.50039e-05 -0.0011163 -0.000272777 0.216765 0.0632939
0 2.15385e-16 0.000204156 0.00010029 0.0028713 0.000375197 0.215735 0.0636192
0 2.15385e-16 -0.00220246 -0.00042041 -0.00162665 -0.000269401 0.218237 0.0628768
0 2.15385e-16 0.00104635 0.000179395 -0.000218501 -1.69823e-05 0.217114 0.0626171
0 2.15385e-16 0.00313202 0.000425114 -0.00190923 -0.000302974 0.215968 0.0625318
0 2.15385e-16 0.000521154 0.000123908 -0.000365903 -0.000151026 0.216243 0.0622947
0 2.15385e-16 0.0010706 0.000222649 0.000116857 1.53603e-05 0.216428 0.0628077
0 2.15385e-16 -0.000124038 -4.02648e-05 -0.00152158 -0.000288142 0.216611 0.0629053
0 2.15385e-16 0.00224435 0.000472896 -0.000558901 -0.000124564 0.216727 0.0629289
0 2.15385e-16 -0.000839074 -6.12765e-05 -0.0012848 -0.000207003 0.217993 0.0631923
0 2.15385e-16 0.00147465 0.00027676 0.00196036 0.000277801 0.216615 0.0634237
0 2.15385e-16 0.00140359 0.000225092 -0.00019654 -1.80143e-05 0.217671 0.0622705
0 2.15385e-16 0.00136592 0.000102275 0.000636076 3.18527e-05 0.216609 0.063195
0 2.15385e-16 -0.00503024 -0.000934069 -0.000847836 -7.24123e-05 0.216673 0.0641422
0 2.15385e-16 0.00169403 0.000182491 -0.00104132 -8.87027e-05 0.216503 0.0634651
0 2.15385e-16 -0.000558598 -0.000243969 0.000198931 5.50362e-05 0.215938 0.0634687
0 2.15385e-16 0.00116315 0.000273402 0.00228771 0.000329734 0.216833 0.0633354
0 2.15385e-16 0.00302451 0.000439077 -0.00231717 -0.00041065 0.217829 0.0628257
0 2.15385e-16 0.00383346 0.000799803 -0.00182609 -0.000326189 0.21704 0.0635722
0 2.15385e-16 0.00029552 0.000106221 0.000947045 0.000169161 0.216081 0.0623551
0 2.15385e-16 -0.00117188 -0.000221499 0.00214175 0.000285649 0.216961 0.0628425
0 2.15385e-16 0.00218339 0.000323638 0.00020646 0.000121739 0.215555 0.0629769
0 2.15385e-16 -0.00185414 -0.000318675 0.000724696 0.000157414 0.216661 0.0634264
0 2.15385e-16 -0.000286906 -0.000105202 -0.00226932 -0.000367449 0.216875 0.0629314
0 2.15385e-16 0.00103354 0.000237053 -0.000669155 -2.24825e-05 0.216821 0.0628384
0 2.15385e-16 0.000311495 0.000111509 -0.00222248 -0.000398292 0.218274 0.0633148
0 2.15385e-16 -0.00108185 -0.000125446 -0.00118341 -0.000157319 0.217639 0.0630386
0 2.15385e-16 -0.00282215 -0.000543168 0.00152948 0.000332467 0.216635 0.0630797
0 2.15385e-16 0.00210975 0.000357948 0.00477729 0.000616318 0.217134 0.0639403
0 2.15385e-16 -0.00113655 -0.000155178 0.00321994 0.000576772 0.216682 0.0634275
0 2.15385e-16 -0.0020542 -0.000368317 -0.000330585 -0.000169718 0.216929 0.0631738
0 2.15385e-16 0.00135145 0.000203625 -0.00288235 -0.00041221 0.217397 0.0637261
0 2.15385e-16 0.00181326 0.000224226 0.00236872 0.000322565 0.216723 0.0633858
0 2.15385e-16 0.000442045 0.000147682 -0.00242321 -0.000549007 0.216945 0.0629134
0 2.15385e-16 -0.000365922 -4.46857e-06 0.000177547 2.23648e-05 0.21589 0.0634942
0 2.15385e-16 -0.00168765 -0.00023448 0.00223451 0.000414357 0.216597 0.0637642
0 2.15385e-16 -0.00254883 -0.000460726 0.000714927 0.000149677 0.217821 0.0636634
0 2.15385e-16 -0.0014737 -0.000267852 0.000922391 0.000130877 0.21741 0.0636734
0 2.15385e-16 0.000131395 5.63178e-05 -0.000359461 -0.000127691 0.216392 0.0628707
0 2.15385e-16 -0.00151631 -0.000292051 0.00288253 0.000382885 0.21631 0.0636792
0 2.15385e-16 -0.000877461 -0.000271915 0.00283429 0.00048286 0.216578 0.0632528
0 2.15385e-16 -0.000246358 -8.9144e-05 0.00145768 0.000216684 0.216664 0.063722
0 2.15385e-16 1.23668e-05 9.64131e-05 -0.00189138 -0.000382066 0.216211 0.0632571
0 2.15385e-16 0.001084 0.000238623 0.000985052 -2.24751e-05 0.216482 0.0631456
0 2.15385e-16 6.08284e-05 -6.50355e-05 0.00178371 0.000379743 0.216943 0.0631898
0 2.15385e-16 0.000509683 0.000221107 -0.000867027 -0.000153284 0.216359 0.0629872
0 2.15385e-16 1.78975e-05 -1.94232e-05 0.000478486 7.59644e-05 0.215842 0.0630377
0 2.15385e-16 -0.00146859 -0.000317323 0.00281092 0.000432234 0.216776 0.0636537
0 2.15385e-16 -0.00122964 -7.57717e-05 -0.00234639 -0.000273714 0.216874 0.0640848
0 2.15385e-16 -0.00182722 -0.000500047 -0.000469826 -5.23051e-05 0.216338 0.0636568
0 2.15385e-16 -0.00159227 -0.000299361 0.000898196 9.41989e-05 0.216906 0.0629301
0 2.15385e-16 0.00192942 0.0003458 0.00148474 0.000159213 0.216564 0.0634595
0 2.15385e-16 -0.00117847 -0.000272472 0.00167043 0.00012842 0.216558 0.0637633
0 2.15385e-16 -1.44479e-05 -3.11552e-05 -0.00171041 -0.000282383 0.215633 0.0640382
0 2.15385e-16 0.00112695 7.49529e-05 0.0016179 0.000230862 0.215643 0.0639037
0 2.15385e-16 0.0002372 -8.19436e-05 0.000785807 8.23249e-05 0.216072 0.0639216
0 2.15385e-16 -0.000561638 -3.99166e-05 -0.00133316 -0.000332427 0.216798 0.0631049
0 2.15385e-16 -0.00279017 -0.000460796 -0.000935428 -9.65257e-05 0.217076 0.0639028
0 2.15385e-16 -0.00144663 -0.000400824 0.000360537 0.000125893 0.217735 0.0634427
0 2.15385e-16 -0.000764595 -6.26461e-05 -0.00340965 -0.000587352 0.217656 0.0639065
0 2.15385e-16 -0.00175343 -0.000270289 0.00335378 0.000439416 0.215991 0.0634012
0 2.15385e-16 -0.000990448 -0.000248165 -0.00145552 -0.000271172 0.216996 0.0631419
0 2.15385e-16 -0.00363936 -0.000700932 -0.000462684 -0.000107502 0.217425 0.0635614
0 2.15385e-16 -0.00236106 -0.000313175 0.00132379 0.000180773 0.216387 0.0631792
0 2.15385e-16 0.000245618 7.60422e-05 -0.00123865 -0.000134611 0.217733 0.0635719
0 2.15385e-16 -0.00278688 -0.000464116 0.00266546 0.000521295 0.216659 0.063453
0 2.15385e-16 0.000609107 -9.13626e-05 -0.000160437 0.000119482 0.21605 0.0626441
0 2.15385e-16 -0.0010965 -8.09821e-05 0.00103456 0.000163941 0.215627 0.064033
0 2.15385e-16 0.00303287 0.000510311 -0.0015839 -0.00032319 0.215348 0.0632188
0 2.15385e-16 -0.00161947 -0.000308931 -0.000104528 -8.85444e-05 0.21584 0.0639417
0 2.15385e-16 0.00198695 0.000339638 -0.00088617 -0.000124032 0.216073 0.0636225
0 2.15385e-16 0.00163479 0.000234746 -0.000956904 -0.000115756 0.21756 0.0629749
0 2.15385e-16 -0.000328975 -0.000200976 -0.00174558 -0.000362468 0.217018 0.0630837
0 2.15385e-16 -0.000681342 -5.82122e-05 0.000386845 9.46258e-05 0.216505 0.0633323
0 2.15385e-16 0.00308588 0.000474388 -0.00146765 -0.000248758 0.216278 0.0636815
0 2.15385e-16 -0.00217423 -0.000468694 0.00231755 0.000295984 0.217032 0.0635238
0 2.15385e-16 0.000530944 0.000177861 -0.000789867 -7.25437e-05 0.216558 0.0636026
0 2.15385e-16 -0.00127728 -0.000197712 -6.03459e-05 7.60765e-05 0.217639 0.06368
0 2.15385e-16 -0.000345519 3.20861e-05 0.00259856 0.000494703 0.217478 0.0634151
0 2.15385e-16 -0.00092122 -0.000125592 0.00364992 0.000564516 0.216882 0.06397
0 2.15385e-16 -4.31705e-05 3.40844e-05 -0.000934449 -0.000189292 0.216558 0.0633055
0 2.15385e-16 0.000210268 8.018e-05 -0.000251181 -0.000160952 0.215574 0.0632048
0 2.15385e-16 0.00248496 0.000310864 -0.00025921 -0.000110973 0.216586 0.0631493
0 2.15385e-16 -0.000259718 -0.000194913 0.00157814 0.000291332 0.216911 0.0639822
0 2.15385e-16 -0.000749744 -8.06653e-05 0.00198526 0.00031193 0.217861 0.0632409
0 2.15385e-16 -0.00114043 -0.000170535 -0.00175711 -0.000291539 0.217311 0.0630873
0 2.15385e-16 -0.000988076 -0.000119161 -0.00176325 -0.000234175 0.219085 0.0632795
0 2.15385e-16 -0.0042757 -0.000739862 -0.000724902 -0.000211959 0.21853 0.0631624
0 2.15385e-16 0.000665426 0.000149543 0.000709202 4.18863e-05 0.21667 0.0639145
0 2.15385e-16 -0.00283068 -0.00044109 -0.00349715 -0.000636363 0.216843 0.0636973
0 2.15385e-16 0.00277448 0.000505401 0.00163191 0.00020906 0.217195 0.0640524
0 2.15385e-16 -0.000595707 -9.63658e-05 -0.0015041 -0.000265404 0.21582 0.06331
0 2.15385e-16 -0.00252588 -0.000420196 0.000861289 0.000177843 0.216926 0.0630613
0 2.15385e-16 -0.0016274 -0.000317095 -0.00276755 -0.000509976 0.217415 0.0639879
0 2.15385e-16 -0.00148883 -0.00011279 -0.00241674 -0.000440054 0.217938 0.0637501
0 2.15385e-16 -0.00247037 -0.000513454 3.65515e-05 9.35565e-05 0.2171 0.0632259
0 2.15385e-16 -0.00011662 -0.000127423 -0.000850493 -0.000123067 0.216588 0.0631528
0 2.15385e-16 -0.000288421 -7.85269e-05 -0.00220463 -0.000287733 0.217831 0.0637561
0 2.15385e-16 -0.00121775 -0.000194327 -0.000301067 -0.000131007 0.217168 0.0632788
0 2.15385e-16 0.000407578 0.000172056 -0.000917494 -0.000407168 0.216204 0.0628853
0 2.15385e-16 0.000717133 0.000180173 0.00231494 0.000474495 0.217686 0.0618895
0 2.15385e-16 0.00212459 0.000346974 -0.0006085 -0.000248936 0.217237 0.0629682
0 2.15385e-16 0.00182848 0.00030498 -0.0016749 -0.00015986 0.217901 0.0631338
0 2.15385e-16 -0.00033923 -0.00011695 -0.00133801 -0.000136673 0.21773 0.0632475
0 2.15385e-16 -0.00022756 -1.28546e-05 0.0026708 0.000381065 0.214751 0.0635364
0 2.15385e-16 -0.00212179 -0.000284998 0.000610721 0.000103669 0.215315 0.0633683
0 2.15385e-16 -0.00187395 -0.000382831 -0.000440684 4.70679e-05 0.217282 0.0638669
0 2.15385e-16 -0.00118954 -0.000196303 -0.00506821 -0.000898584 0.217875 0.0635085
0 2.15385e-16 -0.0028763 -0.000470293 -0.000501627 7.34188e-06 0.217396 0.0639031
0 2.15385e-16 -0.000103728 -0.000106904 0.00145502 0.000271799 0.217168 0.0633554
0 2.15385e-16 0.00247565 0.000426087 -0.00137036 -0.000229286 0.216873 0.0633894
0 2.15385e-16 -0.00145597 -0.000235195 -0.000787203 -7.20086e-05 0.217257 0.0637255
0 2.15385e-16 -0.000781649 -0.000136716 -0.0034483 -0.000546573 0.218078 0.0632183
0 2.15385e-16 0.00119165 0.000125842 0.00181087 0.000275518 0.216756 0.0636923
0 2.15385e-16 -0.00258688 -0.000445233 -0.00184302 -0.000305367 0.217472 0.0634089
0 2.15385e-16 0.000606772 0.000130655 0.00080772 -3.66651e-05 0.216485 0.0633692
0 2.15385e-16 -0.00109839 -0.000300819 0.00189626 0.000322312 0.215882 0.0629707
0 2.15385e-16 -0.00243388 -0.000481639 0.00229696 0.000318661 0.217492 0.0628647
0 2.15385e-16 0.00160826 0.000242807 -0.00220929 -0.000419696 0.218217 0.062456
0 2.15385e-16 0.00162845 0.000288429 -0.00182923 -0.000475778 0.216798 0.0622304
0 2.15385e-16 -0.000938241 -0.000231849 -0.00126645 -0.00019372 0.216155 0.0634293
0 2.15385e-16 -0.00144206 -0.000327269 0.000201498 -1.45447e-05 0.215456 0.0635699
0 2.15385e-16 0.00300251 0.000562073 -0.00244174 -0.000414148 0.217552 0.0632513
0 2.15385e-16 -0.00133287 -0.000172091 -0.00131986 -0.000294031 0.21662 0.063742
0 2.15385e-16 -0.00172591 -0.000317282 -0.00204747 -0.000369386 0.21711 0.0630293
0 2.15385e-16 0.00222933 0.000382968 -0.000798545 -0.00020821 0.216476 0.0631636
0 2.15385e-16 0.000482093 9.826e-05 0.00314086 0.000485368 0.216879 0.0634406
0 2.15385e-16 0.00142191 0.000179151 -0.000406713 -2.92867e-05 0.21702 0.0633728
0 2.15385e-16 0.00202187 0.000290841 -0.000939749 -0.000236429 0.216946 0.0639248
0 2.15385e-16 -0.0012508 -0.000237126 -0.00187339 -0.000289716 0.218104 0.0636031
0 2.15385e-16 -0.000821281 -0.000112036 0.00173754 0.000212415 0.217141 0.0629837
0 2.15385e-16 -0.000817204 -2.6466e-05 0.00186937 0.000361996 0.217365 0.0625705
0 2.15385e-16 0.00178073 0.000190992 -0.00133489 -0.00031697 0.216797 0.0639745
0 2.15385e-16 -0.00199241 -0.000344471 -0.00169735 -0.000194374 0.217524 0.0640182
0 2.15385e-16 -0.000597351 -2.64034e-05 0.00344478 0.000533221 0.216033 0.0636461
0 2.15385e-16 -0.00169793 -0.000293322 0.00050957 4.25316e-05 0.216366 0.0632532
0 2.15385e-16 2.96723e-05 5.64263e-06 -0.000103999 -2.52091e-05 0.216166 0.0628772
0 2.15385e-16 0.00121615 0.000287126 -0.000458248 -7.39282e-05 0.217036 0.062501
0 2.15385e-16 0.0022553 0.000426786 0.00118873 0.000217997 0.216706 0.0629117
0 2.15385e-16 0.00120433 0.00025137 0.000125491 0.000100638 0.216604 0.0630041
0 2.15385e-16 0.000116872 -0.000102455 -0.000866868 -0.00014315 0.215796 0.0635662
0 2.15385e-16 0.00411344 0.000769029 0.000115013 9.69813e-05 0.216403 0.0630137
0 2.15385e-16 0.000682725 0.000104081 -0.00072485 -0.000172376 0.217708 0.0629457
0 2.15385e-16 -0.000854782 -0.000131985 2.28941e-05 3.18803e-05 0.216296 0.0626891
0 2.15385e-16 -0.00093702 -0.00018494 0.00191787 0.000268205 0.216453 0.0636485
0 2.15385e-16 0.000447696 7.47556e-05 -0.00115397 -0.000234318 0.21564 0.0637848
0 2.15385e-16 0.00360983 0.000642171 0.000386999 5.86184e-05 0.216214 0.0640149
0 2.15385e-16 -0.00102525 -7.52504e-05 -0.00117038 -0.000135495 0.216569 0.0640869
0 2.15385e-16 5.61062e-05 -6.38962e-05 -0.000368064 -8.10879e-05 0.215664 0.0633151
0 2.15385e-16 0.00270985 0.00045604 0.00395098 0.000618162 0.216758 0.064021
0 2.15385e-16 0.00205094 0.000404953 0.000608446 3.80214e-06 0.217397 0.0632745
0 2.15385e-16 0.00140097 0.000437115 -0.000160983 -4.84342e-05 0.216641 0.0632975
0 2.15385e-16 -0.00169777 -0.000311402 -0.00160213 -0.000539593 0.216791 0.0632138
0 2.15385e-16 -0.00172933 -0.000268812 -3.82187e-05 1.24682e-05 0.217165 0.0630524
0 2.15385e-16 0.00310968 0.000508609 0.00145884 0.000172418 0.218037 0.0629711
0 2.15385e-16 -0.00164598 -0.000252649 -0.000736405 2.00277e-05 0.216534 0.0635484
0 2.15385e-16 0.000981698 0.000254854 -0.00335671 -0.000655545 0.216579 0.0632304
0 2.15385e-16 -0.00217909 -0.000400675 5.77908e-05 -0.000130067 0.217116 0.0635945
0 2.15385e-16 -0.000195477 -0.000177681 -0.0019358 -0.000257769 0.217497 0.0636122
0 2.15385e-16 -0.000520014 -0.000142876 -0.00249108 -0.000431439 0.218212 0.0634645
0 2.15385e-16 -0.0030304 -0.000448235 -0.00131661 -0.000244103 0.217717 0.0635709
0 2.15385e-16 -0.00220968 -0.000332378 -0.000630056 -6.68587e-05 0.21639 0.0636648
0 2.15385e-16 -0.0028797 -0.000530999 -0.00067837 -5.95924e-05 0.217266 0.0632933
0 2.15385e-16 -8.74534e-05 3.54222e-05 0.000817283 0.000176829 0.216187 0.0625527
0 2.15385e-16 0.000668692 9.66827e-06 -0.00110996 -0.00018378 0.217081 0.0633448
0 2.15385e-16 0.00206044 0.000373207 -0.000525367 3.92766e-05 0.21587 0.0629389
0 2.15385e-16 -0.000150876 -3.59752e-05 -0.000160806 4.53648e-06 0.21601 0.0634037
0 2.15385e-16 -0.00282604 -0.00044058 -0.00060272 -6.13831e-05 0.215528 0.0636517
0 2.15385e-16 -0.00217741 -0.000319301 0.00349049 0.000522672 0.216657 0.0637315
0 2.15385e-16 -0.00140121 -0.000305275 0.000471197 -4.93757e-05 0.216612 0.063601
0 2.15385e-16 -0.00203617 -0.000510025 -0.00135009 -0.000238952 0.216831 0.0633683
0 2.15385e-16 0.000506181 7.35517e-05 -0.00261369 -0.000454693 0.217459 0.0633903
0 2.15385e-16 0.00154551 0.000328991 0.00160392 0.000258761 0.217346 0.0629867
0 2.15385e-16 0.00679109 0.00118849 -0.00052418 1.88894e-05 0.21754 0.0631067
0 2.15385e-16 -0.00206849 -0.000423041 0.00301762 0.000593173 0.217232 0.0633131
0 2.15385e-16 -5.40058e-05 -5.43803e-07 -0.00158498 -0.000272919 0.216245 0.0638231
0 2.15385e-16 -0.00303265 -0.000442212 0.00359693 0.000679669 0.216794 0.0637127
0 2.15385e-16 -0.00178333 -0.000265284 0.000870277 -5.49727e-05 0.216159 0.0637827
0 2.15385e-16 0.00173216 0.000302462 -0.00154632 -0.000127088 0.2186 0.0629144
0 2.15385e-16 -0.000881382 -0.000137032 -0.00197716 -0.000368555 0.217627 0.0631127
0 2.15385e-16 0.00278948 0.000400022 -0.00161546 -0.000253848 0.216994 0.0628217
0 2.15385e-16 -0.00235998 -0.000478927 -0.000278069 5.18306e-06 0.217658 0.0632149
0 2.15385e-16 -0.000137411 6.45138e-05 0.00180357 0.000217722 0.215207 0.0633174
0 2.15385e-16 0.00156521 0.000300157 -0.00104676 -0.0002475 0.215963 0.0631745
0 2.15385e-16 -0.000516119 -0.000140666 -0.00108589 -0.000166486 0.214987 0.0631414
0 2.15385e-16 -7.09741e-05 -5.24524e-05 0.000817724 4.56757e-05 0.21524 0.0633071
0 2.15385e-16 -0.00290264 -0.000456782 -0.00138324 -0.00016122 0.216694 0.064007
0 2.15385e-16 0.000992629 0.00012413 -0.00120936 -0.000264823 0.215686 0.0632856
0 2.15385e-16 -0.000356308 -0.000134969 -0.000627665 -0.000150279 0.216195 0.063621
0 2.15385e-16 0.000252562 -6.42859e-05 0.00172025 0.000307018 0.216779 0.0637203
0 2.15385e-16 -0.000899069 -0.000227028 -0.00209833 -0.000571423 0.217468 0.0629557
0 2.15385e-16 -0.000502044 -0.000107186 0.00218592 0.000253487 0.215649 0.0638828
0 2.15385e-16 -0.000146169 -0.000102634 0.00300918 0.000578215 0.216524 0.0631525
0 2.15385e-16 0.000495797 0.000162362 -0.000331846 -0.000122173 0.216075 0.0624858
0 2.15385e-16 0.00160104 0.000227897 0.00133728 0.000274512 0.216552 0.0628066
0 2.15385e-16 -0.00139922 -0.000267901 -0.00128181 -0.000148068 0.216634 0.063674
0 2.15385e-16 -0.00426537 -0.000775255 0.00314293 0.00053841 0.218301 0.0635583
0 2.15385e-16 0.00426256 0.000812882 0.000717506 7.44549e-05 0.21696 0.0632626
0 2.15385e-16 0.00049753 0.000220713 -0.00236635 -0.000448047 0.216851 0.0635416
0 2.15385e-16 -0.00356085 -0.000525771 0.0036101 0.00056837 0.215942 0.0633469
0 2.15385e-16 0.00138784 0.000285531 0.00078429 6.17805e-05 0.21596 0.0637331
0 2.15385e-16 -0.000125698 -4.58604e-06 -0.000450085 6.00907e-05 0.216621 0.0634079
0 2.15385e-16 -0.000305253 1.66571e-06 -0.00244034 -0.000289752 0.21684 0.0635557
0 2.15385e-16 -3.44844e-05 -5.03233e-05 0.00151362 0.000241415 0.216562 0.0628303
0 2.15385e-16 0.00117073 0.000278506 0.00166659 0.000341908 0.217801 0.0634587
0 2.15385e-16 0.00390476 0.000685132 0.000441372 7.43084e-06 0.215859 0.063027
0 2.15385e-16 0.000651687 0.000160211 0.00242853 0.000350937 0.216218 0.0635567
0 2.15385e-16 -0.00152983 -0.000237758 -0.00317827 -0.000583704 0.21834 0.0637658
0 2.15385e-16 0.00110734 0.000217435 -0.00125375 -0.000133944 0.21563 0.0638788
0 2.15385e-16 -0.00137568 -0.000205047 0.00274574 0.000641617 0.217436 0.0628236
0 2.15385e-16 0.00079395 0.000146071 0.00189954 0.000237894 0.216182 0.0640835
0 2.15385e-16 -0.00254624 -0.000403535 -0.000626994 -0.000128393 0.217653 0.0641744
0 2.15385e-16 -0.000598533 -0.000133111 -0.000940841 -0.000208501 0.216684 0.0632649
0 2.15385e-16 0.000873899 9.03113e-05 -0.000812394 -0.000222816 0.216838 0.0632639
0 2.15385e-16 0.000137529 3.05702e-05 -0.00130016 -0.0003554 0.216389 0.0634302
0 2.15385e-16 -0.00489768 -0.000881764 0.00161349 0.000258281 0.21678 0.0630826
0 2.15385e-16 0.00129571 0.000243983 -0.00216409 -0.000382565 0.216754 0.0627786
0 2.15385e-16 -0.000107637 1.29219e-05 0.000765301 0.000212791 0.216979 0.063446
0 2.15385e-16 0.00203181 0.00037321 -0.00107429 -0.000122651 0.216859 0.0633158
0 2.15385e-16 0.000585014 -3.53943e-05 0.000470854 0.00012394 0.216545 0.0630827
0 2.15385e-16 0.00201311 0.000349288 -0.00129648 -0.000149391 0.217117 0.0635858
0 2.15385e-16 0.000782483 0.000232725 -0.00106519 -0.00012095 0.21753 0.0632213
0 2.15385e-16 0.00193558 0.00030063 -0.000408093 -0.000118075 0.215362 0.063902
0 2.15385e-16 -0.00178743 -0.000389897 -0.000694932 4.52915e-06 0.218005 0.0636181
0 2.15385e-16 -1.60738e-05 7.8511e-06 -0.000477437 -4.32494e-06 0.21735 0.0633938
0 2.15385e-16 -0.00138777 -0.00023404 -0.00128634 -0.000103274 0.216571 0.0636857
0 2.15385e-16 -0.000172777 -9.16056e-05 0.000883525 1.85362e-05 0.216228 0.0634851
0 2.15385e-16 -0.0030698 -0.000507257 -0.00207637 -0.00043385 0.21744 0.0644025
0 2.15385e-16 0.0012334 0.000116028 0.00176068 0.000298288 0.216701 0.063565
0 2.15385e-16 0.00117743 6.1036e-05 0.000402069 2.66355e-05 0.216097 0.0633553
0 2.15385e-16 0.000656516 9.76955e-05 -0.00254083 -0.000318702 0.216092 0.0639727
0 2.15385e-16 0.00316311 0.000485162 -0.00300694 -0.000470357 0.216809 0.0635395
0 2.15385e-16 -0.00058252 -1.16522e-05 -0.000322748 -7.83873e-05 0.217654 0.0640498
0 2.15385e-16 -0.000317843 -4.32886e-05 0.00207347 0.000326447 0.216571 0.0644057
0 2.15385e-16 0.000947534 0.000153511 -9.49392e-05 -8.88036e-05 0.214656 0.0631678
0 2.15385e-16 -0.00145261 -0.000243476 -0.000739935 -8.86425e-05 0.216676 0.0633184
0 2.15385e-16 -0.00126817 -0.000194934 -0.000998993 -7.60754e-05 0.217915 0.0626425
0 2.15385e-16 0.0010179 0.000145945 -0.00181336 -0.000258353 0.21702 0.0637583
0 2.15385e-16 -0.00378542 -0.000643464 0.0012525 0.000279646 0.21754 0.0639604
0 2.15385e-16 -0.00158791 -0.000122986 0.00028648 2.88707e-05 0.216898 0.0635967
0 2.15385e-16 -0.000954024 -0.000187797 0.00101728 0.000122982 0.217542 0.0635181
0 2.15385e-16 0.00145013 0.00015784 0.000284019 6.13557e-05 0.216374 0.0634491
0 2.15385e-16 -0.00121689 -0.000190375 0.00308595 0.000483887 0.215748 0.0631069
0 2.15385e-16 0.00163976 0.000278426 -0.000783458 -0.000129569 0.217444 0.0630112
0 2.15385e-16 -0.000495284 2.64281e-05 -0.00105907 -0.000207202 0.214991 0.0631451
0 2.15385e-16 -0.00103625 -0.000238814 0.00266915 0.000422248 0.21648 0.0630027
0 2.15385e-16 0.00286176 0.000338404 -0.00206368 -0.000423076 0.215875 0.0631793
0 2.15385e-16 0.000752346 0.000131025 -0.000214921 -7.12509e-05 0.216282 0.0632931
0 2.15385e-16 -0.00103411 -0.000154112 0.000809066 8.79244e-05 0.216774 0.063038
0 2.15385e-16 -0.000888897 -0.000153229 -0.00241411 -0.000411596 0.217533 0.0629634
0 2.15385e-16 0.000671875 9.49124e-05 0.00378682 0.000659738 0.217664 0.0628215
0 2.15385e-16 0.000933402 0.000136476 0.000504345 0.000136398 0.216784 0.0624086
0 2.15385e-16 0.00131276 0.000111039 -0.000168797 -6.79558e-07 0.217988 0.0628723
0 2.15385e-16 0.000395598 0.000146368 -0.00232615 -0.000453658 0.217204 0.0628773
0 2.15385e-16 -0.00199208 -0.000538065 -0.000750857 -0.000252841 0.216195 0.0633448
0 2.15385e-16 0.000445788 0.000133337 0.0012286 0.00012065 0.216687 0.0633956
0 2.15385e-16 0.000871034 0.000368726 0.00032557 0.000141439 0.21717 0.0630906
0 2.15385e-16 0.00230669 0.00061133 0.000104106 2.8563e-05 0.216363 0.0629678
0 2.15385e-16 0.000839848 0.000157401 0.00249544 0.000390886 0.217098 0.0637911
0 2.15385e-16 0.000547528 0.000126919 -0.00114533 -0.000179306 0.216668 0.0637391
0 2.15385e-16 -0.000229705 -5.5879e-05 0.00183742 0.000226925 0.216377 0.0632106
0 2.15385e-16 -0.000780035 1.51911e-07 -0.00113265 -0.000121594 0.215943 0.0627292
0 2.15385e-16 -0.000124103 -2.60158e-05 -0.0047791 -0.000691464 0.217239 0.0640732
0 2.15385e-16 6.02376e-05 -4.31014e-05 0.00114857 0.000140555 0.216187 0.0630196
0 2.15385e-16 -0.00163011 -0.00033238 0.000267356 0.000183367 0.217216 0.0633599
0 2.15385e-16 0.000306597 0.000195761 0.000321372 0.000173804 0.215939 0.0632259
0 2.15385e-16 -0.00146345 -0.000168097 -0.000542024 -0.000212118 0.217747 0.0631515
0 2.15385e-16 -0.00215729 -0.000353824 -0.0035039 -0.000610962 0.217258 0.0637906
0 2.15385e-16 0.0028622 0.000480059 -0.000789936 -8.7833e-05 0.216451 0.0633331
0 2.15385e-16 0.000877668 0.000195265 0.00056921 2.18635e-05 0.217179 0.0631391
0 2.15385e-16 -0.0011466 -0.000167121 0.00116612 0.000161305 0.216943 0.0627722
0 2.15385e-16 0.00155895 0.000391695 -0.000267848 -7.52415e-05 0.216223 0.0636121
0 2.15385e-16 -0.00118183 -0.00030075 -0.000419902 -4.75086e-05 0.216368 0.0640704
0 2.15385e-16 -0.00181525 -0.000305072 -0.0024289 -0.000457972 0.216063 0.0640502
0 2.15385e-16 0.00122628 0.000257837 0.00190376 0.000325626 0.217153 0.063273
0 2.15385e-16 -0.000710882 -0.000187039 -0.000522143 -9.78885e-05 0.216937 0.063365
0 2.15385e-16 0.000718484 0.000319635 -0.0025111 -0.000320078 0.218359 0.0639505
0 2.15385e-16 0.00555397 0.000827209 0.0010989 0.0001459 0.21686 0.0635221
0 2.15385e-16 0.00136013 0.000220143 0.00101352 0.000124081 0.215303 0.0631785
0 2.15385e-16 -0.000408415 -6.79155e-05 0.000151584 0.000164664 0.217379 0.0631461
0 2.15385e-16 8.88383e-06 -3.26006e-05 0.00249331 0.000364093 0.216987 0.0631313
0 2.15385e-16 -0.000928938 -0.000191252 0.00356741 0.000586051 0.216745 0.0636623
0 2.15385e-16 0.00100538 8.72372e-05 0.00156863 0.000312709 0.21698 0.0627738
0 2.15385e-16 3.25003e-05 3.45407e-05 0.00128928 0.000330785 0.216991 0.0628522
0 2.15385e-16 -0.00150592 -0.000402215 0.000812661 9.72971e-05 0.217272 0.0636451
0 2.15385e-16 0.00199292 0.000300867 0.00281372 0.000505343 0.216578 0.0633999
0 2.15385e-16 0.00257104 0.000479912 0.00323876 0.000606851 0.216711 0.0636725
0 2.15385e-16 -5.69342e-05 4.25919e-06 -0.00167056 -0.000192929 0.218528 0.0639645
0 2.15385e-16 0.000928605 0.0001437 -0.000723459 -0.000200639 0.216066 0.0631942
0 2.15385e-16 -0.00198901 -0.000363426 0.00165771 0.00045237 0.21741 0.0634125
0 2.15385e-16 -0.000360577 -1.52237e-05 0.00225365 0.000297538 0.215265 0.0637046
0 2.15385e-16 0.00205375 0.000283634 -0.0022711 -0.000266161 0.215286 0.0631307
0 2.15385e-16 -0.00143986 -0.000200445 0.00115367 0.000336499 0.216991 0.0636105
0 2.15385e-16 0.00298615 0.000493752 -0.00132698 -0.000196814 0.215845 0.0638015
0 2.15385e-16 -0.000616019 -1.88258e-05 -0.00199968 -0.000227939 0.216367 0.0637089
0 2.15385e-16 -6.18022e-05 -8.69615e-05 0.00344654 0.000453522 0.216484 0.0635912
0 2.15385e-16 0.00051206 0.000136126 0.00214923 0.000311682 0.216748 0.0634682
0 2.15385e-16 -0.00129807 -0.00015608 -0.000745091 -5.9576e-05 0.217119 0.0634014
0 2.15385e-16 -0.000872782 -8.48857e-05 -0.00191681 -0.000377443 0.216918 0.0631066
0 2.15385e-16 0.000719194 0.000233356 -0.00265947 -0.000405952 0.217796 0.0635942
0 2.15385e-16 0.00190621 0.000341707 -0.00211277 -0.00035011 0.216888 0.0628753
0 2.15385e-16 -0.00149278 -0.000351977 -0.00123559 -0.000199917 0.216441 0.064055
0 2.15385e-16 0.00121371 0.000189152 0.000316255 -1.69888e-05 0.217027 0.0631773
0 2.15385e-16 0.00450381 0.000906698 9.17696e-06 -0.000156224 0.217281 0.0632849
0 2.15385e-16 0.00109872 0.000150148 -0.000867635 -1.76008e-05 0.216997 0.0630404
0 2.15385e-16 0.000370195 2.9408e-05 0.000973746 8.39525e-05 0.216177 0.0632241
0 2.15385e-16 -0.000239906 -1.72564e-05 0.00249657 0.000409959 0.216386 0.0635352
0 2.15385e-16 0.00110111 0.000262499 0.00222423 0.000355929 0.217177 0.0630129
0 2.15385e-16 -0.00232621 -0.000450295 0.000460866 0.000127591 0.216953 0.0635765
0 2.15385e-16 0.000904792 3.21394e-05 7.08263e-05 -0.000113082 0.216711 0.0629914
0 2.15385e-16 -0.000751504 -9.92372e-05 0.000576881 -7.48794e-05 0.216412 0.0631227
0 2.15385e-16 0.00133255 0.000293195 0.000679277 0.000144766 0.217761 0.0626471
0 2.15385e-16 -0.000925861 -0.000231153 0.00251365 0.000376406 0.215653 0.063319
0 2.15385e-16 0.00173973 0.000299439 0.000306841 0.000100504 0.21736 0.0632452
0 2.15385e-16 -0.00203695 -0.000272797 0.000726295 0.000225962 0.217063 0.0638591
0 2.15385e-16 0.00141435 0.000222608 -0.000252891 -3.85687e-05 0.217257 0.0627528
0 2.15385e-16 -0.00356481 -0.000555186 -0.00259792 -0.000499096 0.217945 0.0637268
0 2.15385e-16 0.0029588 0.00063081 -0.00263894 -0.000563411 0.216762 0.062755
0 2.15385e-16 0.0012695 0.000283326 -0.00247577 -0.000491277 0.218176 0.0627582
0 2.15385e-16 -0.00160266 -0.000270701 -0.000564823 -0.000173364 0.216739 0.0637081
0 2.15385e-16 0.000621012 -3.41874e-05 -0.00109842 -0.000142 0.216383 0.0631063
0 2.15385e-16 0.00252988 0.000282355 -0.000647613 2.26688e-05 0.215424 0.0640325
0 2.15385e-16 0.000671436 7.48708e-05 0.000314315 0.000142173 0.217065 0.0631195
0 2.15385e-16 -0.00445002 -0.000734325 0.00313973 0.000561961 0.217722 0.0638682
0 2.15385e-16 -0.000663717 -0.000169172 -0.00162499 -0.000313573 0.216194 0.0632725
0 2.15385e-16 -0.00295957 -0.000650033 0.0004669 0.000279466 0.218551 0.0634691
0 2.15385e-16 0.000851283 0.000266146 -0.000308483 -8.01426e-07 0.215328 0.0633892
0 2.15385e-16 0.00103986 0.000325077 -0.00304987 -0.000533176 0.218689 0.0630497
0 2.15385e-16 0.000810672 0.0001637 0.0021592 0.000325984 0.21723 0.0643213
0 2.15385e-16 0.00205162 0.00037349 0.00115598 0.000355808 0.217 0.0631052
0 2.15385e-16 0.00178162 0.000257945 0.00235855 0.000375086 0.216655 0.0632122
0 2.15385e-16 -0.000864217 -0.000117695 0.00362859 0.000556385 0.217154 0.0629756
0 2.15385e-16 -0.000711976 -0.000171876 0.00187616 0.000285533 0.216308 0.0635891
0 2.15385e-16 0.000287493 6.91496e-05 -0.000535332 -0.000216636 0.216061 0.0635658
0 2.15385e-16 -0.000170865 0.000200638 0.000747879 0.000128634 0.217199 0.0630153
0 2.15385e-16 -0.0039745 -0.000822006 0.000161312 -5.93247e-05 0.217848 0.0626554
0 2.15385e-16 0.00163947 0.000257609 0.00127709 6.78328e-05 0.215584 0.063267
0 2.15385e-16 -0.000823947 -9.70455e-05 0.00179938 0.000303079 0.215112 0.0630364
0 2.15385e-16 0.00392836 0.000721425 1.7562e-05 -4.61446e-05 0.216585 0.062689
0 2.15385e-16 -0.00203754 -0.000366178 -0.000304251 -2.96991e-05 0.217639 0.0634475
0 2.15385e-16 -0.00223677 -0.000399045 0.000787196 0.000129402 0.217992 0.0632896
0 2.15385e-16 -0.00249279 -0.000392031 -0.00272349 -0.000453048 0.218016 0.0641561
0 2.15385e-16 0.00227964 0.000460368 -0.00122498 -0.000206633 0.216599 0.0631243
0 2.15385e-16 0.000666849 0.000129155 -0.000223908 2.46512e-05 0.216857 0.0631462
0 2.15385e-16 0.00254273 0.000400461 -0.000719826 -0.000138514 0.216715 0.0630349
0 2.15385e-16 -0.00204318 -0.000254252 0.00195453 0.000411865 0.216633 0.0632704
0 2.15385e-16 0.000763793 0.000100302 0.00197075 0.000224015 0.216215 0.0636104
0 2.15385e-16 -0.00125188 -0.00027318 -0.00128036 -0.000316746 0.216751 0.0639293
0 2.15385e-16 -0.00289411 -0.000528308 0.00104982 0.000307386 0.216278 0.0640657
0 2.15385e-16 -0.00019892 -5.52505e-05 -0.000705352 -0.000253358 0.215625 0.0634387
0 2.15385e-16 -0.00114528 -0.000119886 0.000760264 0.00025947 0.217204 0.0637398
0 2.15385e-16 0.00255896 0.000455988 -0.000162658 -3.07584e-05 0.217421 0.0628071
0 2.15385e-16 0.000232802 3.17014e-05 0.00242323 0.000376096 0.216641 0.0637013
0 2.15385e-16 0.00114651 0.00027694 -0.000210207 -0.000114111 0.21581 0.0635205
0 2.15385e-16 0.0017986 0.000336033 -0.00112274 -0.000194867 0.216438 0.0637428
0 2.15385e-16 -0.00291552 -0.00042456 0.000847262 -1.93448e-05 0.216778 0.0636636
0 2.15385e-16 2.01914e-05 -1.83212e-05 -0.00117512 -0.000106668 0.217771 0.0628099
0 2.15385e-16 0.00207923 0.000260477 -0.00362027 -0.000672532 0.217164 0.0637508
0 2.15385e-16 -0.00023438 5.49087e-05 0.000158703 -9.48691e-05 0.215991 0.0634657
0 2.15385e-16 -0.000796493 -0.000123804 -0.0026718 -0.000388813 0.217518 0.0639909
0 2.15385e-16 -0.00335064 -0.000551006 0.00108043 0.000229994 0.218672 0.0638261
0 2.15385e-16 0.00218526 0.000382837 0.000696806 0.000108724 0.216832 0.0640675
0 2.15385e-16 -0.00200677 -0.000469518 0.000928543 0.000147715 0.217471 0.0630383
0 2.15385e-16 -0.00257061 -0.000567254 -0.0014357 -0.000259765 0.218572 0.0636064
0 2.15385e-16 -0.000646821 -6.56881e-05 7.10446e-05 -8.33898e-05 0.214399 0.0631842
0 2.15385e-16 -0.00544581 -0.000792461 0.000179059 5.23658e-05 0.217656 0.0631288
0 2.15385e-16 -0.00219912 -0.000270465 0.00174467 0.000274733 0.2166 0.0632697
0 2.15385e-16 -0.00273585 -0.000484773 0.00051426 2.64864e-05 0.216561 0.0633533
0 2.15385e-16 -0.00331608 -0.000616675 0.00243155 0.000473593 0.216542 0.0632441
0 2.15385e-16 -0.000215049 -4.75484e-05 -0.00247865 -0.00028672 0.216279 0.0638191
0 2.15385e-16 0.00197472 0.000256271 -0.00101835 -0.000223358 0.218341 0.0629501
0 2.15385e-16 -0.000245796 0.000100795 0.00041991 0.000174447 0.216928 0.0633832
0 2.15385e-16 0.00166547 0.000309398 -0.000538265 -5.78231e-05 0.216763 0.064186
0 2.15385e-16 0.000937273 0.000311196 0.000112689 -4.54532e-05 0.216461 0.0630686
0 2.15385e-16 0.00354047 0.000640836 -0.00107623 -0.000214418 0.217404 0.0629537
0 2.15385e-16 0.0012327 0.000257675 0.000271559 2.37247e-05 0.215497 0.0639378
0 2.15385e-16 -0.00152721 -0.000231226 0.00273686 0.000479938 0.21848 0.0628136
0 2.15385e-16 -0.00337314 -0.00057723 -0.00123268 -0.000115215 0.218262 0.0642234
0 2.15385e-16 -0.00102162 -0.00014771 0.00273235 0.000500279 0.21591 0.0631756
0 2.15385e-16 0.00129089 0.000211853 0.00231811 0.000469399 0.216773 0.0632343
0 2.15385e-16 0.00219269 0.000352 3.12905e-05 4.21481e-05 0.216555 0.0637743
0 2.15385e-16 -0.00166353 -0.000312594 -0.00131799 -0.000196552 0.216955 0.0641435
0 2.15385e-16 0.000602055 8.1535e-05 -0.00229799 -0.000313141 0.216149 0.0633367
0 2.15385e-16 0.00273812 0.000571679 0.000828134 2.63564e-05 0.216808 0.0635482
0 2.15385e-16 0.00327253 0.000478552 0.00202885 0.000296892 0.216896 0.0634464
0 2.15385e-16 -0.000506488 -7.58044e-05 -0.00022592 -3.39843e-05 0.216793 0.0629463
0 2.15385e-16 0.00195908 0.000382894 -0.000471155 -8.05577e-05 0.216512 0.0640509
0 2.15385e-16 -0.000500969 -9.95514e-05 0.00227816 0.000404998 0.216419 0.0631649
0 2.15385e-16 -0.000288322 -0.000198565 -0.00160805 -0.000248505 0.216353 0.0638562
0 2.15385e-16 0.00286931 0.000638429 -0.000438602 8.46355e-06 0.217215 0.0625555
0 2.15385e-16 -0.00116524 -0.000185761 -0.00118793 -0.000101572 0.216736 0.0643721
0 2.15385e-16 -6.04129e-05 6.12373e-05 -0.00109595 -0.000117258 0.217204 0.0629419
0 2.15385e-16 0.00475995 0.000793312 -0.000669441 -7.20059e-05 0.217223 0.0633895
0 2.15385e-16 -0.00020065 -4.30895e-05 3.45851e-05 0.00016155 0.217111 0.0632425
0 2.15385e-16 0.00244784 0.000366861 0.00403151 0.000660415 0.217203 0.062947
0 2.15385e-16 -0.000695388 -0.000155907 0.00337926 0.000700513 0.216953 0.063626
0 2.15385e-16 0.00183654 0.00039229 0.00335734 0.000463057 0.217438 0.0633014
0 2.15385e-16 -0.00163907 -0.000397261 0.00280527 0.00037873 0.216638 0.063901
0 2.15385e-16 0.00201765 0.000240927 0.00310255 0.000594903 0.215445 0.0636549
0 2.15385e-16 -0.0019666 -0.00045155 0.00104173 0.000150205 0.217066 0.0631697
0 2.15385e-16 0.000731165 3.84069e-05 -0.00275504 -0.000671233 0.216654 0.0622257
0 2.15385e-16 -0.00143004 -0.000269479 4.95928e-05 -0.00012214 0.216921 0.0630829
0 2.15385e-16 -0.00101652 -0.000122284 -0.00170891 -0.00012414 0.21745 0.0641712
0 2.15385e-16 -0.00193209 -0.000319385 -0.00107214 -0.00010795 0.216139 0.063569
0 2.15385e-16 -0.0016574 -0.000300666 0.00106882 0.000276295 0.215578 0.0635104
0 2.15385e-16 0.0032224 0.000650486 -0.000554222 -0.000107497 0.216276 0.0634427
0 2.15385e-16 -0.00251117 -0.000460569 0.00216589 0.000392159 0.217071 0.0643426
0 2.15385e-16 0.000211376 -5.16743e-05 -0.00354349 -0.000643522 0.21709 0.0623728
0 2.15385e-16 -0.000522094 -0.000154067 0.00048661 0.000122426 0.215077 0.0629915
0 2.15385e-16 0.00418516 0.000677351 -0.00162349 -0.000226578 0.21573 0.0639953
0 2.15385e-16 0.000587385 0.0001786 0.00203832 0.000361379 0.216372 0.0629182
0 2.15385e-16 0.00308734 0.000439105 -0.00112151 -0.000184874 0.215787 0.0631181
0 2.15385e-16 -0.0006791 -0.000171345 0.0002051 3.60746e-05 0.21693 0.0630046
0 2.15385e-16 0.00180747 0.000218256 0.000631436 0.000134699 0.217533 0.0637081
0 2.15385e-16 -0.00430672 -0.000729832 -0.00165949 -0.000206192 0.21821 0.063248
0 2.15385e-16 0.00116408 0.000250188 -0.00118762 -0.000180186 0.215419 0.0637926
0 2.15385e-16 -0.00213156 -0.000296057 5.17821e-05 2.19553e-05 0.217114 0.0639163
0 2.15385e-16 0.00205241 0.000409053 0.00167171 0.000216099 0.217116 0.0632161
0 2.15385e-16 -0.00268263 -0.000434013 0.00200529 0.000428573 0.21722 0.0632649
0 2.15385e-16 0.001659 0.000355435 -0.00310516 -0.000526628 0.217183 0.0640703
0 2.15385e-16 0.000929315 0.000107147 0.00194281 0.000351334 0.216731 0.0632374
0 2.15385e-16 -0.000132571 -1.60896e-05 -0.000477988 6.53147e-05 0.215595 0.0637511
0 2.15385e-16 -0.000330143 -2.38088e-05 0.00123111 0.000230469 0.216226 0.0636705
0 2.15385e-16 0.000994464 0.000235002 0.00228968 0.000577434 0.216891 0.0627395
0 2.15385e-16 0.00288055 0.000409744 -0.000982161 -0.000196322 0.217303 0.0636894
0 2.15385e-16 0.00330866 0.00058099 -0.00538042 -0.000924195 0.216646 0.0632043
0 2.15385e-16 0.00265261 0.000570569 -0.00177564 -0.000230888 0.216428 0.063414
0 2.15385e-16 -0.00120647 -0.00024331 0.000309827 0.000169736 0.217064 0.0630914
0 2.15385e-16 -0.00121799 -0.000190127 0.000652692 0.000193876 0.217571 0.0628508
0 2.15385e-16 -0.00158829 -0.000228742 -0.000638721 -0.00013839 0.216839 0.063626
0 2.15385e-16 -0.00198953 -0.000368514 0.00398247 0.000689956 0.217414 0.0630247
0 2.15385e-16 0.00133891 0.000198463 -0.000483562 -2.95965e-05 0.215372 0.0630558
0 2.15385e-16 0.00155149 0.000217644 -0.00126221 -9.11724e-05 0.21674 0.0625376
0 2.15385e-16 0.000341744 9.11003e-05 -0.000258849 1.98227e-05 0.216455 0.0630347
0 2.15385e-16 0.000323307 -3.09299e-05 -0.00173333 -0.000306227 0.217143 0.0631962
0 2.15385e-16 -0.00104087 -0.000300312 0.00389024 0.000578293 0.217452 0.0634816
0 2.15385e-16 -0.000462811 -8.58364e-05 0.000673521 9.22719e-05 0.216594 0.0637768
0 2.15385e-16 -0.001673 -0.000177919 0.000839191 0.000226258 0.21713 0.0631216
0 2.15385e-16 0.00110477 0.0001458 0.00198225 0.000144267 0.216308 0.0635463
0 2.15385e-16 0.00224812 0.000315023 0.0013623 0.000156922 0.215669 0.0626648
0 2.15385e-16 -0.002825 -0.000580967 0.0010602 0.000202824 0.215715 0.0632754
0 2.15385e-16 -0.000476279 -4.99983e-05 -0.00221435 -0.000331613 0.216694 0.0636179
0 2.15385e-16 9.93091e-05 -6.37013e-06 0.00132301 0.000320947 0.217002 0.0631457
0 2.15385e-16 0.000351171 -9.62336e-05 0.00120843 0.000171969 0.2162 0.0636005
0 2.15385e-16 0.00116033 7.87793e-05 0.0019975 0.000448611 0.214964 0.0633183
0 2.15385e-16 -0.000563205 -5.64492e-05 0.00211157 0.00041042 0.215927 0.0629003
0 2.15385e-16 -0.000850564 -0.000224102 -0.0022061 -0.000372206 0.21667 0.0636689
0 2.15385e-16 0.000370197 0.000122814 -0.000265105 0.000105842 0.216179 0.0630024
0 2.15385e-16 -0.00143328 -0.000204171 -8.96954e-05 -1.77598e-05 0.217097 0.0625527
0 2.15385e-16 -0.00191551 -0.000263891 0.00109428 0.000251213 0.217117 0.062887
0 2.15385e-16 -1.76011e-05 0.000119784 0.00126858 0.000194424 0.216419 0.0633486
0 2.15385e-16 0.00114253 0.000210384 0.000535325 8.95528e-05 0.216305 0.0633509
0 2.15385e-16 0.00100323 -7.12657e-05 0.00174688 0.000269459 0.217591 0.0634886
0 2.15385e-16 0.00203408 0.000446547 -0.000843751 -0.000230726 0.216202 0.0630698
0 2.15385e-16 -0.00259174 -0.000479735 -0.00112182 -7.39125e-05 0.217032 0.063752
0 2.15385e-16 -0.0022727 -0.000426118 -0.000393097 -4.76186e-05 0.217401 0.0637426
0 2.15385e-16 -0.000948698 -0.000168865 0.00110796 0.000160822 0.217093 0.0634511
0 2.15385e-16 0.00169908 0.000375306 0.00360283 0.000726937 0.216861 0.0633466
0 2.15385e-16 0.00191054 0.000394815 0.00135415 0.000265816 0.216986 0.0633223
0 2.15385e-16 0.00162166 0.000310604 -0.0015158 -0.000203019 0.217533 0.0629546
0 2.15385e-16 -0.00178993 -0.000326834 0.00109083 0.00035224 0.216961 0.0631188
0 2.15385e-16 -0.000299594 -0.000137684 0.000364728 0.000106525 0.215165 0.0635338
0 2.15385e-16 0.000679501 0.000177493 0.000257775 -6.51327e-06 0.217767 0.0631264
0 2.15385e-16 -0.00127594 -0.000164863 -0.00113794 -0.000174277 0.217709 0.0640215
0 2.15385e-16 -0.00130189 -0.00015188 0.00161167 0.000247754 0.216371 0.0634564
0 2.15385e-16 -1.5322e-05 5.01279e-05 0.000538058 0.000100304 0.218033 0.0631825
0 2.15385e-16 0.00121569 0.000162357 0.00160105 0.000289986 0.21543 0.0634692
0 2.15385e-16 -5.35875e-05 0.000109534 -0.0012936 -0.000227546 0.216721 0.0630448
0 2.15385e-16 -0.00225116 -0.000502242 0.00152056 0.000224681 0.216261 0.0639255
0 2.15385e-16 -0.000875466 -0.000111794 -0.0012601 -0.000185614 0.216833 0.0632912
0 2.15385e-16 -0.00336139 -0.000498404 0.000938126 0.000205657 0.216718 0.0638983
0 2.15385e-16 0.00101432 0.000229157 -0.00256983 -0.000549986 0.216368 0.0630911
0 2.15385e-16 -0.00105992 -0.000111484 -0.000377133 -1.03888e-05 0.217133 0.0634861
0 2.15385e-16 -0.000696993 -8.73776e-05 -0.00544148 -0.00087868 0.216678 0.062756
0 2.15385e-16 0.00374398 0.000633175 -0.00221722 -0.000465704 0.216913 0.0640769
0 2.15385e-16 -8.25663e-05 -5.53702e-05 0.00240078 0.000313234 0.215917 0.0639161
0 2.15385e-16 0.000172473 -1.35812e-05 -7.20742e-05 0.000166241 0.216284 0.0636439
0 2.15385e-16 0.00214427 0.000266064 -0.0019318 -0.000516706 0.216934 0.0639746
0 2.15385e-16 0.000353371 0.000117522 -0.00194459 -0.000368369 0.21724 0.0632263
0 2.15385e-16 -0.00130285 -0.00036278 -0.00189422 -0.00030827 0.216594 0.0632119
0 2.15385e-16 -0.00270925 -0.000565256 -0.00171297 -0.000129385 0.218062 0.0639007
0 2.15385e-16 0.00078028 0.000177035 -0.00217606 -0.000274173 0.216195 0.063115
0 2.15385e-16 0.00460942 0.000649534 -0.000779081 -0.000250796 0.216325 0.063437
0 2.15385e-16 0.000296307 6.73581e-05 0.0006975 5.30921e-05 0.217467 0.0638472
0 2.15385e-16 0.000818793 0.000110854 0.0017953 0.000136915 0.216186 0.0641927
0 2.15385e-16 0.000896853 0.000224475 -0.00305432 -0.000572598 0.219074 0.0636327
0 2.15385e-16 -0.00277864 -0.000439115 -0.00109451 -0.000195463 0.218051 0.063981
0 2.15385e-16 -0.0043691 -0.000683779 -0.000572738 -4.62042e-05 0.216147 0.0636105
0 2.15385e-16 -0.000630075 -0.000268211 0.00186302 0.00023109 0.216094 0.0629454
0 2.15385e-16 0.00132978 0.00033173 0.00246373 0.000489509 0.217505 0.0631695
0 2.15385e-16 -0.000488478 -0.000128809 -0.00073753 -0.000139838 0.216619 0.0632693
0 2.15385e-16 -0.000416164 -0.000199997 -0.00262101 -0.00033238 0.217259 0.0639292
0 2.15385e-16 -8.21714e-05 -3.30414e-05 -0.00178094 -0.000450377 0.21658 0.0627715
0 2.15385e-16 0.00252031 0.000444748 0.00435315 0.00070086 0.216633 0.0629517
0 2.15385e-16 -0.00195582 -0.000305598 -0.000566015 -0.000274273 0.216864 0.0633553
0 2.15385e-16 0.00352086 0.000501041 -0.000370863 -0.000195632 0.215739 0.0635776
0 2.15385e-16 -0.00116528 -0.000220956 -0.00234595 -0.00043081 0.216424 0.0638563
0 2.15385e-16 -0.00150557 -0.00030793 -0.00172313 -0.000259135 0.217041 0.0638919
0 2.15385e-16 0.00114893 0.000152186 -0.000587663 -4.76736e-05 0.217025 0.0633845
0 2.15385e-16 0.000870659 0.000152895 0.000654204 -9.30632e-05 0.216495 0.0634663
0 2.15385e-16 -0.0024682 -0.000372684 0.00217721 0.000378188 0.216307 0.0634231
0 2.15385e-16 -0.0016583 -0.00027386 -0.00138076 -0.000292342 0.217333 0.0630512
0 2.15385e-16 -0.00274281 -0.000523804 -0.00381616 -0.000690186 0.218725 0.0634456
0 2.15385e-16 0.00118675 0.000313856 0.00142096 0.000178368 0.216012 0.0632847
0 2.15385e-16 -5.92338e-05 -5.02611e-05 0.00349735 0.000552244 0.216516 0.0635577
0 2.15385e-16 -0.000501953 -0.000161042 -0.0029684 -0.000453781 0.217593 0.0641497
0 2.15385e-16 -0.000253705 -4.34732e-05 0.000768574 0.000175445 0.216469 0.0625152
0 2.15385e-16 -0.00224268 -0.00036623 0.0026768 0.000547518 0.217364 0.0632634
0 2.15385e-16 -0.00156967 -0.000398459 0.00319229 0.000519653 0.217273 0.0630415
0 2.15385e-16 -0.000903428 -0.000217729 0.000558679 7.74808e-05 0.217561 0.0629476
0 2.15385e-16 0.00120825 0.000267955 0.00392629 0.000531868 0.215428 0.0641539
0 2.15385e-16 0.00163641 0.000279216 -0.000196123 -0.000141182 0.217102 0.0633777
0 2.15385e-16 -0.00340733 -0.00078126 0.00234224 0.000333115 0.217067 0.0632736
0 2.15385e-16 -0.00169574 -0.00023792 3.09229e-05 -5.41081e-05 0.21769 0.0628342
0 2.15385e-16 0.000349806 2.40728e-05 -0.00038674 -7.86427e-05 0.21564 0.0631708
0 2.15385e-16 -0.000273116 4.49087e-06 0.00254375 0.000416358 0.216413 0.0637993
0 2.15385e-16 0.00255245 0.000627537 0.00157013 0.000102958 0.215826 0.0635985
0 2.15385e-16 -0.00374638 -0.000631444 -0.00231289 -0.000528572 0.218086 0.0643491
0 2.15385e-16 -4.84193e-05 -3.66648e-05 -0.000982935 -0.000232197 0.217143 0.0633716
0 2.15385e-16 -0.000867965 -0.000165413 -0.000439667 -6.58366e-05 0.217016 0.0636161
0 2.15385e-16 0.00110811 0.000175094 -0.00134693 -0.000189271 0.215919 0.0635618
0 2.15385e-16 -0.00437672 -0.000755955 -0.00225728 -0.000359272 0.217356 0.0637588
0 2.15385e-16 -0.000912083 -0.000230341 0.00134875 0.00015807 0.217837 0.0630786
0 2.15385e-16 0.000665989 0.000136778 -0.00128425 -0.000222172 0.216374 0.0632507
0 2.15385e-16 -0.000701842 -6.71041e-05 0.000356091 -6.62601e-05 0.216499 0.0627828
0 2.15385e-16 0.00260529 0.00034236 -0.00216473 -0.0002343 0.216253 0.0632901
0 2.15385e-16 -0.00154455 -0.000251012 -0.000645005 -7.64756e-05 0.217024 0.0634905
0 2.15385e-16 0.000691752 5.4789e-05 0.000450391 9.58201e-05 0.215357 0.0633975
0 2.15385e-16 0.00268403 0.000509714 0.00238373 0.000355247 0.216609 0.0636084
0 2.15385e-16 -0.000588488 -0.000118207 0.000771605 0.000139584 0.215842 0.0628379
0 2.15385e-16 0.000742157 0.000123316 0.0030342 0.000607005 0.216671 0.0632696
0 2.15385e-16 0.00030152 5.74516e-05 0.000841511 0.000161382 0.215927 0.0626727
0 2.15385e-16 -0.000136822 -7.3681e-05 -5.51255e-05 3.15112e-05 0.216472 0.0632918
0 2.15385e-16 0.000975044 0.000257808 -0.000164352 0.000128092 0.218022 0.0636034
0 2.15385e-16 4.50499e-05 3.53014e-06 -0.000447818 1.04045e-05 0.216121 0.0636211
0 2.15385e-16 0.00380056 0.000761247 0.00056332 0.00021943 0.217354 0.0634244
0 2.15385e-16 -0.00161964 -0.000311432 0.00257622 0.000485786 0.214911 0.0637811
0 2.15385e-16 -0.001839 -0.000307407 -0.00114033 -0.000232277 0.216525 0.0638789
0 2.15385e-16 0.00277142 0.000418063 7.71205e-05 -4.40527e-05 0.216137 0.0632293
0 2.15385e-16 0.00085637 0.000111611 0.000755909 0.000178589 0.216854 0.0635318
0 2.15385e-16 0.00217398 0.000451601 0.0023332 0.000470309 0.217573 0.0635538
0 2.15385e-16 -0.000162336 -5.63105e-05 -0.00163903 -0.000227141 0.21626 0.0634751
0 2.15385e-16 -5.18259e-05 -2.23378e-05 0.00140901 0.000256667 0.216318 0.0631918
0 2.15385e-16 0.00020861 6.04409e-05 0.000927412 7.1321e-05 0.216869 0.0631622
0 2.15385e-16 -0.00439811 -0.000769823 0.00178124 0.000364722 0.217936 0.0639662
0 2.15385e-16 0.00171128 0.000287921 0.00183385 0.000401615 0.216366 0.0637103
0 2.15385e-16 0.00132253 0.000254276 -0.00178312 -0.000455312 0.217516 0.0632755
0 2.15385e-16 0.000163808 6.09775e-05 0.00340407 0.000459286 0.21666 0.0633063
0 2.15385e-16 -0.00312051 -0.000565688 -0.000771418 -2.81004e-05 0.216875 0.0634617
0 2.15385e-16 0.000449726 2.85079e-05 -0.00134328 -0.000110338 0.215911 0.0626787
0 2.15385e-16 -0.0020197 -0.000472817 -0.000974267 -3.8301e-05 0.21691 0.0633693
0 2.15385e-16 0.000460747 7.31903e-05 -0.00405955 -0.0007811 0.217574 0.0634
0 2.15385e-16 -0.00402628 -0.000734306 0.00325713 0.000456854 0.216339 0.0639519
0 2.15385e-16 -0.00127206 -0.000259799 -0.000350131 -0.000148369 0.216102 0.0629988
0 2.15385e-16 -0.00109666 -0.000135053 0.000864196 0.000159116 0.218239 0.0633678
0 2.15385e-16 -0.000835959 -0.000206937 -2.39262e-05 0.000103858 0.216792 0.0631163
0 2.15385e-16 -0.001569 -0.000112427 -0.00223815 -0.00024896 0.217721 0.0641173
0 2.15385e-16 -0.0034233 -0.000679377 -0.00424956 -0.000719787 0.217524 0.0641398
0 2.15385e-16 0.00147046 0.000363699 -0.000223647 -0.000132366 0.215964 0.0632824
0 2.15385e-16 0.0025359 0.000445477 -0.00153638 -0.000400343 0.216714 0.0632446
0 2.15385e-16 0.000648487 0.000137645 -0.00183027 -0.000460535 0.216508 0.0636585
0 2.15385e-16 -0.00421255 -0.000818529 -0.000503638 -0.000101715 0.218055 0.0640517
0 2.15385e-16 -0.000568927 1.00462e-05 -0.0022499 -0.000287568 0.217707 0.0638738
0 2.15385e-16 -0.000541406 -0.000325883 0.000702657 2.43864e-05 0.217085 0.0632504
0 2.15385e-16 0.00154097 0.000184931 -0.00232528 -0.000414877 0.215582 0.0631012
0 2.15385e-16 5.20716e-05 -2.03489e-05 -0.000964799 -0.000230174 0.217053 0.0636551
0 2.15385e-16 0.00169145 0.00028661 -0.00135201 -6.2017e-05 0.216952 0.0638867
0 2.15385e-16 0.00113136 0.000103352 -4.88922e-05 -0.000104989 0.217086 0.0634145
0 2.15385e-16 0.000927767 0.000227208 0.000654677 7.50005e-05 0.215811 0.0636557
0 2.15385e-16 0.000272636 0.000120591 0.00466121 0.000785513 0.216565 0.0629707
0 2.15385e-16 0.00130668 0.000154553 0.000396897 8.18754e-05 0.215302 0.0637594
0 2.15385e-16 0.00250318 0.000526021 -0.00254781 -0.000363088 0.217155 0.0641573
0 2.15385e-16 -0.00396329 -0.00082797 -0.00184301 -0.000402063 0.21719 0.0637296
0 2.15385e-16 0.00354075 0.000624982 0.00190265 0.000190012 0.217303 0.0640735
0 2.15385e-16 -0.000840982 -0.00023393 -0.000722409 -0.000242118 0.216866 0.0632566
0 2.15385e-16 -0.00219278 -0.000357931 -2.7869e-05 -6.48891e-05 0.216959 0.0628563
0 2.15385e-16 -0.00191493 -0.000246191 -0.00123751 -0.000152134 0.216636 0.0636597
0 2.15385e-16 0.00157402 0.00032916 0.000977329 7.10002e-05 0.21756 0.0626118
0 2.15385e-16 -0.00202716 -0.000285937 -0.000326288 -7.21963e-05 0.217952 0.0634525
0 2.15385e-16 -0.000593988 -0.00015285 0.00257961 0.000419788 0.21623 0.0639145
0 2.15385e-16 0.00144317 0.000189689 0.00156284 0.000369077 0.216989 0.0630716
0 2.15385e-16 0.000957473 0.00012955 -0.00268247 -0.00052185 0.217945 0.0622634
0 2.15385e-16 -0.00135868 -0.000309752 0.00125416 0.000253828 0.21574 0.0635119
0 2.15385e-16 -0.00158487 -0.000164511 -0.00316909 -0.00048784 0.218287 0.0637297
0 2.15385e-16 -0.000345694 -3.62016e-05 -0.00123818 -0.000245571 0.217344 0.0632343
0 2.15385e-16 -0.000512755 -7.17202e-05 -0.000294008 -5.19694e-05 0.215257 0.0632424
0 2.15385e-16 -0.000984661 -0.000248668 0.0013518 0.000177255 0.215692 0.0635107
0 2.15385e-16 0.00143583 0.000305197 -0.00229263 -0.000444455 0.217465 0.0625961
0 2.15385e-16 0.000588142 0.000103737 -0.000719875 -7.884e-05 0.216462 0.0631848
0 2.15385e-16 0.00233501 0.000425144 0.00173014 0.000173511 0.21597 0.0629654
0 2.15385e-16 0.000925696 0.000117146 -0.00103077 -0.000134027 0.215442 0.0631004
0 2.15385e-16 -0.000731248 -4.92262e-05 0.00207261 0.000246 0.217009 0.0639454
0 2.15385e-16 0.00175958 0.000397834 0.00163073 0.000333349 0.216562 0.0633819
0 2.15385e-16 0.000597777 0.000116971 -0.000740589 -0.000183793 0.216541 0.062608
0 2.15385e-16 0.00175525 0.000197044 0.00116679 0.000316653 0.215928 0.0634431
0 2.15385e-16 0.00277793 0.000489957 0.000118436 9.87092e-05 0.217578 0.0636104
0 2.15385e-16 -0.00207797 -0.000392923 0.00138103 0.000309486 0.217107 0.0638583
0 2.15385e-16 0.00135842 6.79455e-05 0.00274186 0.000472285 0.215586 0.0639445
0 2.15385e-16 0.00103504 0.000278176 0.000601973 0.000136416 0.216041 0.0632499
0 2.15385e-16 -0.00161763 -0.000215555 0.000145644 0.000154694 0.218028 0.063319
0 2.15385e-16 -0.00422097 -0.00069302 -0.000309867 -2.19249e-05 0.217526 0.0635703
0 2.15385e-16 -0.000108542 4.5917e-06 0.000657176 0.000132748 0.216764 0.0634853
0 2.15385e-16 -0.00101917 -0.000181364 -0.00312383 -0.000405312 0.218439 0.0635938
0 2.15385e-16 -0.00342817 -0.000753999 -0.0018228 -0.000264104 0.217608 0.0629293
0 2.15385e-16 0.0026141 0.000433031 0.00131953 0.00019888 0.217867 0.064015
0 2.15385e-16 -0.00216588 -0.000298233 -0.0023648 -0.000446129 0.215808 0.0644709
0 2.15385e-16 0.000698551 0.00024939 -0.0021167 -0.000473639 0.217496 0.0632672
0 2.15385e-16 0.000149119 1.98473e-06 0.00323379 0.000567019 0.215416 0.0634976
0 2.15385e-16 0.0031718 0.000604031 -0.00229059 -0.000382347 0.21732 0.0635972
0 2.15385e-16 -0.00226016 -0.000400286 -0.000340023 -9.68186e-05 0.217255 0.0628123
0 2.15385e-16 0.000826096 0.000182032 0.000640684 0.000145925 0.215717 0.0636078
0 2.15385e-16 0.00103383 0.000262671 -0.000604086 -0.000104562 0.21661 0.0629696
0 2.15385e-16 -0.00136173 -0.000182004 -0.00315957 -0.000670951 0.217892 0.0636609
0 2.15385e-16 -0.00207341 -0.000377574 -0.000822462 -0.000188038 0.216468 0.0637491
0 2.15385e-16 0.00180253 0.000266357 -0.00226339 -0.000350684 0.217022 0.0631373
0 2.15385e-16 -0.0028784 -0.000517045 -0.00104315 -9.064e-05 0.217345 0.0638194
0 2.15385e-16 0.00089418 1.88775e-05 0.00166361 0.000254538 0.217205 0.0634202
0 2.15385e-16 -0.000813983 -7.0268e-05 0.00196969 0.000280754 0.216649 0.0624581
0 2.15385e-16 0.000468687 6.98174e-05 0.00045466 8.16349e-05 0.215348 0.0632891
0 2.15385e-16 -0.000908553 -0.00014198 -0.0029001 -0.000368758 0.217427 0.0642651
0 2.15385e-16 -0.000403885 -5.71261e-06 -0.000880042 -0.000260884 0.216038 0.0632765
0 2.15385e-16 -0.00342805 -0.000721838 0.00239773 0.000481375 0.21761 0.0630733
0 2.15385e-16 0.000956211 0.000117974 -0.00192242 -0.000249181 0.216176 0.0636949
0 2.15385e-16 -0.000314568 -3.56575e-05 -0.00125148 -0.000206612 0.216229 0.0638836
0 2.15385e-16 -0.000191299 -0.000113239 -0.000290979 -0.000115858 0.215835 0.062444
0 2.15385e-16 -0.00241287 -0.000430543 -0.000743728 -0.000115169 0.217089 0.0635482
0 2.15385e-16 0.000586834 7.75687e-05 0.00219941 0.000346176 0.215855 0.0634304
0 2.15385e-16 0.00137779 0.000224808 -0.000743178 -9.47204e-05 0.217336 0.063279
0 2.15385e-16 -0.00154773 -0.00029151 -0.000163479 0.000121091 0.217059 0.0633248
0 2.15385e-16 -0.000822156 -0.000205279 -0.000722423 -0.000192809 0.217463 0.0637139
0 2.15385e-16 0.00167665 0.000276434 -0.00234071 -0.000499821 0.216802 0.0631998
0 2.15385e-16 -0.00109407 -0.000111919 -0.00230816 -0.000306503 0.21666 0.0633241
0 2.15385e-16 0.000838895 3.93158e-05 0.000757598 0.000153848 0.217501 0.0631266
0 2.15385e-16 -0.000756108 -0.000141577 -0.000437599 7.8134e-05 0.217518 0.063413
0 2.15385e-16 0.00247064 0.000442643 0.00194804 0.000106109 0.217377 0.0630468
0 2.15385e-16 0.000302296 7.11005e-05 0.00297372 0.000494027 0.216519 0.063035
0 2.15385e-16 -0.00300895 -0.000572765 -0.000416338 -3.9942e-06 0.216101 0.0642702
0 2.15385e-16 -0.00195396 -0.00043254 2.07199e-05 -8.37702e-05 0.216896 0.0629295
0 2.15385e-16 -0.000718717 -0.000121009 3.97736e-05 -4.15275e-05 0.216397 0.0632062
0 2.15385e-16 -0.000270785 -6.64924e-05 -0.0033415 -0.000630575 0.21849 0.0637135
0 2.15385e-16 -0.00181535 -0.000297788 0.00244693 0.00039135 0.216022 0.0630235
0 2.15385e-16 -0.00267811 -0.000596487 0.00138426 8.09913e-05 0.216936 0.0636534
0 2.15385e-16 0.00126406 0.000177527 0.000136769 1.70397e-06 0.216214 0.0627343
0 2.15385e-16 0.00341578 0.000627057 -0.000215319 1.07859e-05 0.216895 0.0632513
0 2.15385e-16 -0.000773202 -0.000184175 -0.000680807 -2.99847e-05 0.216955 0.063434
0 2.15385e-16 -0.00187219 -0.000326254 -0.00185942 -0.000310635 0.21634 0.0635792
0 2.15385e-16 -0.00143515 -0.000313312 -0.00201751 -0.000424529 0.217886 0.0636518
0 2.15385e-16 -0.000181989 -1.6586e-05 0.00051033 0.000131863 0.215445 0.0639381
0 2.15385e-16 -0.00174896 -0.000220872 0.00288713 0.000523524 0.216259 0.0632807
0 2.15385e-16 -0.000125285 -6.61977e-05 0.000294805 -1.08227e-06 0.216683 0.0632237
0 2.15385e-16 -0.000910968 -7.49662e-05 2.01045e-05 3.1966e-05 0.216756 0.0634983
0 2.15385e-16 -0.00188891 -0.000370772 0.000390483 -1.45621e-05 0.216718 0.0642755
0 2.15385e-16 0.00219285 0.000403268 0.00211144 0.000303628 0.217069 0.0633537
0 2.15385e-16 -0.00183419 -0.000509234 -0.00298971 -0.000564568 0.218369 0.0637255
0 2.15385e-16 0.00357739 0.000698242 -0.00125472 -0.000294971 0.217204 0.0634201
0 2.15385e-16 0.0015983 0.000238148 0.000599634 6.3721e-05 0.21754 0.0627217
0 2.15385e-16 -0.00108217 -0.000276806 -0.00118855 -0.000216089 0.218493 0.0638043
0 2.15385e-16 0.00258915 0.000535448 0.000190212 0.000132123 0.21659 0.0627107
0 2.15385e-16 0.00121145 0.000237659 -0.00222447 -0.000371223 0.216289 0.0631938
0 2.15385e-16 -0.000629346 -0.000108396 0.000333636 5.36584e-05 0.215883 0.0637738
0 2.15385e-16 -0.000427927 -0.000103689 0.00079448 -4.20758e-05 0.216953 0.0628779
0 2.15385e-16 -0.000718778 -4.85252e-05 0.000118822 6.42959e-06 0.216364 0.0630612
0 2.15385e-16 -0.00210334 -0.000591277 -0.00241765 -0.000423203 0.217327 0.0629094
0 2.15385e-16 0.00197515 0.000356007 -0.000772716 -0.000147484 0.216342 0.0628036
0 2.15385e-16 0.000362426 9.10017e-05 0.000585543 -8.02677e-06 0.216736 0.0628457
0 2.15385e-16 0.000336808 1.89885e-05 0.00178313 0.000273328 0.217063 0.0635334
0 2.15385e-16 -0.000314522 -5.20485e-05 0.00102432 0.000218068 0.216775 0.0634025
0 2.15385e-16 0.00141163 9.37559e-05 -0.000997601 -0.000238572 0.215316 0.063347
0 2.15385e-16 -0.00138537 -0.000358374 0.000964905 0.000146237 0.216639 0.0630043
0 2.15385e-16 0.0023602 0.000589287 9.94001e-05 -9.76017e-05 0.217345 0.0632947
0 2.15385e-16 -0.00305257 -0.000513603 -0.00108471 -5.89732e-05 0.217154 0.0641917
0 2.15385e-16 -0.00305063 -0.000485547 -0.000913751 -0.000231995 0.217751 0.0636786
0 2.15385e-16 0.00204658 0.000299712 -0.00158567 -0.000225922 0.216976 0.0628954
0 2.15385e-16 0.00138401 0.000286936 0.00441209 0.000762389 0.217844 0.063588
0 2.15385e-16 -0.000522503 -8.72694e-05 0.000715303 0.000191331 0.216552 0.0627807
0 2.15385e-16 -0.00251643 -0.000414395 0.00146017 0.000129157 0.216617 0.0630597
0 2.15385e-16 -0.00032211 -5.63751e-05 2.48699e-06 -0.000132753 0.215018 0.0632461
0 2.15385e-16 -0.0022056 -0.000290249 0.00133483 0.000332296 0.218376 0.0635136
0 2.15385e-16 -0.000622372 -5.57099e-05 0.0015932 0.000249698 0.216522 0.0632028
0 2.15385e-16 0.000731438 9.42563e-06 -0.00166893 -0.000384196 0.217201 0.0641818
0 2.15385e-16 -0.000722499 -0.000205369 0.00239615 0.000359018 0.21713 0.0629047
0 2.15385e-16 -0.00173936 -0.000444139 0.00173343 0.0004141 0.217066 0.0630683
0 2.15385e-16 -0.00249212 -0.000428729 0.000227057 5.04679e-05 0.217001 0.0638944
0 2.15385e-16 -0.000116561 -8.55693e-06 -0.00248505 -0.000487726 0.2166 0.0634348
0 2.15385e-16 -0.000189175 9.11139e-05 0.00109662 0.00010923 0.218162 0.0626508
0 2.15385e-16 -0.00347122 -0.000496203 0.00125056 0.000200526 0.216987 0.0638777
0 2.15385e-16 0.000529661 0.000116583 0.00146656 0.000248562 0.215574 0.0635674
0 2.15385e-16 -0.00113878 -0.000382641 0.0014715 0.000110458 0.215099 0.0635681
0 2.15385e-16 -0.00301563 -0.000616296 0.000898968 5.36651e-05 0.217728 0.0633959
0 2.15385e-16 0.0018256 0.000310084 -0.00301773 -0.000472606 0.217985 0.0634403
0 2.15385e-16 -0.00253177 -0.000440223 3.7128e-05 4.44614e-06 0.216274 0.0631714
0 2.15385e-16 0.000708157 0.00015604 -0.00035384 9.6462e-06 0.216626 0.0632249
0 2.15385e-16 -0.000707602 -0.000129855 0.000377421 1.4448e-05 0.216534 0.0630568
0 2.15385e-16 -0.000811465 -4.07059e-05 0.00271102 0.000446302 0.216777 0.064009
0 2.15385e-16 -0.00344524 -0.000470065 -0.000920288 -0.000174248 0.217876 0.0640934
0 2.15385e-16 -0.00255662 -0.000479303 -0.00066129 2.27273e-05 0.216292 0.0636333
0 2.15385e-16 0.000280315 1.49517e-05 0.00141023 0.000205845 0.216703 0.0634181
0 2.15385e-16 0.000392203 6.3203e-05 0.0021261 0.000422804 0.216274 0.0637004
0 2.15385e-16 0.00188957 0.000325154 -0.00173837 -0.000344694 0.215612 0.0635329
0 2.15385e-16 -0.000134347 7.80352e-05 0.00180279 0.000248649 0.216554 0.0631916
0 2.15385e-16 -2.14096e-06 -0.000154409 0.00129265 0.00010694 0.216933 0.0632465
0 2.15385e-16 0.000173135 -9.61269e-06 0.000409676 2.2397e-05 0.217601 0.063079
0 2.15385e-16 -0.000942105 -0.000161127 -0.001386 -0.000256947 0.217053 0.0632709
0 2.15385e-16 -0.00114321 -0.000101806 -0.000727677 -8.65628e-05 0.216649 0.0629921
0 2.15385e-16 -0.000437142 -5.75495e-05 -0.00116192 -0.000225888 0.21662 0.063314
0 2.15385e-16 -0.000387738 -5.59836e-05 -0.00278361 -0.000421321 0.218517 0.0629244
0 2.15385e-16 -0.00192903 -0.000156543 -0.00147631 -0.000232902 0.218012 0.0632712
0 2.15385e-16 0.00149023 0.000231108 -0.00216308 -0.000433321 0.216131 0.0631403
0 2.15385e-16 0.00176714 0.000286552 0.00283523 0.000521795 0.217717 0.0631373
0 2.15385e-16 -0.00237432 -0.000406452 -0.00116568 -0.000407577 0.218538 0.0638509
0 2.15385e-16 2.90934e-05 -8.28558e-05 0.000877005 0.000100842 0.21625 0.0630797
0 2.15385e-16 0.000911306 0.000240337 0.0016041 0.000206847 0.216777 0.0628373
0 2.15385e-16 -7.85709e-05 -5.25043e-05 -0.00258333 -0.000376114 0.219097 0.0630812
0 2.15385e-16 -0.00167941 -0.000247958 0.000114371 0.000149941 0.217241 0.0631418
0 2.15385e-16 0.00247774 0.000543711 0.00146612 0.00028398 0.216888 0.0636666
0 2.15385e-16 -0.000578592 -0.000239516 0.00148184 0.000300251 0.217901 0.063583
0 2.15385e-16 -0.00211811 -0.000300081 -0.00367101 -0.000675431 0.217723 0.0640862
0 2.15385e-16 -0.00337268 -0.00071001 -0.00120014 -0.000258357 0.217246 0.0635788
0 2.15385e-16 -0.00155459 -0.000177656 0.00485787 0.000816926 0.215641 0.0632884
0 2.15385e-16 0.000458549 -8.60331e-05 0.00198073 0.00030588 0.216061 0.0638361
0 2.15385e-16 0.00202999 0.000304557 0.0015446 0.00022029 0.216962 0.0642119
0 2.15385e-16 0.00302891 0.000459455 -0.00198561 -0.000317905 0.21526 0.0640813
0 2.15385e-16 -2.92401e-05 -2.72492e-05 0.00281263 0.000629473 0.216925 0.0637252
0 2.15385e-16 -0.00221573 -0.000414101 0.00207104 0.000291115 0.216531 0.0636123
0 2.15385e-16 0.000995765 0.000145333 0.00137478 0.000228994 0.215965 0.062818
0 2.15385e-16 0.00162432 0.000209817 -0.00287329 -0.00048843 0.218097 0.063324
0 2.15385e-16 -0.00274541 -0.000472376 -0.00182741 -0.000304856 0.217313 0.0640562
0 2.15385e-16 0.00121604 0.000271908 -0.00264319 -0.000535614 0.216975 0.0631457
0 2.15385e-16 0.00227272 0.000313494 0.00111452 0.000143311 0.216597 0.0631163
0 2.15385e-16 0.00379374 0.000780054 0.000541588 0.000187279 0.217244 0.0631184
0 2.15385e-16 -0.00305411 -0.00042818 0.000696992 0.00018896 0.216198 0.0640134
0 2.15385e-16 -0.00158774 -0.000309991 -0.000120294 -0.000136375 0.216235 0.0639447
0 2.15385e-16 -0.000639426 -7.45812e-05 -7.96933e-05 8.46076e-05 0.21788 0.0635464
0 2.15385e-16 -0.000457582 -9.32356e-05 -0.000515825 -0.000102564 0.216927 0.0636003
0 2.15385e-16 -0.00115115 -0.00028872 0.00292647 0.000531345 0.217938 0.0639294
0 2.15385e-16 0.000764244 0.000138444 -0.00260076 -0.000517362 0.216219 0.0629668
0 2.15385e-16 -0.000178945 -0.000112007 0.00183979 0.000295507 0.216083 0.0628361
0 2.15385e-16 -0.00143417 -9.53008e-05 -0.00369814 -0.000646557 0.217332 0.064023
0 2.15385e-16 0.00362471 0.000651434 0.000243495 3.31931e-05 0.216516 0.0635064
0 2.15385e-16 0.00267119 0.000463124 -0.00292092 -0.00043375 0.216479 0.0635535
0 2.15385e-16 0.00323073 0.000444037 -0.00131958 -0.000193817 0.216222 0.0637557
0 2.15385e-16 -9.79553e-05 4.87161e-05 -5.10537e-05 5.34658e-06 0.215701 0.0635015
0 2.15385e-16 -0.00212888 -0.000282442 -0.0024815 -0.000293895 0.217176 0.064335
0 2.15385e-16 -0.0012324 -0.000263839 -0.000165546 4.32267e-05 0.215416 0.06362
0 2.15385e-16 0.000693664 9.43442e-05 0.0012652 0.000223564 0.21674 0.0634848
0 2.15385e-16 -0.00242086 -0.000455589 0.00205348 0.000374366 0.216792 0.0632501
0 2.15385e-16 3.20832e-05 -2.64241e-07 0.00258393 0.000537451 0.217107 0.0631319
0 2.15385e-16 0.00201992 0.000274715 -0.00233583 -0.000410451 0.216573 0.0633021
0 2.15385e-16 -0.00123043 -0.000146463 0.000230741 8.26689e-05 0.215787 0.0639003
0 2.15385e-16 0.00133551 0.0002472 0.00223497 0.000393546 0.217774 0.0630295
0 2.15385e-16 -0.00186611 -0.000315348 0.000873151 0.000137634 0.217258 0.0629877
0 2.15385e-16 0.00193763 0.000363265 -0.00249817 -0.000378846 0.217806 0.0633935
0 2.15385e-16 0.000286413 0.000139732 0.000194179 -3.8211e-05 0.217057 0.062907
0 2.15385e-16 -0.00251745 -0.000468555 -0.000510452 4.57655e-05 0.217589 0.0637319
0 2.15385e-16 0.00237165 0.000306167 0.000295833 7.80912e-07 0.216337 0.062779
0 2.15385e-16 -0.00183018 -0.000216184 -0.0022793 -0.00035254 0.218037 0.0636402
0 2.15385e-16 0.00126635 0.000302212 0.000681596 0.000163705 0.21683 0.0632449
0 2.15385e-16 0.00181378 0.000234308 -0.0017781 -0.000143651 0.21774 0.0631856
0 2.15385e-16 -0.000700836 -7.5389e-05 0.00172659 0.000234976 0.216636 0.0633775
0 2.15385e-16 -4.75189e-05 1.31705e-05 -0.00173864 -0.000209232 0.216366 0.0637749
0 2.15385e-16 -0.000256675 -1.86839e-05 -0.000568676 -5.66916e-06 0.216776 0.063673
0 2.15385e-16 -0.000373934 -6.81894e-05 1.70479e-05 4.2098e-06 0.21615 0.0632755
0 2.15385e-16 -0.000976605 -0.000121677 0.0031054 0.000534789 0.215645 0.0637336
0 2.15385e-16 0.00240602 0.000326882 -0.000928545 -0.000186705 0.215307 0.0632365
0 2.15385e-16 0.000717327 0.000150113 0.00220595 0.000354781 0.215763 0.0634927
0 2.15385e-16 -0.00330573 -0.00060283 -0.000465009 -0.000109472 0.217685 0.0633779
0 2.15385e-16 0.00015241 -0.000106995 -0.000975999 -0.000119282 0.217405 0.0629865
0 2.15385e-16 -0.00172303 -0.000259997 0.00294382 0.00052349 0.216741 0.0627568
0 2.15385e-16 0.00112381 0.000141976 0.00523881 0.000925839 0.21633 0.0629214
0 2.15385e-16 -0.00410094 -0.000737609 0.000522837 9.3615e-05 0.216582 0.0643486
0 2.15385e-16 -0.00343565 -0.000557867 -0.000407855 -0.000146698 0.218983 0.0630005
0 2.15385e-16 0.00124777 6.0363e-05 -0.00068756 -2.8047e-05 0.216088 0.0636945
0 2.15385e-16 0.00305069 0.000567674 -0.00143069 -0.000214458 0.217477 0.0631136
0 2.15385e-16 -0.00130663 -0.000168011 -0.00016574 8.9081e-05 0.217504 0.063808
0 2.15385e-16 -0.000795022 -0.000150465 0.00100424 0.000194067 0.217101 0.0628897
0 2.15385e-16 -0.000470719 -0.000158493 0.00230525 0.000349887 0.216171 0.063083
0 2.15385e-16 0.0024611 0.000298081 -0.000706105 -7.57974e-05 0.217631 0.0634221
0 2.15385e-16 -0.00112757 -0.00017481 -0.00201159 -0.000217449 0.217317 0.0632374
0 2.15385e-16 -0.00217448 -0.000398764 -0.00369822 -0.000726462 0.219097 0.0638611
0 2.15385e-16 -0.000556983 0.000115658 -0.00247225 -0.0004956 0.217546 0.0637981
0 2.15385e-16 -0.00377886 -0.000714931 -7.1837e-05 -2.31052e-05 0.218149 0.0629579
0 2.15385e-16 0.0010195 0.000225386 -0.00304 -0.000518814 0.217681 0.0634156
0 2.15385e-16 0.000787325 0.00012244 -0.00230207 -0.000359312 0.21768 0.0627678
0 2.15385e-16 -0.000522342 4.41036e-05 -0.00124452 -0.000286509 0.216367 0.0630763
0 2.15385e-16 -0.000138088 -6.33334e-07 0.000110981 -5.2026e-05 0.216261 0.0636352
0 2.15385e-16 0.000533452 5.00208e-05 0.000477159 0.00011697 0.21456 0.0638877
0 2.15385e-16 -0.000868434 -0.000135091 -0.000214323 -3.65036e-06 0.217294 0.063111
0 2.15385e-16 0.00387184 0.000644794 0.0014194 0.000260484 0.218487 0.0631581
0 2.15385e-16 -0.000362554 -6.77911e-06 -0.00168589 -0.000224927 0.215725 0.0628359
0 2.15385e-16 0.00238121 0.000313143 0.000819382 0.000117303 0.217501 0.0635806
0 2.15385e-16 -0.000825745 -0.000217254 -0.000654916 -7.2075e-05 0.216391 0.0629942
0 2.15385e-16 0.00114951 0.00021509 -0.0031742 -0.000507909 0.217488 0.0638918
0 2.15385e-16 -0.00101511 -9.34444e-05 -0.000840585 -0.000230201 0.216991 0.0626987
0 2.15385e-16 -0.00165234 -0.000137814 -0.00166953 -0.000375691 0.218334 0.0635927
0 2.15385e-16 0.00424212 0.000525252 0.000138778 1.52029e-05 0.216529 0.0633937
0 2.15385e-16 0.00269849 0.000544172 0.000328517 -3.07501e-06 0.21583 0.0636894
0 2.15385e-16 -0.000734692 4.42695e-05 -0.000971564 -0.000148693 0.215774 0.0633663
0 2.15385e-16 -0.00114271 -0.00016687 -0.00132103 -0.000291561 0.217217 0.063724
0 2.15385e-16 0.00177137 0.000292604 -0.00098504 -0.000224887 0.216267 0.0639713
0 2.15385e-16 0.00287772 0.000551159 -0.000701031 -8.17371e-05 0.2171 0.0635265
0 2.15385e-16 0.00124069 0.000156289 0.00098717 6.12728e-05 0.216265 0.0638172
0 2.15385e-16 -0.00126968 -0.000161269 -0.00223552 -0.00042732 0.217869 0.0633932
0 2.15385e-16 0.00167087 0.000286159 0.000131663 6.36641e-06 0.216508 0.0631766
0 2.15385e-16 0.00106395 0.0001728 -0.00249159 -0.000382188 0.217092 0.0642166
0 2.15385e-16 0.000295508 1.8817e-05 -0.00118881 5.0578e-05 0.217675 0.0634482
0 2.15385e-16 0.00309998 0.000444995 -0.00112917 -0.00032502 0.217705 0.063163
0 2.15385e-16 0.00126223 0.000186435 -0.00233831 -0.00039491 0.2164 0.0637276
0 2.15385e-16 0.000260141 0.000179226 0.00273175 0.000450475 0.217169 0.0631433
0 2.15385e-16 -0.00134965 -0.000335367 0.00163616 0.000339964 0.2179 0.0630608
0 2.15385e-16 7.18997e-05 4.37873e-06 0.000847407 7.90528e-05 0.215508 0.0629717
0 2.15385e-16 -0.000799193 -5.9093e-05 0.000506014 0.000168096 0.216665 0.063487
0 2.15385e-16 -0.00177671 -0.000256142 0.00132853 0.000234709 0.217253 0.0632574
0 2.15385e-16 -0.000442796 -4.90305e-05 0.00142779 0.000253392 0.216345 0.0633823
0 2.15385e-16 0.000359901 5.01036e-05 8.88576e-05 3.45006e-05 0.216241 0.0628729
0 2.15385e-16 0.00189598 0.000169354 -0.00139985 -0.000267343 0.217248 0.0636836
0 2.15385e-16 -0.00169868 -0.000191574 -0.0025769 -0.000436937 0.218616 0.0639447
0 2.15385e-16 0.00203737 0.000277416 0.000355916 4.00053e-06 0.215656 0.0635561
0 2.15385e-16 0.000392645 0.00023205 -0.00137525 -0.000174306 0.216675 0.0627768
0 2.15385e-16 -0.000562349 7.1798e-05 -0.00220909 -0.000384751 0.21672 0.0636287
0 2.15385e-16 0.0019244 0.000276344 -0.000567993 -0.000157045 0.215775 0.063575
0 2.15385e-16 -0.00176342 -0.000303872 -3.64602e-05 5.83431e-05 0.215608 0.0632939
0 2.15385e-16 0.00174016 0.000338101 9.76478e-05 9.997e-05 0.217852 0.0625083
0 2.15385e-16 0.000187017 0.000104667 -0.00199084 -0.000423856 0.217515 0.0636381
0 2.15385e-16 -0.000838233 -0.00010168 -0.00122991 -0.000160017 0.217189 0.0631056
0 2.15385e-16 -0.00304567 -0.000526138 -1.38098e-05 0.000136921 0.216711 0.0640557
0 2.15385e-16 -0.00102473 -0.000221827 0.000927344 3.25076e-05 0.216221 0.0626143
0 2.15385e-16 -0.00385375 -0.000475443 -0.00121516 -0.000211763 0.217243 0.0641034
0 2.15385e-16 0.00156845 0.000308246 -0.00129097 -0.000114511 0.217667 0.0637015
0 2.15385e-16 0.000937903 0.000140091 0.00191745 0.000246697 0.217186 0.0639781
0 2.15385e-16 -0.000964568 -0.000119407 0.00159463 0.000423868 0.216716 0.0629063
0 2.15385e-16 4.11963e-05 -5.60452e-05 -0.000927596 -0.000209534 0.21621 0.0628164
0 2.15385e-16 -0.00183873 -0.000228914 0.00305217 0.000538032 0.216131 0.0638625
0 2.15385e-16 0.000927349 9.20463e-05 0.00124066 9.08445e-05 0.216431 0.0639897
0 2.15385e-16 0.000410371 0.000100962 0.00127168 0.00013859 0.215849 0.0633006
0 2.15385e-16 0.00353248 0.000646588 0.000322938 -1.92253e-05 0.21609 0.0632733
0 2.15385e-16 0.00150883 0.000311714 0.000169987 1.67027e-05 0.215601 0.064378
0 2.15385e-16 0.000736948 6.39236e-05 -0.00191278 -0.000292895 0.214612 0.0636365
0 2.15385e-16 0.000459281 8.62832e-05 0.000250653 0.000153975 0.216353 0.0624706
0 2.15385e-16 0.00380914 0.000725865 0.000346415 4.32119e-05 0.21645 0.0637101
0 2.15385e-16 0.00203601 0.000396604 -0.00150465 -0.000324231 0.216963 0.0631767
0 2.15385e-16 -0.000882644 -5.75681e-05 0.00240155 0.000475312 0.21741 0.0637591
0 2.15385e-16 0.00247482 0.000342828 -0.000363175 -2.6091e-05 0.217084 0.0636717
0 2.15385e-16 0.000614813 6.4059e-05 0.00336642 0.000657013 0.217429 0.063287
0 2.15385e-16 0.000433761 0.000175006 -0.00170168 -7.67296e-05 0.217956 0.0636148
0 2.15385e-16 0.00554051 0.0009752 -0.000900952 -7.46229e-05 0.216922 0.0636541
0 2.15385e-16 -0.000601249 -4.03889e-06 0.000140627 -4.8455e-06 0.216808 0.063183
0 2.15385e-16 -0.00131377 -0.000167979 -0.00100723 -7.40042e-05 0.216928 0.0634495
0 2.15385e-16 0.00254388 0.000364297 0.000977046 0.000258231 0.21713 0.0638489
0 2.15385e-16 -0.000633621 -0.000126758 -0.00255346 -0.000370373 0.217377 0.0639545
0 2.15385e-16 0.00222816 0.000380112 0.00154042 0.000163056 0.217304 0.063647
0 2.15385e-16 -0.00223022 -0.000375021 -4.44258e-05 -1.83527e-05 0.217995 0.0642173
0 2.15385e-16 -0.00160935 -0.000264538 -0.000311795 -4.756e-05 0.216827 0.0639371
0 2.15385e-16 0.00274415 0.000304605 0.00113001 7.94974e-05 0.216331 0.063921
0 2.15385e-16 -0.000502378 -7.1786e-05 0.000157397 -6.25225e-05 0.216109 0.0635126
0 2.15385e-16 0.0035036 0.000491955 0.00241392 0.000285343 0.217202 0.0633271
0 2.15385e-16 -0.000679125 -0.000263937 -0.00210195 -0.000292414 0.218246 0.0637066
0 2.15385e-16 0.000462489 -5.48006e-05 -0.00186521 -0.00032088 0.216733 0.0630825
0 2.15385e-16 9.79808e-05 -5.42458e-05 0.0012734 0.000338437 0.214708 0.0633746
0 2.15385e-16 0.000354453 8.23708e-05 -0.00137219 -0.000312493 0.216166 0.0639197
0 2.15385e-16 0.00121913 0.0002648 0.00110475 0.000269303 0.217172 0.063176
0 2.15385e-16 -0.00143743 -0.000203862 -0.000246032 -8.11937e-05 0.21656 0.0645277
0 2.15385e-16 0.00167841 0.000254893 -0.00159981 -0.000347871 0.217816 0.0630007
0 2.15385e-16 -0.000704915 -0.000145109 -0.000996301 -0.000128378 0.216772 0.0634781
0 2.15385e-16 0.00201891 0.000349364 0.0012392 0.000119121 0.217669 0.0635218
0 2.15385e-16 0.000192897 0.000108222 -0.00102989 -0.000224134 0.217068 0.0629286
0 2.15385e-16 -0.00173578 -0.00021318 0.0015856 0.000330324 0.216659 0.0634905
0 2.15385e-16 0.00298692 0.000489061 -0.00284275 -0.000484645 0.21724 0.0632465
0 2.15385e-16 0.00135424 0.00030763 -0.00155909 -0.000261478 0.216784 0.0633543
0 2.15385e-16 0.00234297 0.00043138 0.000265141 0.000101924 0.216402 0.0638895
0 2.15385e-16 -0.00188722 -0.000291946 -0.000901734 -7.4347e-05 0.21742 0.0631769
0 2.15385e-16 -0.00324817 -0.000460818 -0.00286615 -0.000541507 0.217567 0.063778
0 2.15385e-16 -0.00462966 -0.000630383 0.00212303 0.000383367 0.217447 0.0630441
0 2.15385e-16 -0.0015049 -0.000242898 0.00446067 0.000716815 0.21581 0.0636105
0 2.15385e-16 -0.00086241 3.12031e-06 -0.00188349 -0.000271645 0.218295 0.0638138
0 2.15385e-16 -0.00215888 -0.00039846 -0.0011003 -0.000121193 0.217792 0.0635828
0 2.15385e-16 0.00213248 0.000334548 -0.000586122 -0.000265827 0.217251 0.0635847
0 2.15385e-16 -0.000854673 -0.0001675 0.000558023 -3.02696e-05 0.214542 0.063692
0 2.15385e-16 0.00201558 0.000231614 -0.00297208 -0.000352033 0.217705 0.0635747
0 2.15385e-16 0.000933489 0.000270683 0.00341451 0.000479262 0.217124 0.0628119
0 2.15385e-16 9.03073e-05 0.000127841 0.00268766 0.00042635 0.21749 0.063334
0 2.15385e-16 0.00320784 0.000513921 -0.00118125 -0.000352954 0.215886 0.0635578
0 2.15385e-16 0.0024417 0.000412375 -0.00224575 -0.00029939 0.216807 0.0633131
0 2.15385e-16 -0.000200056 -6.73166e-05 0.000774694 -9.01528e-06 0.216549 0.0629916
0 2.15385e-16 0.00145961 0.000268869 -0.00210545 -0.000388633 0.216977 0.0630654
0 2.15385e-16 0.00307915 0.000370745 0.00326498 0.000578226 0.217064 0.0635923
0 2.15385e-16 0.00180828 0.000409532 -0.00106374 -0.000163851 0.216518 0.0636191
0 2.15385e-16 0.00400498 0.000714623 -0.000919869 -0.00013241 0.217765 0.0629215
0 2.15385e-16 0.00268306 0.000484485 0.00299202 0.000564007 0.217871 0.06331
0 2.15385e-16 0.00163755 0.000279611 -0.00331357 -0.000449414 0.216885 0.0636469
0 2.15385e-16 -0.00142598 -0.000367141 -0.000601551 -6.82756e-05 0.217748 0.0633098
0 2.15385e-16 0.000339543 7.08312e-05 -0.00141835 -8.08261e-05 0.216741 0.0630935
0 2.15385e-16 0.000601461 0.000107668 0.00107225 9.89818e-05 0.216657 0.0625459
0 2.15385e-16 -0.000131069 4.83929e-05 0.000678796 6.7917e-05 0.216384 0.0623226
0 2.15385e-16 0.000249213 8.44479e-05 -0.000280866 1.72799e-05 0.216819 0.0632483
0 2.15385e-16 0.000768678 -5.58948e-06 0.000804637 2.8364e-06 0.215959 0.0633804
0 2.15385e-16 -0.000189139 -8.07786e-05 -0.00131733 -0.000232144 0.216662 0.0636361
0 2.15385e-16 -0.00254206 -0.000388492 -0.00104159 -0.000140882 0.217071 0.0644354
0 2.15385e-16 0.0034044 0.000591016 -0.00190778 -0.000361581 0.21637 0.0635958
0 2.15385e-16 0.000709722 0.000118761 0.000332504 2.5126e-05 0.214963 0.0632535
0 2.15385e-16 -0.000619741 -6.04353e-05 -0.00171174 -0.000167252 0.216902 0.0639433
0 2.15385e-16 -0.00144895 -0.000224598 0.000626877 0.000105897 0.215928 0.0645243
0 2.15385e-16 0.0019777 0.000355672 -0.00274985 -0.000366581 0.216452 0.063204
0 2.15385e-16 0.000431493 8.42613e-05 0.00156553 0.000137041 0.216887 0.0629023
0 2.15385e-16 0.00100128 0.000239785 0.000390388 -6.12162e-05 0.216839 0.0634336
0 2.15385e-16 -0.000815912 -0.000227892 0.00029503 0.00027242 0.216884 0.0627068
0 2.15385e-16 -0.000914578 -0.000122887 -0.000566272 3.71928e-05 0.218065 0.063168
0 2.15385e-16 0.000268426 4.55063e-05 -0.000157501 0.00010022 0.21677 0.063176
0 2.15385e-16 0.00377525 0.000779188 -0.00230685 -0.00040167 0.217646 0.0625432
0 2.15385e-16 0.0012311 0.000265444 -0.000287532 -7.55791e-05 0.216126 0.0631769
0 2.15385e-16 0.00130996 0.00023245 -0.0011272 -0.000185585 0.215894 0.0634718
0 2.15385e-16 0.00133833 4.84698e-05 -0.00290857 -0.000448405 0.215948 0.0632572
0 2.15385e-16 0.00212182 0.000258865 -0.000813106 -0.000291944 0.215887 0.0630852
0 2.15385e-16 0.00056473 1.34619e-05 0.00061301 0.000101603 0.216218 0.0629478
0 2.15385e-16 0.000522483 7.7759e-06 -9.36508e-05 -0.00011684 0.216074 0.0632274
0 2.15385e-16 -0.00132355 -0.000227841 -0.000640051 -8.91543e-05 0.217188 0.0640116
0 2.15385e-16 0.000850488 0.000234601 -0.000519015 -9.22681e-05 0.217367 0.0633221
0 2.15385e-16 -5.02738e-05 0.00010936 0.00230322 0.000494719 0.21654 0.0634844
0 2.15385e-16 -0.00163548 -0.000379466 -7.20765e-05 -9.47046e-06 0.216821 0.0635779
0 2.15385e-16 0.00272802 0.000499785 -0.0010785 -0.000185408 0.217749 0.0635698
0 2.15385e-16 -0.000597015 4.57249e-05 -0.00182789 -0.000334083 0.216794 0.0638371
0 2.15385e-16 -0.00386028 -0.000555982 -0.00132137 -0.00027238 0.215713 0.0640377
0 2.15385e-16 -0.00147319 -0.000195985 0.00374403 0.000631422 0.216685 0.0624204
0 2.15385e-16 -0.000237662 -0.000145646 0.00182958 0.000421761 0.216802 0.0630483
0 2.15385e-16 -0.00120029 -0.000224979 -0.00555851 -0.000868424 0.217471 0.0635617
0 2.15385e-16 -0.00112114 -0.000146656 -0.000670588 0.00010779 0.21665 0.063662
0 2.15385e-16 -0.00166569 -0.000356755 -0.000933546 -0.000145198 0.217283 0.0630734
0 2.15385e-16 0.000572796 2.89045e-05 0.0026685 0.0004815 0.215239 0.0630704
0 2.15385e-16 -0.00115012 -0.000240036 0.00115769 0.000383869 0.217506 0.0634828
0 2.15385e-16 -0.000295333 -2.63138e-05 0.000703165 0.000172604 0.216362 0.0629024
0 2.15385e-16 -0.00232314 -0.000413867 -0.000102869 -1.94718e-05 0.217373 0.0627959
0 2.15385e-16 0.000872987 7.89104e-05 0.000934218 0.000240569 0.217051 0.0634811
0 2.15385e-16 0.00188572 0.000227631 -0.000910299 -0.000282636 0.215847 0.0632287
0 2.15385e-16 0.000723965 -7.25648e-05 0.00106625 0.00019263 0.217512 0.0630594
0 2.15385e-16 0.00441139 0.000683774 -0.00148984 -0.000189951 0.215929 0.0636958
0 2.15385e-16 0.00268768 0.000413971 -0.000798909 -0.000252005 0.216552 0.0631192
0 2.15385e-16 -0.00442581 -0.000748924 0.000426742 0.000127805 0.217696 0.0629633
0 2.15385e-16 0.00254543 0.000349455 -0.00194541 -0.00031308 0.216437 0.0633359
0 2.15385e-16 0.00126922 0.00040788 -0.00218092 -0.000425201 0.21697 0.0628856
0 2.15385e-16 -0.00348338 -0.000596616 0.00205045 0.000296949 0.217728 0.0631166
0 2.15385e-16 -0.000289133 6.87625e-05 -0.00122859 -0.000227294 0.216115 0.063518
0 2.15385e-16 0.00259449 0.000367271 -0.00272747 -0.000449946 0.216587 0.0635945
0 2.15385e-16 -0.00128035 -0.000277498 -0.00102319 -0.000312494 0.217119 0.0630399
0 2.15385e-16 0.00175217 0.000412979 0.000169344 8.6402e-05 0.217282 0.0632234
0 2.15385e-16 0.00168005 0.000223143 -0.00109496 -0.000225449 0.217219 0.0634333
0 2.15385e-16 0.000261244 0.000121133 0.000238446 -1.80965e-05 0.21554 0.0625701
0 2.15385e-16 -0.00329851 -0.000635534 -0.00203001 -0.000339204 0.216862 0.0639336
0 2.15385e-16 0.00129383 0.000270925 0.000861474 0.000119428 0.216584 0.0629486
0 2.15385e-16 0.00310029 0.000596262 0.00319548 0.000702971 0.216559 0.0640177
0 2.15385e-16 0.00324074 0.000560594 2.94801e-05 2.9567e-05 0.217521 0.0635947
0 2.15385e-16 0.000127064 0.000126512 0.00122376 0.00016231 0.217011 0.0629275
0 2.15385e-16 -0.000380452 6.99517e-05 -0.0015466 -0.000171134 0.218024 0.0639956
0 2.15385e-16 -0.000854501 -0.000200697 -0.00111737 -0.000189762 0.217049 0.0630274
0 2.15385e-16 -0.000637276 -7.88745e-05 0.00147874 0.000343253 0.217223 0.0633666
0 2.15385e-16 -0.00318724 -0.000502105 0.00085591 0.00021675 0.217205 0.0632471
0 2.15385e-16 0.00144723 0.000373921 -0.000326757 -4.08796e-05 0.216157 0.0631011
0 2.15385e-16 0.00150247 0.000128951 0.000207401 0.000125211 0.216614 0.0635083
0 2.15385e-16 0.00176398 0.000270673 -0.00052925 -8.06867e-05 0.21685 0.0635566
0 2.15385e-16 0.000868719 0.000175578 -0.00222701 -0.000278972 0.217317 0.0637202
0 2.15385e-16 -0.00106916 -0.000214122 0.000162502 -3.85157e-05 0.217225 0.0628383
0 2.15385e-16 -0.000371258 -6.35189e-05 0.000126272 3.64076e-05 0.216243 0.0632447
0 2.15385e-16 0.00282817 0.000617904 -0.0021062 -0.000328397 0.217022 0.0632095
0 2.15385e-16 0.00093169 0.000181739 -0.00185582 -0.00028115 0.218646 0.0635444
0 2.15385e-16 -0.00151385 -0.000354931 -0.000676863 -0.000187687 0.21643 0.0630691
0 2.15385e-16 -0.000520495 -0.000183738 0.00251266 0.000354748 0.216624 0.063004
0 2.15385e-16 0.000754138 0.000259511 0.000851378 5.56119e-05 0.216395 0.0632763
0 2.15385e-16 -0.00255898 -0.000422121 -0.00256955 -0.000457414 0.217819 0.0638219
0 2.15385e-16 -0.00104307 -0.000160881 -0.000645123 -0.000101612 0.215903 0.0634056
0 2.15385e-16 0.000485152 4.31339e-05 0.00149734 0.000282555 0.216875 0.0629918
0 2.15385e-16 0.000801584 0.000289379 0.00177411 0.000309223 0.216078 0.0630936
0 2.15385e-16 0.000332294 5.48165e-05 -0.00149524 -0.000343629 0.2164 0.0623669
0 2.15385e-16 -0.00548973 -0.000871076 -0.000197371 -4.16541e-05 0.216331 0.0636861
0 2.15385e-16 -0.00142367 -0.000372479 8.1821e-05 2.37937e-06 0.217149 0.0629633
0 2.15385e-16 -0.00263569 -0.00048929 0.00254309 0.000488786 0.217225 0.0620298
0 2.15385e-16 -0.00272383 -0.000457531 -0.00183488 -0.000232246 0.217394 0.0635121
0 2.15385e-16 -0.00096034 -8.0537e-05 -0.00145047 -0.000233287 0.216243 0.0639728
0 2.15385e-16 -0.000263371 2.40365e-05 -0.000704624 -0.000169982 0.216998 0.0640804
0 2.15385e-16 -0.00181181 -0.000137942 -0.00197156 -0.000216909 0.217712 0.064092
0 2.15385e-16 -0.00228163 -0.000299859 -9.82244e-05 2.50416e-05 0.216603 0.0636717
0 2.15385e-16 -0.0011809 -0.000237788 -0.00150079 -0.000134294 0.217107 0.0637606
0 2.15385e-16 -0.00212523 -0.000360122 0.000530778 0.000223827 0.216852 0.0633437
0 2.15385e-16 -0.000297009 4.90027e-06 -0.000213017 7.95841e-05 0.216277 0.0633059
0 2.15385e-16 0.00103241 0.000183461 -0.000894434 -0.000257696 0.216738 0.0629645
0 2.15385e-16 0.00133672 0.000133629 0.000812036 0.000166413 0.216787 0.0637825
0 2.15385e-16 -0.000928405 -0.00022896 -0.00193658 -0.000301925 0.217248 0.0631827
0 2.15385e-16 0.00107535 0.000186447 0.00201799 0.000365783 0.215649 0.0642207
0 2.15385e-16 0.00167221 0.000283986 -0.00108803 -0.000205575 0.216757 0.0630957
0 2.15385e-16 -0.00293545 -0.000442962 -0.000411728 -0.000207268 0.216588 0.0639548
0 2.15385e-16 -0.0027886 -0.000439432 0.000419635 0.000168974 0.218126 0.0633914
0 2.15385e-16 -0.00349208 -0.000556307 0.00147989 0.000248343 0.217929 0.0635805
0 2.15385e-16 -0.0011828 -0.00020256 -0.00137475 -0.000256694 0.217931 0.0639218
0 2.15385e-16 -0.00148591 -0.000189578 0.00171242 0.000225719 0.217151 0.0627929
0 2.15385e-16 0.00223847 0.000413952 0.000340217 3.66206e-05 0.216047 0.0634719
0 2.15385e-16 -0.0020412 -0.000259507 -0.00072002 -0.000160967 0.216225 0.0640309
0 2.15385e-16 -0.00359777 -0.000552982 -0.00144975 -0.000236241 0.216021 0.0636409
0 2.15385e-16 -0.000407492 -0.00010855 -0.00224374 -0.000395068 0.217198 0.0642285
0 2.15385e-16 0.000695188 0.000112202 -0.00114177 -0.000296013 0.216529 0.0638163
0 2.15385e-16 -0.000428292 -0.000162924 -0.000944437 -0.000158886 0.216643 0.0620004
0 2.15385e-16 0.000220957 1.9747e-06 -0.000915962 -0.000210576 0.216938 0.0636155
0 2.15385e-16 -0.0011312 -9.07727e-05 0.00352067 0.000564287 0.216531 0.0634672
0 2.15385e-16 0.000371349 3.83543e-05 0.00234211 0.000526877 0.217161 0.0634492
0 2.15385e-16 -0.000663341 -7.13343e-05 0.00179157 0.000175595 0.216605 0.0639259
0 2.15385e-16 0.000620089 0.00014854 -0.000435942 -6.64917e-05 0.21612 0.0633327
0 2.15385e-16 -0.000344915 -3.67228e-05 -0.000562811 9.53282e-05 0.217869 0.0637711
0 2.15385e-16 0.00147731 0.000259903 -0.00012816 -9.73435e-05 0.216968 0.0627052
0 2.15385e-16 -0.000427149 -3.10683e-06 5.95741e-05 0.000128344 0.216725 0.0631452
0 2.15385e-16 -0.00118082 -0.000131537 0.00327768 0.000511483 0.216908 0.0637524
0 2.15385e-16 0.0021749 0.000289791 0.00380401 0.000613738 0.217058 0.0633645
0 2.15385e-16 -0.000544033 -6.13945e-05 0.00204392 0.000321405 0.215503 0.0636024
0 2.15385e-16 -0.00292707 -0.000615083 -0.000407743 -9.32408e-05 0.218756 0.0626431
0 2.15385e-16 0.00303651 0.000547871 -0.00262808 -0.000396847 0.216178 0.0631612
0 2.15385e-16 -0.00189983 -0.000310333 0.000329023 8.22315e-05 0.217266 0.0636958
0 2.15385e-16 -0.000954475 -1.90233e-05 -0.00361911 -0.000538264 0.21727 0.0640404
0 2.15385e-16 0.00250596 0.000413624 -0.0024425 -0.000386741 0.216596 0.0635486
0 2.15385e-16 -0.00364037 -0.000531957 0.00298971 0.000523928 0.216871 0.063852
0 2.15385e-16 -0.000138463 -2.88828e-05 -0.00225584 -0.000329755 0.21665 0.0634208
0 2.15385e-16 6.46562e-06 1.27873e-05 -0.00185672 -0.000264817 0.216498 0.0639963
0 2.15385e-16 -0.0011505 -0.000185059 -0.000226844 -0.000116122 0.216335 0.0637776
0 2.15385e-16 -0.000816189 -0.000116821 -0.00137702 -0.000204624 0.218006 0.063502
0 2.15385e-16 -0.000524835 -7.33862e-06 -0.00256987 -0.000400752 0.216914 0.0636333
0 2.15385e-16 0.00360141 0.000527486 0.00026291 -4.05664e-05 0.216709 0.0631349
0 2.15385e-16 0.000200508 -2.62567e-05 0.00157902 0.000192516 0.216132 0.0631864
0 2.15385e-16 -0.00233341 -0.000285672 0.000218044 -3.14094e-05 0.217213 0.0632065
0 2.15385e-16 -0.00345278 -0.000683945 -0.000455595 -4.52783e-05 0.217086 0.0634675
0 2.15385e-16 -0.00120898 -0.000268886 -0.000487724 -4.80066e-05 0.217267 0.063463
0 2.15385e-16 0.00178842 0.000295125 -0.0012943 -0.000260021 0.21763 0.0632424
0 2.15385e-16 0.00337097 0.000551048 -0.000680488 -0.000132719 0.216507 0.0638605
0 2.15385e-16 0.00486551 0.000879138 0.00155716 0.000319581 0.217079 0.063656
0 2.15385e-16 -0.00205186 -0.000439915 -0.00356257 -0.000547192 0.218103 0.0638541
0 2.15385e-16 -0.00142873 -0.000361003 -0.00013412 -2.67561e-05 0.216118 0.0636257
0 2.15385e-16 -0.00195586 -0.000382807 0.00230698 0.000328067 0.218418 0.0631403
0 2.15385e-16 -0.000164364 -6.03361e-05 0.000316761 8.91004e-05 0.215452 0.0634227
0 2.15385e-16 -0.0010872 -0.000212873 0.00356009 0.000613618 0.216942 0.0630702
0 2.15385e-16 -7.20473e-05 -5.0367e-05 0.00408534 0.000499614 0.216344 0.063646
0 2.15385e-16 0.000772246 6.71373e-05 -0.00368582 -0.000514213 0.217162 0.063834
0 2.15385e-16 0.000574706 0.000117384 -0.000141339 -5.52696e-05 0.217022 0.0635336
0 2.15385e-16 -0.00463704 -0.000772014 0.00105151 0.000198549 0.216918 0.0630525
0 2.15385e-16 -0.00238433 -0.00035829 0.00129014 0.000239119 0.216983 0.0638732
0 2.15385e-16 -7.66887e-05 -9.0692e-05 0.000993848 9.88812e-05 0.215197 0.0630349
0 2.15385e-16 -0.00315438 -0.000672187 0.00267657 0.000387913 0.217516 0.0637392
0 2.15385e-16 -0.000968389 -0.00023029 0.00101279 8.04535e-05 0.216103 0.06312
0 2.15385e-16 -0.000969817 -8.55204e-05 -0.000526318 5.67824e-05 0.215245 0.0643937
0 2.15385e-16 0.00153694 0.000280513 -0.00104487 -0.000314003 0.216127 0.0632074
0 2.15385e-16 -0.00106319 -0.000162636 0.00107195 9.38752e-05 0.21685 0.0639739
0 2.15385e-16 0.00383526 0.000651224 -0.000410034 -6.05453e-05 0.215536 0.0631122
0 2.15385e-16 -0.00334415 -0.000493728 -0.000245628 -0.000130501 0.21609 0.0639169
0 2.15385e-16 -0.000328214 -3.68831e-05 0.00391208 0.000769746 0.217937 0.0639296
0 2.15385e-16 -0.00099784 -8.41563e-05 0.00207401 0.000335474 0.216721 0.06327
0 2.15385e-16 0.00277124 0.000414415 -0.000246514 3.82206e-05 0.216979 0.0634449
0 2.15385e-16 0.000220716 6.90202e-05 -0.00207865 -0.000271145 0.21661 0.0636699
0 2.15385e-16 0.000255946 6.82297e-05 0.000524849 1.41885e-05 0.215677 0.0621804
0 2.15385e-16 0.000707951 0.000126124 0.00341459 0.000523827 0.216469 0.0637221
0 2.15385e-16 0.000479624 0.000182956 0.00283496 0.000564665 0.216274 0.0636737
0 2.15385e-16 0.00157444 0.000275212 0.0024114 0.000364316 0.2163 0.064006
0 2.15385e-16 -0.000908308 -0.000196944 0.000986256 0.00024458 0.216064 0.0627683
0 2.15385e-16 -0.000541965 -7.58816e-05 0.00166252 0.000268619 0.216409 0.0631569
0 2.15385e-16 0.00103347 0.000117962 0.00159666 0.000163745 0.217318 0.0642111
0 2.15385e-16 0.000739622 8.33465e-05 -0.000586358 1.20769e-05 0.216526 0.0631853
0 2.15385e-16 0.00192171 0.000324616 0.00213436 0.000339862 0.217348 0.0635494
0 2.15385e-16 0.00385348 0.000710767 -0.00186049 -0.000443751 0.216945 0.0633122
0 2.15385e-16 -0.00152748 -0.000300873 -0.000178092 -9.67224e-05 0.217382 0.063899
0 2.15385e-16 0.000603266 9.8727e-05 -0.00129923 -1.90346e-05 0.2176 0.0635935
0 2.15385e-16 -0.000639153 -4.12127e-05 -0.00196036 -0.000149383 0.218055 0.0635695
0 2.15385e-16 0.00280785 0.000405529 -0.001259 -0.000257196 0.215483 0.0637241
0 2.15385e-16 0.00123426 0.000188161 -0.000837737 -0.000159669 0.21686 0.0632899
0 2.15385e-16 -0.000772038 -0.000123606 0.00200928 0.000310722 0.216442 0.0623868
0 2.15385e-16 -0.00396354 -0.000630726 -0.00265715 -0.000378738 0.216326 0.0636451
0 2.15385e-16 -0.00111561 -0.00028655 -0.00283637 -0.000402245 0.217511 0.0638638
0 2.15385e-16 0.00168854 0.000244576 -0.00114021 -0.000204943 0.21563 0.0633787
0 2.15385e-16 0.00105418 0.000143031 -0.0032201 -0.000496156 0.217341 0.0638936
0 2.15385e-16 -0.000893197 -5.07333e-05 -0.00101504 -0.000155411 0.215989 0.0637619
0 2.15385e-16 -1.61118e-05 -2.98556e-06 0.00436889 0.00063198 0.216899 0.0632252
0 2.15385e-16 0.000976399 0.000231322 0.000343864 6.89232e-05 0.216885 0.0627646
0 2.15385e-16 -0.000527403 -0.00021305 0.000521708 4.46978e-05 0.217285 0.0631868
0 2.15385e-16 0.00176802 0.000372995 0.00197153 0.000428581 0.215844 0.0631928
0 2.15385e-16 0.000719871 0.000274423 0.00228661 0.000486246 0.216902 0.0627392
0 2.15385e-16 0.000462163 1.21032e-06 -0.00189178 -0.000211741 0.216807 0.0637411
0 2.15385e-16 -5.26636e-05 -3.13671e-06 0.00261664 0.00055639 0.216897 0.0628708
0 2.15385e-16 -0.00158102 -0.000261002 0.00187096 0.000204254 0.217473 0.0632841
0 2.15385e-16 -0.000285432 -3.92235e-05 -0.00071433 -0.00012125 0.216737 0.063565
0 2.15385e-16 -0.00126421 -0.000209425 -0.000894392 -0.000203498 0.217084 0.0628386
0 2.15385e-16 -0.00293032 -0.000467085 0.00121628 0.000226124 0.216261 0.0634693
0 2.15385e-16 0.00114031 0.000185696 -0.000997948 -0.000163444 0.217713 0.0634672
0 2.15385e-16 -2.2352e-05 -9.90514e-05 -0.0010354 -0.000293126 0.217129 0.0626484
0 2.15385e-16 -0.00109774 -0.000269213 0.00223624 0.000220459 0.215871 0.0635831
0 2.15385e-16 -0.000280272 -0.000225105 -0.00227183 -0.000388889 0.217479 0.062787
0 2.15385e-16 -0.00219045 -0.000320094 0.000339978 0.000153344 0.217774 0.0630967
0 2.15385e-16 0.00243701 0.00050792 0.000502068 0.000174347 0.217232 0.0636226
0 2.15385e-16 0.00300542 0.000423917 0.00296025 0.000428273 0.217784 0.0644312
0 2.15385e-16 -0.00130651 -7.60316e-05 -0.000352233 -0.000170282 0.217425 0.0634834
0 2.15385e-16 0.000214526 4.90841e-05 0.000404011 6.79679e-05 0.21555 0.0634219
0 2.15385e-16 -0.000665156 -0.000182276 -0.001307 -0.000242686 0.216417 0.0630189
0 2.15385e-16 0.00127798 0.0001509 0.00222344 0.000410877 0.217224 0.0632466
0 2.15385e-16 0.00446229 0.000723168 0.00206104 0.000206419 0.216175 0.0635464
0 2.15385e-16 0.00222407 0.000411588 0.000327179 5.46229e-06 0.216401 0.0635199
0 2.15385e-16 -0.00299004 -0.000604011 -0.000533456 -0.000177365 0.217781 0.0637649
0 2.15385e-16 -0.00253285 -0.00035348 8.78988e-05 0.000106999 0.217605 0.0627475
0 2.15385e-16 0.000669426 4.16936e-05 -0.000547731 -8.82477e-05 0.215681 0.0642124
0 2.15385e-16 -0.000846353 -0.000104792 0.000165511 0.000160721 0.217761 0.0631689
0 2.15385e-16 -0.00481037 -0.000890693 0.000319981 4.15687e-05 0.217698 0.0639308
0 2.15385e-16 -0.00293391 -0.000544911 0.000110505 4.21784e-05 0.217212 0.0631286
0 2.15385e-16 -8.16737e-05 9.29634e-05 -0.00294497 -0.000519375 0.217527 0.0633792
0 2.15385e-16 -0.00060228 -0.000196254 0.000271985 4.31318e-05 0.216863 0.0627653
0 2.15385e-16 -0.0018926 -0.000436783 -0.00123197 -0.000182357 0.217622 0.0634648
0 2.15385e-16 0.000923357 0.00022513 -0.00106645 -0.000353374 0.216199 0.0631822
0 2.15385e-16 0.00337458 0.000471529 0.00077214 -3.10486e-05 0.217361 0.0640873
0 2.15385e-16 -1.53334e-05 5.81046e-05 0.000733816 0.000170608 0.215813 0.0627222
0 2.15385e-16 -0.00259497 -0.000616273 0.000358348 9.59995e-06 0.217797 0.063295
0 2.15385e-16 -0.000523616 -8.48422e-05 0.000689637 0.000129242 0.215876 0.0632401
0 2.15385e-16 -0.000373095 -4.80087e-05 -0.00253246 -0.000540846 0.217024 0.0638422
0 2.15385e-16 0.00294634 0.000337311 0.00222943 0.000466427 0.21779 0.0635474
0 2.15385e-16 0.000523578 8.12855e-05 0.0021789 0.000277541 0.216255 0.0637809
0 2.15385e-16 -0.00241625 -0.000366629 0.00145779 0.00020582 0.21556 0.0633926
0 2.15385e-16 0.00337564 0.000613636 0.00050884 -1.02958e-05 0.217345 0.0632664
0 2.15385e-16 -0.000271073 3.24488e-05 -0.000678987 -0.000141156 0.215736 0.0632767
0 2.15385e-16 0.00112726 0.000161477 0.00077183 3.57455e-05 0.217679 0.0632999
0 2.15385e-16 -0.00180527 -0.000236087 0.00392386 0.000655725 0.216368 0.0628583
0 2.15385e-16 0.00187647 0.000431367 0.000243189 9.27764e-05 0.216434 0.0631573
0 2.15385e-16 0.000621334 0.000180196 9.83277e-05 -1.9999e-05 0.21698 0.0635778
0 2.15385e-16 0.00389958 0.000600017 -0.00318162 -0.000603118 0.21655 0.0628002
0 2.15385e-16 -0.00191052 -0.000412853 0.00174356 0.000186531 0.217194 0.0632824
0 2.15385e-16 0.00127346 0.000190509 0.00101133 8.11569e-05 0.217614 0.0633965
0 2.15385e-16 0.00121585 0.000308746 -9.00953e-05 4.23139e-05 0.216614 0.0633124
0 2.15385e-16 -0.00315822 -0.000605425 -0.00167193 -0.000315016 0.215878 0.0637665
0 2.15385e-16 0.000634773 0.000130421 -0.00533116 -0.000914753 0.216438 0.0640478
0 2.15385e-16 -0.00142184 -0.000226254 0.00042974 -0.000149537 0.217044 0.0633571
0 2.15385e-16 -5.76975e-06 -4.56885e-05 -0.000724065 -3.23323e-05 0.216773 0.0636595
0 2.15385e-16 0.000673713 0.000102133 0.00140645 0.000184288 0.215891 0.063377
0 2.15385e-16 0.00272938 0.000431333 0.0025398 0.000488432 0.217419 0.0632928
0 2.15385e-16 0.00306011 0.000468523 0.000312619 9.29284e-05 0.216076 0.0629772
0 2.15385e-16 -0.000798919 -5.92834e-05 0.0042002 0.000665046 0.217539 0.0636693
0 2.15385e-16 0.00175591 0.000365853 -0.00133527 -0.000251992 0.216722 0.0635499
0 2.15385e-16 -0.000359002 2.6798e-05 -0.00214844 -0.00040815 0.216366 0.0638285
0 2.15385e-16 0.000477977 -6.55517e-05 -0.0010536 -0.000216149 0.215937 0.0635765
0 2.15385e-16 -0.002053 -0.000336428 -0.001691 -0.000216681 0.216991 0.063614
0 2.15385e-16 0.000373293 0.000193283 -0.000751784 -3.91906e-05 0.215926 0.0636434
0 2.15385e-16 0.000820633 7.72526e-05 -3.44846e-05 -0.000162063 0.217886 0.0626977
0 2.15385e-16 -0.00133878 -0.000207622 -0.00431033 -0.000710926 0.218886 0.0642683
0 2.15385e-16 0.000411489 0.000253578 0.00136243 0.000360272 0.215729 0.0631981
0 2.15385e-16 0.000192651 0.000163028 -0.000935267 -9.31438e-05 0.216455 0.0632255
0 2.15385e-16 0.00296658 0.000544314 -0.00233669 -0.000305332 0.217184 0.06382
0 2.15385e-16 -8.6196e-05 -7.07428e-05 8.18757e-05 6.42789e-05 0.215876 0.0629358
0 2.15385e-16 0.000397374 -6.5958e-05 0.00248676 0.000427666 0.216791 0.0627611
0 2.15385e-16 0.00391214 0.000645224 0.00313203 0.00050011 0.217339 0.063802
0 2.15385e-16 -0.000721287 -0.000155643 8.60355e-05 6.58521e-05 0.216505 0.0628076
0 2.15385e-16 -0.00240847 -0.000436839 0.000983135 0.000166284 0.217184 0.0632125
0 2.15385e-16 -0.00115973 -0.000140296 -0.00112381 -0.00027934 0.216024 0.0636393
0 2.15385e-16 -0.00107195 -8.07015e-05 -0.00202422 -0.00037901 0.217133 0.0639258
0 2.15385e-16 0.00107199 0.000296226 0.0036204 0.000509004 0.216827 0.0631485
0 2.15385e-16 -0.000870554 -4.48788e-05 0.000753154 5.87556e-05 0.216771 0.0628884
0 2.15385e-16 -0.00324898 -0.000578213 0.00235757 0.000201245 0.216933 0.0631527
0 2.15385e-16 0.0012836 0.000240795 -0.00118043 -7.70746e-05 0.21727 0.063697
0 2.15385e-16 0.00111253 0.000186587 -0.00233672 -0.000446262 0.216357 0.063787
0 2.15385e-16 0.000764635 0.00016129 0.00208087 0.000415036 0.216608 0.0637795
0 2.15385e-16 -0.00214966 -0.000544992 -0.000565818 -7.74452e-05 0.218006 0.0641044
0 2.15385e-16 -0.000145884 -0.000176134 0.00249243 0.000411866 0.216347 0.0636729
0 2.15385e-16 -0.000104873 -4.14873e-05 -0.00056884 -0.000134382 0.215478 0.0635422
0 2.15385e-16 -0.000333403 -8.36987e-05 0.00366072 0.000555119 0.215819 0.0635589
0 2.15385e-16 -0.00523124 -0.000727463 -0.00189943 -0.000319043 0.216606 0.0633047
0 2.15385e-16 0.000219255 5.06603e-05 0.00166909 0.000210817 0.216545 0.0628968
0 2.15385e-16 -0.00145197 -0.000304451 0.0010904 0.000237674 0.217479 0.0628535
0 2.15385e-16 0.00173828 0.000340055 -0.00241284 -0.000370048 0.216977 0.0639748
0 2.15385e-16 -0.000380817 -8.93496e-05 0.00445186 0.000862224 0.216737 0.0634781
0 2.15385e-16 -9.4171e-06 8.17538e-05 0.00077464 0.000123784 0.215523 0.0633688
0 2.15385e-16 0.00103151 0.000198288 -0.00138364 -0.00021334 0.217384 0.0635653
0 2.15385e-16 0.000441795 0.000118989 -0.00254685 -0.000435961 0.217988 0.0634694
0 2.15385e-16 -0.000515333 -0.000153112 0.0010236 4.36463e-05 0.216631 0.0637064
0 2.15385e-16 0.00258118 0.000479728 -0.0036442 -0.000674403 0.216728 0.0630725
0 2.15385e-16 -0.000445303 4.14716e-05 -0.00239339 -0.000270363 0.218402 0.0634859
0 2.15385e-16 0.00194695 0.000331966 0.000850766 8.55336e-05 0.216028 0.0631076
0 2.15385e-16 -0.00129942 -0.000250485 -0.00186241 -0.000248999 0.218258 0.063776
0 2.15385e-16 -0.00131963 -0.000285753 0.0041887 0.000694988 0.216701 0.0628472
0 2.15385e-16 0.000894357 0.000105306 0.000903852 0.000147729 0.216061 0.0635112
0 2.15385e-16 -0.00107515 -0.000173489 -0.00272236 -0.000533023 0.218009 0.0635774
0 2.15385e-16 0.00217601 0.000468657 0.000630159 0.000213968 0.216829 0.0635718
0 2.15385e-16 0.0011241 7.99296e-05 0.000593348 0.000103568 0.215401 0.0628138
0 2.15385e-16 0.00143369 0.000251495 0.00520109 0.000821751 0.216377 0.0638675
0 2.15385e-16 -0.00478502 -0.000763484 0.00201858 0.000394624 0.21682 0.0633179
0 2.15385e-16 -0.00165093 -0.000376249 0.00269148 0.000393696 0.216236 0.0629975
0 2.15385e-16 0.00196995 0.000334611 -0.000912694 -0.000106703 0.217846 0.0632608
0 2.15385e-16 -0.00332732 -0.000710567 0.00140397 0.000264649 0.217918 0.0636195
0 2.15385e-16 0.00308142 0.000655583 0.00188488 0.00035937 0.217638 0.0637429
0 2.15385e-16 -1.52779e-05 -5.413e-05 0.000283275 -1.77579e-05 0.216498 0.0631406
0 2.15385e-16 0.000978199 0.000300291 0.00190707 0.000316813 0.216046 0.0634522
0 2.15385e-16 0.00112814 0.000201574 0.00263922 0.000344023 0.217865 0.0642936
0 2.15385e-16 0.000486601 7.73532e-05 0.000184897 -9.65665e-05 0.216172 0.0630866
0 2.15385e-16 -0.00282348 -0.00045047 -0.00133813 -0.000357967 0.218565 0.0637146
0 2.15385e-16 0.000638378 7.43168e-05 -0.00104938 -0.00016832 0.216738 0.0633959
0 2.15385e-16 -0.0029606 -0.0005367 -0.00182214 -0.000329576 0.219481 0.0634153
0 2.15385e-16 0.00345125 0.000555924 -0.00173755 -0.00044567 0.216865 0.0634224
0 2.15385e-16 -0.00490816 -0.00097157 -0.00132464 -8.83793e-05 0.216869 0.0634174
0 2.15385e-16 -0.00129018 -0.000143297 -0.000802477 -7.19458e-05 0.215472 0.0639036
0 2.15385e-16 0.000662392 0.000165502 -0.00500044 -0.000802353 0.216006 0.0639973
0 2.15385e-16 -0.00284297 -0.00040321 -0.00268391 -0.000437318 0.217981 0.0641896
0 2.15385e-16 -3.17581e-05 -0.00015967 0.00126138 0.000211302 0.216731 0.0639058
0 2.15385e-16 -0.00116596 -0.000221276 -0.00191807 -0.000270345 0.21672 0.0635084
0 2.15385e-16 -0.00105795 -0.00020648 -0.00100313 -0.000198998 0.218131 0.0636308
0 2.15385e-16 -0.00171884 -0.000223959 -0.000328679 -5.00904e-05 0.216314 0.0637886
0 2.15385e-16 -0.000345284 -1.47742e-05 -0.00172347 -0.000267413 0.216407 0.0640544
0 2.15385e-16 0.00267584 0.000494877 0.0022927 0.000442881 0.216814 0.0629967
0 2.15385e-16 6.55215e-05 -6.40663e-05 -0.00200957 -0.000287431 0.217726 0.0632115
0 2.15385e-16 -0.00176226 -0.00027969 -0.0015319 -0.000365008 0.216958 0.0634341
0 2.15385e-16 -0.000540767 -0.000105197 -0.000679033 -0.000192173 0.21513 0.0637985
0 2.15385e-16 -0.000514699 -0.000138851 -0.00207063 -0.000447913 0.216956 0.0635013
0 2.15385e-16 -0.00285365 -0.000470347 0.0010925 0.000144947 0.21684 0.0631607
0 2.15385e-16 0.000919464 0.00021313 -7.93295e-05 -1.61246e-05 0.21731 0.0631136
0 2.15385e-16 0.000822778 0.000148409 0.000152332 3.54621e-05 0.216022 0.0631829
0 2.15385e-16 0.000750671 0.000168371 0.00124511 0.000153495 0.215934 0.063342
0 2.15385e-16 0.000961283 0.00017861 -0.00134231 -0.000302838 0.216035 0.062962
0 2.15385e-16 0.0019298 0.000180948 0.000176945 0.000105586 0.216257 0.0631407
0 2.15385e-16 -8.95535e-05 8.04445e-05 0.00165849 0.000226071 0.216446 0.0621371
0 2.15385e-16 0.000565743 3.48794e-05 -0.00291006 -0.000466807 0.217359 0.064056
0 2.15385e-16 0.00230137 0.000366836 0.000266654 2.39721e-06 0.216307 0.0639078
0 2.15385e-16 -0.00277392 -0.00049339 -0.000450827 5.9299e-05 0.216247 0.0630352
0 2.15385e-16 -0.0014589 -0.000276741 0.000828232 0.000173574 0.216041 0.0632985
0 2.15385e-16 -0.00322734 -0.000523249 -0.00216553 -0.000499559 0.217236 0.0636264
0 2.15385e-16 -0.00118475 -0.000270085 -0.000646884 -8.83384e-05 0.21618 0.0635465
0 2.15385e-16 0.00156382 0.000228198 0.00401351 0.000740836 0.217366 0.0626803
0 2.15385e-16 -0.00105084 -0.000154877 -0.00185497 -0.000482524 0.217189 0.0634901
0 2.15385e-16 0.000849797 0.00023224 -0.000201588 -0.000162819 0.216256 0.0633289
0 2.15385e-16 -0.00354626 -0.00060221 -0.00109242 -0.000253399 0.216791 0.0632768
0 2.15385e-16 -1.29241e-05 6.16556e-05 -0.00232884 -0.000407331 0.216959 0.0629775
0 2.15385e-16 0.000192371 -2.76213e-05 0.00135866 0.000163063 0.216808 0.0633779
0 2.15385e-16 -0.000423518 -1.56422e-05 0.00161479 5.94537e-05 0.215621 0.063435
0 2.15385e-16 -0.00186943 -0.00036403 0.00179027 0.000390579 0.217149 0.0638082
0 2.15385e-16 -0.000364576 2.0431e-05 0.00272764 0.000455323 0.217602 0.0640614
0 2.15385e-16 0.000327672 2.8335e-05 -0.00232667 -0.000408741 0.215183 0.0634118
0 2.15385e-16 -0.000516942 -5.73676e-05 0.00294752 0.000603465 0.216994 0.0626116
0 2.15385e-16 0.00251284 0.000370862 2.33941e-05 1.11448e-05 0.217669 0.0637073
0 2.15385e-16 0.00061422 0.000157843 -0.000430006 -4.80139e-05 0.216323 0.0632447
0 2.15385e-16 -0.00363294 -0.000594022 0.00273463 0.000317204 0.216263 0.0642068
0 2.15385e-16 -0.000635373 -0.000287238 0.00116999 0.000123763 0.217126 0.0632522
0 2.15385e-16 0.00216199 0.00032808 -0.00097884 -9.29832e-05 0.215741 0.0631589
0 2.15385e-16 -0.00235982 -0.000457118 -0.000883763 -0.000133635 0.216394 0.0641081
0 2.15385e-16 0.00154701 0.000389887 -0.00102287 -0.000247536 0.216 0.0635437
0 2.15385e-16 -0.00248474 -0.000428919 -0.000580572 -0.000166953 0.217023 0.0636862
0 2.15385e-16 -0.00132459 -0.000241705 -0.000576871 -0.000111359 0.216952 0.063288
0 2.15385e-16 0.0021998 0.000419785 -0.00237943 -0.000420685 0.216722 0.0629452
0 2.15385e-16 -4.57183e-05 -2.52674e-05 0.00199154 0.000195321 0.216811 0.0633015
0 2.15385e-16 -0.000198864 -1.68066e-05 0.00356754 0.00055644 0.217355 0.0627313
0 2.15385e-16 -0.00125583 -0.000262493 -0.00156789 -0.000192154 0.21871 0.0639861
0 2.15385e-16 0.000266993 7.80034e-05 -0.000812058 -0.000163627 0.216214 0.0636739
0 2.15385e-16 0.000318372 0.000183239 0.00300304 0.000493608 0.216519 0.0634712
0 2.15385e-16 -0.00140482 -0.00035408 0.00270214 0.000398988 0.216913 0.0639645
0 2.15385e-16 -0.0012358 -0.000283778 -0.00277766 -0.0005421 0.216966 0.0638732
0 2.15385e-16 -0.000759774 -0.000278714 0.00096914 4.82866e-05 0.215233 0.0628476
0 2.15385e-16 -0.00324858 -0.000538662 -0.00280673 -0.000276384 0.21713 0.0639651
0 2.15385e-16 -0.000982649 -0.000189277 -0.000643322 -0.000169143 0.216246 0.0634408
0 2.15385e-16 0.000615738 0.000226642 -0.00411643 -0.000616634 0.217682 0.0633032
0 2.15385e-16 -0.000873497 -0.000130903 0.00134525 0.000165937 0.215253 0.0631742
0 2.15385e-16 -0.000191973 1.57384e-05 0.000480057 4.24462e-05 0.216048 0.0632509
0 2.15385e-16 0.00369467 0.000886049 -0.00135994 -0.000231419 0.217431 0.0634818
0 2.15385e-16 0.00222025 0.00048504 0.0011516 0.000185248 0.216841 0.0634058
0 2.15385e-16 0.0021607 0.000327167 -0.00126825 -0.000233746 0.216519 0.063761
0 2.15385e-16 -0.00110211 -0.00025047 0.00138896 0.000221616 0.216847 0.0630309
0 2.15385e-16 0.000802657 0.000169473 0.000495321 8.75251e-05 0.217072 0.0632784
0 2.15385e-16 0.00198134 0.000271293 0.00156409 0.000206579 0.218516 0.0634106
0 2.15385e-16 -0.000136591 -5.75041e-05 0.000376449 0.000104264 0.217483 0.0637027
0 2.15385e-16 0.00113491 0.000160904 0.00260202 0.000320671 0.216701 0.0634887
0 2.15385e-16 -0.00224171 -0.000400524 -0.000171988 4.04036e-05 0.216303 0.0631678
0 2.15385e-16 -0.00160816 -0.000351729 -0.000383969 -0.000126245 0.216836 0.0632836
0 2.15385e-16 0.00245249 0.000306115 -0.00115259 -0.000293366 0.21746 0.063949
0 2.15385e-16 -0.000997617 -0.000161457 -0.00203142 -0.000582137 0.217126 0.0627663
0 2.15385e-16 -0.000290867 -8.17521e-05 -0.00198682 -0.00038551 0.216568 0.0627651
0 2.15385e-16 0.00110456 0.00020121 0.00304945 0.000505692 0.21577 0.0636074
0 2.15385e-16 0.000313199 0.000166799 0.00094374 0.000123994 0.21678 0.0633804
0 2.15385e-16 -0.00020695 9.96255e-05 -0.00115754 -0.000195462 0.216941 0.0632287
0 2.15385e-16 0.0042143 0.000631055 -0.0010538 -0.000193687 0.216539 0.06328
0 2.15385e-16 0.00258208 0.000461219 0.000794882 0.000124461 0.216927 0.0628938
0 2.15385e-16 -0.000721986 -0.000188074 -0.000981178 -7.11545e-05 0.218458 0.0632907
0 2.15385e-16 0.000935345 0.000267996 0.000846525 0.000107273 0.216462 0.063294
0 2.15385e-16 -0.00112024 -0.000276844 -0.00184476 -0.000293124 0.216157 0.0640989
0 2.15385e-16 0.000479692 0.000207914 0.000637778 9.68332e-05 0.215681 0.0640565
0 2.15385e-16 0.00163492 0.000314614 0.00175903 0.000163018 0.216666 0.0634188
0 2.15385e-16 -0.00351346 -0.000753208 0.00138161 0.000205432 0.216951 0.0633814
0 2.15385e-16 -0.000238518 -3.41434e-05 0.00155316 0.000182789 0.217551 0.063089
0 2.15385e-16 -0.000124586 -3.14615e-05 -0.00291834 -0.000614513 0.217514 0.0632122
0 2.15385e-16 -0.000404434 -0.000135006 0.000327563 -6.88088e-06 0.215869 0.063419
0 2.15385e-16 -3.24694e-05 8.51669e-06 0.00242441 0.000421396 0.216567 0.0638961
0 2.15385e-16 0.00250755 0.000449905 0.00269419 0.000377816 0.217205 0.0635495
0 2.15385e-16 -0.000625766 -0.000225078 0.00198651 0.000258755 0.216173 0.0630139
0 2.15385e-16 -0.00327393 -0.000704167 0.00222714 0.000454776 0.216441 0.0637554
0 2.15385e-16 -0.00106955 -0.000232391 -0.00199583 -0.000517398 0.217231 0.063363
0 2.15385e-16 -0.00137778 -0.000204696 0.00129307 0.000224452 0.215762 0.0637393
0 2.15385e-16 0.00119561 0.000123395 -0.00370258 -0.000569854 0.216322 0.0638816
0 2.15385e-16 0.000293697 -5.40916e-05 0.000992571 5.08743e-05 0.217199 0.0638775
0 2.15385e-16 0.00195668 0.000257287 -0.00123261 -0.000145164 0.216692 0.0634951
0 2.15385e-16 0.00259655 0.000385309 -7.54737e-05 -8.46654e-07 0.215929 0.0629788
0 2.15385e-16 0.00267548 0.000407604 -0.00219533 -0.000339737 0.216616 0.06372
0 2.15385e-16 -0.00142791 -0.00023339 -0.000928713 -0.000154884 0.218221 0.0629446
0 2.15385e-16 -0.00015618 -4.69709e-05 -0.000441851 9.32212e-05 0.217501 0.062311
0 2.15385e-16 0.000742465 0.000222966 -0.00204461 -0.000289995 0.217318 0.0635093
0 2.15385e-16 -0.00258393 -0.000345714 -0.000761417 -0.000171267 0.217172 0.0639733
0 2.15385e-16 0.000746435 6.38306e-05 0.00240795 0.000430885 0.2154 0.0636516
0 2.15385e-16 -0.0010735 -0.000227573 -0.000181643 4.56609e-05 0.216738 0.0631559
0 2.15385e-16 -8.65127e-05 3.39726e-05 -0.000794956 -3.01034e-05 0.215547 0.0637701
0 2.15385e-16 0.00105041 0.000147117 -0.00140853 -0.000423247 0.216659 0.0628968
0 2.15385e-16 0.000399731 0.00021162 -0.000261955 -5.12086e-05 0.217548 0.0632528
0 2.15385e-16 0.00244424 0.000381863 0.00169168 0.000111409 0.215866 0.0638225
0 2.15385e-16 0.00333947 0.000623315 -0.00119605 -0.000197828 0.217109 0.0629098
0 2.15385e-16 0.000146587 1.66479e-05 -0.00067699 -0.000126976 0.2163 0.0628846
0 2.15385e-16 -0.00216789 -0.00036835 -0.00588813 -0.000958584 0.217199 0.0634597
0 2.15385e-16 -0.000984574 -0.00013715 -0.00107239 -0.000275236 0.216451 0.0630416
0 2.15385e-16 -0.0029096 -0.000432862 0.00192777 0.000157347 0.21707 0.0634984
0 2.15385e-16 -0.000457864 -1.67784e-05 -0.00460203 -0.000699339 0.217377 0.0647033
0 2.15385e-16 0.00154146 0.000122891 0.000516999 7.80106e-05 0.21662 0.0633012
0 2.15385e-16 0.000388221 0.000103124 0.00250845 0.000402306 0.217235 0.0631835
0 2.15385e-16 0.000568296 0.000167196 0.00126675 0.000211684 0.216082 0.0636735
0 2.15385e-16 -3.31021e-06 9.40798e-05 -0.000475906 -0.000203558 0.217431 0.0633368
0 2.15385e-16 -0.000315983 -5.50227e-05 0.00187108 0.000361898 0.217446 0.0624561
0 2.15385e-16 -0.00450998 -0.000768601 -0.000322825 -0.000125598 0.217752 0.0635298
0 2.15385e-16 -0.00202006 -0.000470433 -0.00219292 -0.000390008 0.217471 0.0635211
0 2.15385e-16 0.000684477 8.74394e-05 -0.00139453 -0.000243695 0.216438 0.0633726
0 2.15385e-16 0.0030932 0.000556013 -0.000448272 -3.8948e-05 0.216946 0.0634212
0 2.15385e-16 -0.000250669 -0.000191552 0.00143786 0.000347228 0.215523 0.0631282
0 2.15385e-16 0.00030654 8.98473e-05 -0.0043498 -0.000714331 0.21801 0.0635268
0 2.15385e-16 -0.000762902 -0.000154154 0.000538908 3.93058e-05 0.217172 0.0633593
0 2.15385e-16 0.003614 0.00079695 0.00164053 0.000180852 0.217021 0.0630342
0 2.15385e-16 -0.000240758 -7.13917e-05 0.00045517 0.000155336 0.216299 0.0632549
0 2.15385e-16 0.000385083 0.000130936 0.00165272 0.000321524 0.215865 0.0631463
0 2.15385e-16 -0.00277419 -0.000527741 -0.00138388 -0.000222082 0.217327 0.0640486
0 2.15385e-16 -0.00181078 -0.000334899 -0.000896528 -0.000217291 0.2167 0.0639591
0 2.15385e-16 -0.00247792 -0.000542505 0.00132015 0.000267218 0.218195 0.0625487
0 2.15385e-16 0.00279696 0.000554975 0.000652739 0.00010917 0.216515 0.0639955
0 2.15385e-16 -0.00314948 -0.000416608 -0.00160574 -0.000187419 0.217148 0.0636069
0 2.15385e-16 -0.000709332 -0.000136859 0.00147543 0.000277393 0.217371 0.0625952
0 2.15385e-16 -0.000874081 -0.000178191 0.00285527 0.000431445 0.216403 0.0634933
0 2.15385e-16 -0.00257904 -0.000430109 -0.00208676 -0.000181559 0.21732 0.0639661
0 2.15385e-16 -0.000367678 -0.000277119 -0.000507096 -3.00563e-05 0.216367 0.0632743
0 2.15385e-16 0.00455633 0.000799913 -0.00137797 -0.000240846 0.216972 0.0628776
0 2.15385e-16 -0.00129062 -0.000229478 -0.00169265 -0.000393986 0.216536 0.0638043
0 2.15385e-16 0.00104984 0.000135814 -0.00343801 -0.000691647 0.217328 0.063821
0 2.15385e-16 0.00127824 0.000308844 0.000885072 -5.10786e-05 0.216127 0.0633347
0 2.15385e-16 0.00230041 0.00034688 0.00123243 0.00018633 0.216729 0.0633418
0 2.15385e-16 -0.00143538 -0.000270483 -0.00062561 -5.98942e-05 0.217119 0.0630113
0 2.15385e-16 -0.000996736 -0.000206846 -0.000328875 3.07927e-05 0.216465 0.0639275
0 2.15385e-16 0.00089506 0.000132182 -0.000543591 -0.000133998 0.216254 0.0635164
0 2.15385e-16 -8.60514e-05 -3.79131e-05 -0.000269618 7.0868e-05 0.215521 0.0631856
0 2.15385e-16 -0.00116128 -0.000208725 -0.00359075 -0.00060712 0.218446 0.0634836
0 2.15385e-16 0.000778828 0.00018871 -0.0022252 -0.000422369 0.216848 0.0635236
0 2.15385e-16 -0.00191929 -0.000342056 -0.00284632 -0.000357984 0.216675 0.0642103
0 2.15385e-16 -0.000664219 -9.35424e-05 0.00107045 8.76623e-05 0.217396 0.0634553
0 2.15385e-16 -3.03486e-06 -8.01137e-05 -0.00142864 -0.000167285 0.216717 0.0630455
0 2.15385e-16 -0.00456617 -0.000743758 0.000871774 0.000147873 0.216988 0.0629035
0 2.15385e-16 0.00218425 0.000434466 0.00054274 0.00016205 0.214589 0.0633723
0 2.15385e-16 -0.00054723 -4.01927e-05 -0.000525027 -5.76333e-05 0.216503 0.0635367
0 2.15385e-16 0.000771429 0.000249396 0.00091817 8.87963e-05 0.216857 0.0636894
0 2.15385e-16 0.0017279 0.000348938 -0.000695371 -0.000204826 0.216516 0.0632803
0 2.15385e-16 0.000469305 0.000183395 4.09817e-05 1.98876e-05 0.216304 0.0627621
0 2.15385e-16 0.0015045 0.000227344 -0.00245916 -0.000346116 0.217621 0.0633034
0 2.15385e-16 0.00106519 6.18872e-05 0.00113037 0.000230694 0.216605 0.0633938
0 2.15385e-16 0.000731908 0.000144776 -0.00178749 -0.000258703 0.216656 0.0637725
0 2.15385e-16 -0.00120053 -0.000129505 -0.00055729 2.0076e-05 0.217222 0.0635465
0 2.15385e-16 -0.00266784 -0.000414632 0.00162935 0.000143007 0.216828 0.0639095
0 2.15385e-16 -0.000318335 -7.53893e-05 -0.00296312 -0.00037379 0.218548 0.0638108
0 2.15385e-16 -0.00161704 -0.000242921 0.000150544 -6.94819e-05 0.215518 0.0635886
0 2.15385e-16 -0.00140223 -0.00019392 0.00216898 0.000354787 0.216726 0.0637
0 2.15385e-16 0.000499251 9.28748e-05 0.00168105 0.000333363 0.217252 0.0633077
0 2.15385e-16 -0.00116217 -0.000290906 -0.00232114 -0.000431234 0.218516 0.0634477
0 2.15385e-16 -0.00319898 -0.000517539 0.000792902 0.00016037 0.216853 0.0635407
0 2.15385e-16 0.000576774 0.000105638 0.000212129 8.76569e-07 0.21511 0.0637195
0 2.15385e-16 0.00138601 0.000214584 0.00167651 0.0003144 0.217602 0.0635031
0 2.15385e-16 -0.00132681 -0.000327574 0.00172029 0.000167619 0.216202 0.0635935
0 2.15385e-16 -0.00165842 -0.000292394 -0.000399614 -4.41457e-05 0.216861 0.0638239
0 2.15385e-16 -0.00181035 -0.000344146 0.00152087 0.000263913 0.217617 0.0629339
0 2.15385e-16 0.000803102 6.88608e-05 0.00109378 0.000186675 0.217124 0.0636347
0 2.15385e-16 -0.00155635 -0.000253326 -0.00140626 -0.000145361 0.217106 0.0630822
0 2.15385e-16 0.00196311 0.000292959 0.00382282 0.000581378 0.218467 0.0632784
0 2.15385e-16 -9.01603e-05 -8.66986e-05 -0.00219593 -0.000274907 0.215785 0.0635233
0 2.15385e-16 -0.00126465 -0.000158282 0.000701094 9.93992e-06 0.216087 0.0636744
0 2.15385e-16 0.000404507 0.000149101 0.000212575 5.79865e-05 0.216235 0.0636013
0 2.15385e-16 0.00194681 0.000354259 -0.000309943 3.01948e-05 0.21787 0.0624505
0 2.15385e-16 -6.10238e-05 -1.15701e-06 -0.000455666 2.72819e-05 0.216945 0.0629452
0 2.15385e-16 -0.00251903 -0.000518926 0.00142464 0.000307545 0.21738 0.062862
0 2.15385e-16 0.000120642 1.69117e-05 -0.00228312 -0.000507487 0.216947 0.0632571
0 2.15385e-16 -0.000780413 -0.000131176 0.000377753 2.64527e-05 0.215483 0.0639111
0 2.15385e-16 -0.000840301 -0.000132815 0.000515241 -2.46094e-05 0.216099 0.0632749
0 2.15385e-16 0.00117767 0.000234391 -0.00191256 -0.000399226 0.217354 0.0627598
0 2.15385e-16 0.000801231 0.000107785 -0.00232815 -0.000427352 0.217163 0.0632227
0 2.15385e-16 0.00102802 2.36785e-05 -0.00039536 -1.84668e-05 0.216386 0.0631878
0 2.15385e-16 -0.000673524 -0.000136614 -0.000673861 -0.000118503 0.216727 0.0627057
0 2.15385e-16 -0.000543039 -0.000267607 -0.00467154 -0.000733884 0.218478 0.0635538
0 2.15385e-16 8.88267e-05 -8.22073e-07 -0.00244896 -0.000345155 0.217426 0.0635696
0 2.15385e-16 -0.000140631 -6.08505e-05 -0.00133687 -0.000296477 0.215599 0.0639645
0 2.15385e-16 0.0010102 0.00022897 -0.00268062 -0.000456031 0.216849 0.0633404
0 2.15385e-16 0.00123815 0.000223678 -0.00111152 -7.22739e-05 0.215977 0.0633283
0 2.15385e-16 -0.000883544 -0.000161709 0.000580075 0.000127722 0.21662 0.0630408
0 2.15385e-16 0.00391741 0.000593453 -0.00122538 -0.00022955 0.218073 0.062722
0 2.15385e-16 0.00125117 0.000185194 0.000697693 0.000152565 0.216873 0.0638461
0 2.15385e-16 0.0014546 0.000266596 0.00519104 0.000852497 0.215669 0.0630055
0 2.15385e-16 -0.00118877 -0.00015582 0.00244777 0.000468399 0.217376 0.0630648
0 2.15385e-16 -0.00189936 -0.000236143 0.000117512 -8.3773e-05 0.216629 0.0637244
0 2.15385e-16 0.00181891 0.000315907 -0.00155603 -0.000200659 0.217032 0.0632863
0 2.15385e-16 -0.00161379 -0.000323132 -0.00201563 -0.000322702 0.217116 0.0639955
0 2.15385e-16 0.000777351 0.000110343 -0.00111685 -9.69172e-05 0.216032 0.063148
0 2.15385e-16 -0.000587511 -8.72654e-06 0.00228663 0.000355192 0.215277 0.0629361
0 2.15385e-16 -0.000892167 -0.000111763 0.000532131 -9.3471e-06 0.216371 0.0625242
0 2.15385e-16 0.00151939 0.000350643 0.00217892 0.000356716 0.216717 0.062576
0 2.15385e-16 -0.00251234 -0.0003198 0.000585381 5.69368e-05 0.217023 0.0637226
0 2.15385e-16 -0.000381733 6.25305e-05 -0.0013467 -0.000122896 0.217296 0.0634527
0 2.15385e-16 0.000719321 0.000183021 0.00280759 0.000367684 0.216375 0.0634379
0 2.15385e-16 -0.000344471 3.57839e-05 -0.00186517 -0.000368537 0.216579 0.0638066
0 2.15385e-16 0.00135984 0.000126739 -0.000766612 -0.000117791 0.215127 0.0634833
0 2.15385e-16 -0.000285359 0.000107602 -0.00433338 -0.000717075 0.217905 0.0637965
0 2.15385e-16 -0.00024988 -0.00013876 -0.00323981 -0.000502862 0.217884 0.0635294
0 2.15385e-16 0.00160845 0.000253528 0.000590768 7.79308e-05 0.217092 0.0626254
0 2.15385e-16 -0.00265431 -0.000455851 0.000637256 0.000224764 0.217283 0.0633646
0 2.15385e-16 0.00110458 0.000148383 -0.0012153 -0.000182867 0.217481 0.063521
0 2.15385e-16 -0.00232007 -0.000388437 -0.000563188 -7.37164e-05 0.21706 0.0632486
0 2.15385e-16 -0.000178865 0.000115709 -0.00203831 -0.000463991 0.217455 0.0636055
0 2.15385e-16 0.000620901 0.000226231 -0.00313105 -0.000521396 0.218151 0.0636547
0 2.15385e-16 0.00226518 0.000374926 1.29123e-05 -9.21276e-05 0.217605 0.0635196
0 2.15385e-16 0.00545199 0.000963542 -0.00362872 -0.00064852 0.217831 0.062815
0 2.15385e-16 -0.000870206 -0.000114419 0.000152852 -2.84348e-05 0.215577 0.0633186
0 2.15385e-16 0.000865404 0.000208759 0.00167846 0.000277525 0.217269 0.0628721
0 2.15385e-16 0.00214476 0.000530686 0.00394734 0.000665291 0.217452 0.0622065
0 2.15385e-16 0.000791122 0.000218891 0.000197966 8.67284e-05 0.216961 0.0631489
0 2.15385e-16 -0.000137363 -3.89181e-05 -0.00112472 -0.000193213 0.216578 0.0629898
0 2.15385e-16 -0.00124116 -0.000198475 -0.000919482 -0.000208559 0.217527 0.0638673
0 2.15385e-16 0.00140025 0.000220587 -0.0031957 -0.000557923 0.217299 0.0633059
0 2.15385e-16 -0.00233766 -0.000365922 -0.00174186 -0.000200682 0.21721 0.0637054
0 2.15385e-16 -0.0025315 -0.000427918 -0.00287749 -0.000345086 0.217018 0.0634234
0 2.15385e-16 -0.000715293 -0.000203038 0.00355293 0.000559746 0.21736 0.06323
0 2.15385e-16 0.000570016 0.000167149 0.00118724 0.000154285 0.216563 0.063466
0 2.15385e-16 -0.00276423 -0.000393977 0.000113171 2.33975e-05 0.216902 0.0635202
0 2.15385e-16 -0.00231964 -0.00044379 -0.000904322 -0.000178334 0.218814 0.0628792
0 2.15385e-16 0.00271446 0.000490873 -0.00135988 -0.000231549 0.216659 0.0629735
0 2.15385e-16 6.66309e-05 -4.0156e-05 0.000610436 0.000144958 0.216682 0.062909
0 2.15385e-16 -0.00105421 -0.000138503 0.000238288 0.000155436 0.21559 0.062938
0 2.15385e-16 -0.00185919 -0.000240292 -0.000390226 -9.67205e-05 0.217803 0.0631795
0 2.15385e-16 0.00153453 0.000345697 -0.000897239 -0.000110167 0.217327 0.0633995
0 2.15385e-16 -0.00215086 -0.000394977 0.00409287 0.000757708 0.216685 0.0634009
0 2.15385e-16 0.00173154 0.000273161 -0.00225128 -0.000435352 0.216283 0.0635168
0 2.15385e-16 -0.000932862 -0.000373819 0.00104566 0.000188791 0.215991 0.0633822
0 2.15385e-16 -0.00242826 -0.000458252 -0.000341084 8.27112e-05 0.217789 0.063978
0 2.15385e-16 0.00207743 0.000243274 -0.000596663 -0.000203505 0.216479 0.0637973
0 2.15385e-16 0.00378209 0.000764911 -0.000577603 1.74467e-05 0.216705 0.0632588
0 2.15385e-16 0.00125637 0.000222017 0.000298494 2.16234e-05 0.216774 0.0627282
0 2.15385e-16 0.00286684 0.000418821 0.00156747 0.000181819 0.215934 0.0633917
0 2.15385e-16 -0.000932488 -0.000246659 0.00037563 0.000100449 0.215801 0.0632576
0 2.15385e-16 -9.27459e-05 0.000115768 0.000113267 8.39707e-06 0.216555 0.0635885
0 2.15385e-16 0.002757 0.000447817 0.000393923 6.99016e-05 0.21708 0.0630826
0 2.15385e-16 0.00450909 0.000724211 -0.000756039 -0.000119513 0.217693 0.0630698
0 2.15385e-16 0.00250759 0.000413222 -0.000918851 -0.000135694 0.216386 0.0643964
0 2.15385e-16 -0.00046969 1.77628e-05 -0.0023033 -0.000401145 0.217184 0.0635464
0 2.15385e-16 -0.00175481 -0.000240809 0.00122892 3.68299e-05 0.215799 0.0637426
0 2.15385e-16 0.000413204 5.8296e-05 -0.00121058 -0.000108271 0.216553 0.0626743
0 2.15385e-16 0.000629057 7.08922e-05 0.00320882 0.000557947 0.215828 0.0631109
0 2.15385e-16 -0.000884096 -0.00015538 0.00218836 0.00024541 0.217006 0.0637404
0 2.15385e-16 0.00206244 0.000223412 0.000342103 3.96375e-05 0.216408 0.0632515
0 2.15385e-16 -0.00110401 -0.000191477 -0.0021554 -0.000306429 0.217323 0.0636518
0 2.15385e-16 -0.000739509 -0.000237759 -0.00201875 -0.000315989 0.216507 0.0638056
0 2.15385e-16 -0.000367024 0.000108542 0.00286915 0.000341775 0.216287 0.0636556
0 2.15385e-16 -0.00319767 -0.000611786 0.00142845 0.000226361 0.21638 0.0636744
0 2.15385e-16 0.00104231 0.000159754 0.000541947 0.000216572 0.217212 0.0636155
0 2.15385e-16 -0.000866781 -3.19238e-05 0.00127759 0.0002354 0.217125 0.0637998
0 2.15385e-16 0.0018991 0.000347282 0.00199528 0.000184203 0.216631 0.0638985
0 2.15385e-16 0.000690866 1.30093e-05 0.000731694 9.41639e-05 0.21722 0.0634428
0 2.15385e-16 -0.00143151 -0.000267465 0.00299625 0.000484992 0.217125 0.0635999
0 2.15385e-16 -0.000621484 -5.62002e-05 -0.00171071 -0.00035613 0.217214 0.0636755
0 2.15385e-16 0.000415576 0.000209178 -0.00127225 -5.06199e-05 0.216212 0.0633254
0 2.15385e-16 0.00176795 0.000258814 0.000524564 -2.62836e-06 0.21662 0.0632645
0 2.15385e-16 0.000363583 3.8673e-05 0.000478152 0.000142969 0.215281 0.06305
0 2.15385e-16 -0.000118043 -5.81729e-05 -4.5549e-05 -2.0523e-05 0.216373 0.0634822
0 2.15385e-16 -0.000573815 -9.71238e-06 0.000204254 7.7288e-05 0.215817 0.0635889
0 2.15385e-16 -9.46518e-05 -2.94029e-05 -0.000193488 -8.03817e-05 0.217887 0.0626261
0 2.15385e-16 0.000143784 2.2038e-05 0.00473914 0.000664457 0.216541 0.0634197
0 2.15385e-16 -9.78215e-05 1.1418e-05 -0.00116274 -0.000130576 0.215871 0.063533
0 2.15385e-16 0.000149164 5.11998e-05 -0.000582991 4.63316e-06 0.216884 0.0630287
0 2.15385e-16 0.000781412 0.0001243 -0.00274872 -0.000483324 0.216457 0.0634099
0 2.15385e-16 -0.00177996 -0.000267044 0.00274991 0.00041151 0.215511 0.0634546
0 2.15385e-16 0.000602266 9.65495e-05 -0.00120917 -0.000166036 0.217484 0.0630107
0 2.15385e-16 0.00225197 0.000414337 0.000599894 0.000161549 0.217346 0.0624931
0 2.15385e-16 0.000722815 0.000134832 0.000275427 1.3138e-06 0.218116 0.0638443
0 2.15385e-16 0.00171166 0.000387283 0.000522799 5.13703e-05 0.215374 0.0640101
0 2.15385e-16 -0.00245578 -0.000388422 0.00101887 0.000150786 0.218148 0.0637896
0 2.15385e-16 -0.000481504 -7.85383e-05 -0.00143149 -0.000286724 0.217331 0.063074
0 2.15385e-16 -0.00112652 -0.000256684 -0.000508342 -0.000116829 0.216822 0.0631501
0 2.15385e-16 0.00089683 8.2027e-05 -0.000866952 -3.36257e-05 0.216008 0.0636979
0 2.15385e-16 -0.00248285 -0.000438658 0.000170257 -3.76525e-05 0.216838 0.064229
0 2.15385e-16 0.000908066 0.000270189 -0.000781556 3.91066e-06 0.217543 0.0634377
0 2.15385e-16 0.00202537 0.000334953 0.00202194 0.000257705 0.215489 0.063655
0 2.15385e-16 5.52876e-05 5.58236e-05 0.00244603 0.000304875 0.215496 0.0633379
0 2.15385e-16 -9.84373e-05 -7.9313e-05 -0.00322198 -0.000521371 0.217112 0.0640362
0 2.15385e-16 7.12223e-05 1.83383e-05 -0.00125043 -0.000210856 0.215842 0.0635014
0 2.15385e-16 -3.19586e-05 5.66005e-05 -0.00189539 -0.000300095 0.216435 0.0628866
0 2.15385e-16 -0.000889399 -0.000201722 -0.00273573 -0.000556054 0.216334 0.0635176
0 2.15385e-16 -0.00170909 -0.000231569 0.00110348 0.000256491 0.216494 0.0640998
0 2.15385e-16 -0.000942352 -0.000141988 0.00419549 0.000785802 0.216476 0.0636983
0 2.15385e-16 -0.00185949 -0.000332627 0.000850994 1.61836e-05 0.217778 0.0635601
0 2.15385e-16 0.000574283 9.6538e-05 -3.30457e-05 0.000116111 0.216284 0.0628786
0 2.15385e-16 -0.00100029 5.00531e-06 -3.24741e-06 9.44491e-05 0.217204 0.0636694
0 2.15385e-16 0.00225943 0.000388494 0.001998 0.000279857 0.216007 0.0643594
0 2.15385e-16 -0.00295909 -0.000326946 0.000394083 0.000143828 0.216554 0.0638887
0 2.15385e-16 0.00218945 0.000305038 -0.00140653 -0.000142838 0.21596 0.0630827
0 2.15385e-16 -0.000577896 3.68892e-05 0.000626261 0.000188164 0.216978 0.0628409
0 2.15385e-16 -0.00142387 -0.000301955 0.00182203 0.000343165 0.21697 0.0625995
0 2.15385e-16 0.00076798 0.000207273 0.00154425 0.00034218 0.21701 0.0630319
0 2.15385e-16 0.00233693 0.000334562 -0.00107255 -0.000168263 0.216111 0.0634519
0 2.15385e-16 0.00192271 0.000382377 -0.000105064 -5.4088e-05 0.214757 0.0634952
0 2.15385e-16 0.00161904 0.000289301 -0.000917637 -0.000156508 0.216783 0.0629693
0 2.15385e-16 0.0016161 0.000309103 0.00115449 0.000117124 0.216766 0.0632751
0 2.15385e-16 -0.000622529 -8.38659e-05 0.00321831 0.000550807 0.216536 0.0631565
0 2.15385e-16 -0.000238455 -6.9615e-05 0.00117361 0.000146235 0.216349 0.063916
0 2.15385e-16 -0.000907848 -0.000260281 0.000732636 0.000108336 0.217706 0.0628509
0 2.15385e-16 -0.000727581 -0.000192751 0.00199847 0.000121486 0.21719 0.0636343
0 2.15385e-16 -0.00170124 -0.000216316 0.00237765 0.000207168 0.21669 0.0632746
0 2.15385e-16 0.00030574 0.000135141 0.0017355 0.000282941 0.217351 0.0638096
0 2.15385e-16 -0.000466522 -0.000183833 5.05125e-05 -3.18462e-05 0.216486 0.0629152
0 2.15385e-16 -0.000188648 9.65576e-05 -0.000534541 -9.81968e-05 0.217728 0.0630373
0 2.15385e-16 0.00111105 0.000189712 -0.00182778 -0.000321696 0.216478 0.0628043
0 2.15385e-16 -0.000736208 -3.79065e-05 0.0022093 0.000392299 0.21751 0.0639906
0 2.15385e-16 0.00415757 0.000783483 -0.00328944 -0.000508383 0.216798 0.0637576
0 2.15385e-16 0.0029828 0.000401736 0.00169103 0.00021043 0.216224 0.063986
0 2.15385e-16 -0.00196195 -0.000415817 0.000297089 1.55008e-05 0.215433 0.0635219
0 2.15385e-16 -0.000945521 -0.000173574 0.000476518 0.000136635 0.216009 0.0636131
0 2.15385e-16 -0.000499239 -0.000114407 -0.000749029 -1.97065e-05 0.21707 0.0639884
0 2.15385e-16 4.8373e-05 2.62165e-05 0.00261739 0.000289914 0.216706 0.0636155
0 2.15385e-16 -0.000688808 -0.000169579 0.00320579 0.000362249 0.217308 0.0638366
0 2.15385e-16 2.76737e-05 6.4865e-05 -0.00245875 -0.000378098 0.217802 0.0637725
0 2.15385e-16 -0.00222198 -0.000340553 0.000566821 -2.49213e-05 0.217787 0.0634589
0 2.15385e-16 -0.00093571 -0.000117849 -0.000406047 6.94866e-05 0.217862 0.0636707
0 2.15385e-16 -0.00122475 -0.000194883 0.00211899 0.000300594 0.217138 0.0634118
0 2.15385e-16 -0.000289836 6.88068e-05 0.00313089 0.000476342 0.217771 0.063042
0 2.15385e-16 -0.00100519 -0.000240586 -0.000648555 -0.0001375 0.216637 0.0631117
0 2.15385e-16 0.00106525 0.000275549 0.00153667 0.000270929 0.216599 0.0632404
0 2.15385e-16 -0.000257648 -0.000105245 0.00116298 0.000285091 0.216361 0.0628792
0 2.15385e-16 0.0038333 0.000588411 -0.00351493 -0.000623816 0.217381 0.0635665
0 2.15385e-16 -0.00063679 -5.59033e-05 -0.000443412 -0.000124385 0.215908 0.0636016
0 2.15385e-16 0.000842576 9.70742e-05 0.000229331 0.000103388 0.216152 0.0634243
0 2.15385e-16 0.00172173 0.000345424 0.0017025 0.000382648 0.215911 0.064104
0 2.15385e-16 -0.000993359 -0.000145309 -0.000272797 -0.000134809 0.216366 0.0638032
0 2.15385e-16 -0.00115722 -0.000172875 -0.00178639 -0.000261708 0.217921 0.0634247
0 2.15385e-16 -0.00158424 -0.000278192 -0.00178754 -0.000198709 0.216819 0.0635626
0 2.15385e-16 -0.000740126 -0.000181805 -8.67668e-05 5.52092e-05 0.216253 0.0631817
0 2.15385e-16 6.32741e-05 -6.11388e-05 -0.000506447 -8.22633e-05 0.216977 0.0630225
0 2.15385e-16 -0.00023508 -2.72058e-05 -0.00143581 -0.000240022 0.216613 0.0637313
0 2.15385e-16 -0.00025712 -0.000270245 -0.000946997 -0.000169341 0.215729 0.0629452
0 2.15385e-16 0.000651174 0.000105084 0.00180132 0.00016007 0.217104 0.0636296
0 2.15385e-16 0.000331519 0.000179491 -0.0012973 -0.000167347 0.21646 0.0635041
0 2.15385e-16 -0.000892265 -6.05692e-05 0.000602471 0.000126715 0.216817 0.063106
0 2.15385e-16 -0.00209235 -0.000418118 -0.000187715 -5.79774e-05 0.217504 0.0629825
0 2.15385e-16 0.00261417 0.000430045 -0.00281894 -0.000281911 0.216953 0.0632359
0 2.15385e-16 0.00239323 0.000553351 -0.00183436 -0.000170487 0.21636 0.06355
0 2.15385e-16 -0.000966154 -9.69792e-05 -0.00151165 -0.000167211 0.215984 0.0632937
0 2.15385e-16 0.00164406 0.000343414 -0.00192004 -0.000285193 0.217403 0.0631727
0 2.15385e-16 0.000803049 0.00018233 -0.00337433 -0.000664005 0.217904 0.0637719
0 2.15385e-16 0.00101351 0.000157952 0.00113831 5.82366e-05 0.216902 0.063457
0 2.15385e-16 0.000684278 4.47719e-05 0.00196278 0.000330318 0.217493 0.0637741
0 2.15385e-16 0.00308564 0.000488764 0.00267801 0.000360143 0.21728 0.0636663
0 2.15385e-16 0.000545359 0.000108563 -0.0032152 -0.000420864 0.217274 0.062715
0 2.15385e-16 -0.00206189 -0.000384854 0.000567904 0.000181757 0.216188 0.0639093
0 2.15385e-16 -8.88872e-05 -1.95193e-05 0.00150784 0.000305608 0.214935 0.0630229
0 2.15385e-16 -0.00160273 -0.000368949 0.000397542 0.000147762 0.217526 0.0629316
0 2.15385e-16 -0.00059429 -0.000139437 -0.00245921 -0.000433937 0.217724 0.0633616
0 2.15385e-16 0.00196619 0.000337053 0.00226637 0.000572064 0.217224 0.0632523
0 2.15385e-16 -0.00195784 -0.000392949 -0.00108342 -0.000286274 0.21712 0.0631324
0 2.15385e-16 0.00171597 0.000380698 -0.000470663 -2.8506e-06 0.21654 0.0634851
0 2.15385e-16 0.000240619 4.14637e-05 0.00323184 0.00042366 0.215966 0.0641974
0 2.15385e-16 5.98501e-05 5.50603e-05 0.000787671 1.34054e-05 0.216331 0.0635651
0 2.15385e-16 0.00256407 0.000320814 0.00140498 0.000240286 0.217236 0.0639313
0 2.15385e-16 0.000342515 -2.21262e-05 0.00192437 0.00026831 0.217206 0.0634088
0 2.15385e-16 -0.00358239 -0.000606892 0.00113388 0.000237517 0.217372 0.063434
0 2.15385e-16 0.000708139 7.55081e-05 0.00122995 0.000118867 0.216907 0.0635274
0 2.15385e-16 0.00538608 0.00082559 -0.000121644 -2.3105e-05 0.215197 0.063315
0 2.15385e-16 0.000754668 0.000197001 -0.00351428 -0.00051645 0.217639 0.0638548
0 2.15385e-16 -0.000398192 -3.94889e-05 -9.13472e-05 -1.18989e-06 0.216662 0.063208
0 2.15385e-16 0.00152961 0.000408652 0.00102973 0.000124865 0.217243 0.0632086
0 2.15385e-16 -0.00165329 -0.000106531 0.00157037 0.000299529 0.217641 0.0632372
0 2.15385e-16 -0.00146918 -0.000175583 -0.00123286 -0.000133923 0.21756 0.063528
0 2.15385e-16 0.00380537 0.000557014 -0.000777426 -7.31419e-05 0.215831 0.0639418
0 2.15385e-16 -0.00159526 -0.000289817 -1.71931e-05 -0.000163751 0.216777 0.0636399
0 2.15385e-16 0.000431392 8.43381e-05 0.00066357 0.000186787 0.215915 0.063542
0 2.15385e-16 0.00432258 0.0006368 0.000641127 9.93403e-05 0.215228 0.0633747
0 2.15385e-16 -0.00207176 -0.00033812 -0.00084784 -0.000243965 0.216746 0.0642254
0 2.15385e-16 0.000167876 5.57428e-05 0.000246899 -1.02376e-05 0.217447 0.0630564
0 2.15385e-16 -0.000214809 -6.5455e-05 -0.00167559 -0.000474227 0.216431 0.0632464
0 2.15385e-16 0.000152854 4.85894e-05 0.000126269 3.90589e-05 0.215638 0.0627046
0 2.15385e-16 6.10818e-05 -5.33491e-05 -0.00221431 -0.000453698 0.215982 0.0628541
0 2.15385e-16 0.00250487 0.000402475 0.000963844 0.000122136 0.217088 0.0636168
0 2.15385e-16 0.0015261 0.000292564 -0.00226931 -0.000419846 0.216151 0.0633506
0 2.15385e-16 0.000698738 0.000151713 -0.000173669 9.89417e-06 0.216376 0.0632902
0 2.15385e-16 -0.00168549 -0.000334386 0.00225636 0.000379735 0.215706 0.0634468
0 2.15385e-16 0.00212655 0.000284975 0.000398214 4.72687e-05 0.216776 0.0636773
0 2.15385e-16 -0.000767571 -6.50417e-05 0.00200626 0.000365422 0.215791 0.063129
0 2.15385e-16 -0.00123608 -0.000193573 -0.00117767 -0.000285799 0.216737 0.063424
0 2.15385e-16 -0.000723173 -6.33178e-05 0.00171054 0.00020337 0.217212 0.0628059
0 2.15385e-16 0.00166876 0.00013367 0.00215195 0.000208206 0.216659 0.0644196
0 2.15385e-16 0.00304207 0.000398861 -0.00301714 -0.000375386 0.217026 0.0640922
0 2.15385e-16 0.000741268 0.000164711 0.00374258 0.000598652 0.216682 0.0633365
0 2.15385e-16 0.00166478 0.000319927 0.0031572 0.000523185 0.217429 0.0638295
0 2.15385e-16 -0.00126687 -0.000245184 0.000247569 1.09613e-05 0.216863 0.0631738
0 2.15385e-16 -0.000538574 -7.46017e-05 -0.00154512 -0.000166334 0.21652 0.063436
0 2.15385e-16 0.00109531 0.000202386 -0.00210204 -0.000263544 0.215754 0.063725
0 2.15385e-16 -0.000540848 -6.1532e-05 0.000123945 0.000202961 0.216615 0.0632232
0 2.15385e-16 -0.000132829 -3.14564e-05 -0.00211156 -0.000315764 0.215489 0.0640718
0 2.15385e-16 -0.00164556 -0.000162734 -0.00122171 -0.000220535 0.218184 0.0633492
0 2.15385e-16 0.00138623 0.000216457 0.00103793 4.76537e-05 0.217054 0.0636935
0 2.15385e-16 -0.00301949 -0.000437313 0.00197444 0.000326957 0.21774 0.0629619
0 2.15385e-16 0.000215102 9.65426e-05 -0.000308269 -3.65174e-05 0.216895 0.0633414
0 2.15385e-16 0.00105031 0.000384927 -0.00301978 -0.000471721 0.218691 0.0635652
0 2.15385e-16 -0.00141639 -0.000288596 0.00296895 0.000410522 0.216697 0.063797
0 2.15385e-16 -0.00351745 -0.000590118 0.0031 0.000472423 0.217644 0.0637581
0 2.15385e-16 -0.000579592 -6.86843e-05 0.00553726 0.000988307 0.216562 0.0635978
0 2.15385e-16 -0.00181307 -0.000231143 0.00235212 0.000514659 0.216718 0.063545
0 2.15385e-16 0.00238095 0.000382793 -0.000467323 2.46499e-05 0.216871 0.0634776
0 2.15385e-16 -0.0021506 -0.000340674 -0.00395407 -0.000508707 0.21778 0.0649021
0 2.15385e-16 -0.00320604 -0.000431644 -0.000726757 -0.000221271 0.217166 0.0638016
0 2.15385e-16 -0.00200455 -0.000310764 -0.000162075 -0.000127257 0.216225 0.063746
0 2.15385e-16 0.00136308 0.000228981 -0.00204986 -0.000473139 0.216073 0.0629856
0 2.15385e-16 0.00108024 0.000147653 -0.00123909 -0.000168981 0.21583 0.0635489
0 2.15385e-16 0.00154918 0.000136863 0.000574072 -1.12011e-05 0.216157 0.0632439
0 2.15385e-16 -0.00126269 -0.000240343 -0.000864582 -0.000118098 0.217074 0.0637814
0 2.15385e-16 -0.003988 -0.000808239 0.000930099 0.000196553 0.217271 0.0629623
0 2.15385e-16 -0.000183959 -0.000134238 -0.00225021 -0.000320136 0.217174 0.0630494
0 2.15385e-16 0.000224426 -2.67672e-05 0.00312015 0.000547927 0.217 0.0631574
0 2.15385e-16 0.00148661 0.000294774 0.000581142 0.000141486 0.215856 0.0632453
0 2.15385e-16 0.00173741 0.000270814 -0.001058 -0.000104742 0.217024 0.0631019
0 2.15385e-16 -0.00305361 -0.00056895 0.00106224 7.01273e-05 0.216437 0.063401
0 2.15385e-16 -0.00216745 -0.000361444 0.00154733 0.000217159 0.216205 0.0623125
0 2.15385e-16 -0.00234406 -0.000359691 0.000112103 0.000117135 0.217903 0.0638264
0 2.15385e-16 0.00079361 0.000182063 -0.00131438 -0.000107988 0.217686 0.063172
0 2.15385e-16 0.000312006 2.92129e-05 -0.0011854 -0.000265132 0.216623 0.0633507
0 2.15385e-16 0.000741192 9.00433e-05 -0.000801213 -0.000157719 0.215836 0.0634291
0 2.15385e-16 0.00392522 0.000637025 -0.00403406 -0.000599634 0.216161 0.063655
0 2.15385e-16 0.000310107 -6.88132e-05 0.00289976 0.000445957 0.217685 0.0633237
0 2.15385e-16 -0.00105176 -0.000245529 -0.00113287 -0.000115644 0.217656 0.0629148
0 2.15385e-16 -0.000760297 -3.08243e-05 0.000139566 -3.02266e-06 0.217175 0.0626291
0 2.15385e-16 0.00377197 0.000604012 -0.000811905 -5.03718e-05 0.215866 0.0637429
0 2.15385e-16 -0.00102185 -0.000278399 -0.00358493 -0.000570974 0.216817 0.0643689
0 2.15385e-16 -0.000303749 1.46696e-05 -0.00135464 -0.000363101 0.215812 0.0628285
0 2.15385e-16 -0.00015737 -2.14803e-05 -0.00119562 -0.000216348 0.217485 0.0631175
0 2.15385e-16 -0.00259426 -0.000580413 -0.000159806 -4.49511e-05 0.215814 0.0641211
0 2.15385e-16 0.00132167 0.000337848 0.0013429 0.000228938 0.217787 0.0633927
0 2.15385e-16 -0.00302128 -0.00055824 0.000938969 0.000345055 0.21814 0.0639342
0 2.15385e-16 0.00462026 0.000829787 -0.00318597 -0.000502625 0.217897 0.0639872
0 2.15385e-16 -0.000194699 -4.27187e-05 0.00267313 0.000423576 0.216018 0.0642007
0 2.15385e-16 0.000927126 0.000409992 -0.00185794 -0.000405228 0.2168 0.0635197
0 2.15385e-16 -0.0017353 -0.000212811 -0.000160573 -3.27048e-05 0.2173 0.0633374
0 2.15385e-16 0.00119493 0.000189903 -0.000886915 -5.79661e-06 0.217074 0.063709
0 2.15385e-16 -0.000261399 -3.86309e-05 0.0015194 0.000195212 0.215997 0.0635532
0 2.15385e-16 0.000290857 3.02079e-06 -0.00106417 -5.6289e-05 0.215422 0.0635552
0 2.15385e-16 -0.00139459 -0.000268642 0.00322752 0.000601386 0.216126 0.0628711
0 2.15385e-16 -0.00014114 -4.20084e-06 -0.00107201 -0.000162944 0.215873 0.063257
0 2.15385e-16 -0.000369628 -0.000239392 -0.00016472 -1.19811e-05 0.216069 0.0637874
0 2.15385e-16 0.00120365 0.000289828 0.000359906 0.000103429 0.217032 0.0635323
0 2.15385e-16 -0.000561941 2.64108e-05 0.000439527 -8.73053e-06 0.216825 0.0632031
0 2.15385e-16 -0.000264354 -0.000114055 0.00281982 0.000550998 0.216339 0.0628378
0 2.15385e-16 0.00113227 5.66706e-05 0.000154597 0.000122256 0.216142 0.0636487
0 2.15385e-16 0.000524656 6.59337e-05 0.000612433 0.000274299 0.216308 0.0637713
0 2.15385e-16 -0.000326411 2.05779e-05 0.00184398 0.000333493 0.215978 0.0637227
0 2.15385e-16 -0.000250517 -0.000149182 0.000972108 0.00019899 0.215963 0.0633724
0 2.15385e-16 0.0030919 0.000566637 -0.00236411 -0.000435416 0.217294 0.0633122
0 2.15385e-16 0.0046915 0.000836722 0.00173401 0.000409958 0.217798 0.0637612
0 2.15385e-16 -0.00171072 -0.00038109 -0.00177915 -0.000318405 0.217892 0.0637328
0 2.15385e-16 0.00120531 0.000181705 0.000933704 0.000100672 0.216221 0.0637478
0 2.15385e-16 -0.00170711 -0.000300154 -0.000633447 -0.000178038 0.21798 0.063673
0 2.15385e-16 -0.00325499 -0.000566349 -0.000387233 -7.96924e-05 0.216629 0.0640755
0 2.15385e-16 -0.00318824 -0.000560396 -0.00190107 -0.000433112 0.218172 0.0636874
0 2.15385e-16 -0.00200168 -0.000402996 0.00115942 0.000226791 0.217523 0.0625481
0 2.15385e-16 -0.000175386 -7.48476e-05 0.000322318 9.5654e-05 0.21544 0.0634553
0 2.15385e-16 -0.00318783 -0.000650635 -0.00174507 -0.000341837 0.218908 0.0636808
0 2.15385e-16 0.000108916 0.000116798 -0.000964938 -0.000124447 0.216609 0.0631937
0 2.15385e-16 -0.000217951 -7.84693e-05 -0.000887406 -0.000200581 0.216234 0.0630802
0 2.15385e-16 -0.00135198 -0.000217405 -0.000854717 -0.00015598 0.217126 0.0638531
0 2.15385e-16 -0.000576026 -0.000145012 0.00298328 0.000459617 0.215579 0.0635644
0 2.15385e-16 0.00106026 0.000210854 0.000810521 0.000163563 0.216069 0.0632572
0 2.15385e-16 -0.000509924 -0.000235721 0.00262712 0.000367303 0.217057 0.0630657
0 2.15385e-16 -8.84964e-05 5.02756e-05 0.00193272 0.000266326 0.217024 0.0637092
0 2.15385e-16 -0.00174425 -0.000196729 -0.000247692 -0.000159378 0.21662 0.0636427
0 2.15385e-16 -0.0025925 -0.000405546 -0.00154884 -0.000278437 0.218069 0.0636667
0 2.15385e-16 -0.00297333 -0.000646646 0.000724825 7.13486e-05 0.216905 0.0634012
0 2.15385e-16 0.000644222 9.14575e-05 -0.00075943 -0.000116803 0.21755 0.0633764
0 2.15385e-16 0.00271308 0.00054272 0.00116834 0.000194723 0.215384 0.0637753
0 2.15385e-16 -0.000364226 -8.30283e-05 -0.000308368 -0.000109271 0.215963 0.0633049
0 2.15385e-16 0.0022464 0.000309218 -0.00252763 -0.000396501 0.216922 0.0624586
0 2.15385e-16 -0.000796879 -0.000110176 0.00208773 0.000378887 0.217144 0.0635213
0 2.15385e-16 0.00129458 0.000207582 -0.00121443 -0.0001597 0.216243 0.0630288
0 2.15385e-16 0.00218714 0.000429494 -0.00078858 -7.05327e-05 0.216487 0.0634846
0 2.15385e-16 -0.00143144 -1.60355e-05 0.000429274 -1.21427e-05 0.216613 0.0634862
0 2.15385e-16 -0.000374286 -3.32864e-05 -0.000181163 -0.000169665 0.215904 0.0635365
0 2.15385e-16 -0.00214257 -0.000299125 -0.00301502 -0.00040897 0.216181 0.0639974
0 2.15385e-16 0.00129217 0.000294981 -0.0013466 -0.0002257 0.216686 0.0626648
0 2.15385e-16 0.00165336 0.00010872 0.00228741 0.0003448 0.217036 0.0637401
0 2.15385e-16 -0.00102712 -0.000142954 0.00403419 0.000607042 0.217636 0.0632186
0 2.15385e-16 -2.94233e-05 -8.24818e-05 -0.00103723 -7.1812e-05 0.217259 0.062748
0 2.15385e-16 -0.0010242 -0.000224354 -0.000384697 -0.000149651 0.218165 0.0629759
0 2.15385e-16 0.00267027 0.000491465 -0.00133196 -0.000253601 0.217969 0.0631633
0 2.15385e-16 0.00106536 8.78902e-05 0.000828368 0.000164083 0.216013 0.0637505
0 2.15385e-16 -0.00202496 -0.000331635 -0.000753883 -8.39753e-06 0.217304 0.0630818
0 2.15385e-16 0.00322713 0.000592726 0.000635752 0.000176587 0.21588 0.063139
0 2.15385e-16 0.00062927 0.000198096 0.0018264 0.000292307 0.214883 0.0637428
0 2.15385e-16 0.000362488 0.000205 -0.00135175 -0.000217149 0.215321 0.0634146
0 2.15385e-16 -0.00127718 -0.000151477 0.00139859 0.000196356 0.215594 0.0633653
0 2.15385e-16 0.000285958 2.7134e-05 -0.000293227 -2.69626e-05 0.21649 0.0625613
0 2.15385e-16 0.000999222 3.71404e-05 0.000168019 2.36036e-05 0.215142 0.0631268
0 2.15385e-16 0.00146514 0.000342667 -0.000480273 -0.000197745 0.21624 0.0632535
0 2.15385e-16 0.00147907 0.000321817 -0.000604435 3.2752e-05 0.216889 0.0635349
0 2.15385e-16 0.000715511 0.000202082 -0.00145563 -0.000210964 0.217389 0.0636578
0 2.15385e-16 -0.00339045 -0.000603895 -0.0010381 -0.000254095 0.216854 0.0640037
0 2.15385e-16 -0.000225059 1.71546e-05 0.00109608 0.000155537 0.215712 0.063684
0 2.15385e-16 0.000762388 0.000193271 -0.00210893 -0.000296382 0.217715 0.0630352
0 2.15385e-16 -0.00267328 -0.000553654 0.00161985 0.000379802 0.218052 0.0628087
0 2.15385e-16 0.00197046 0.000365485 0.002648 0.000366126 0.217257 0.0633483
0 2.15385e-16 -0.000810093 -0.000121183 0.00109842 0.000147012 0.216643 0.0628145
0 2.15385e-16 0.00100585 0.00010438 -0.000496436 1.9943e-05 0.216258 0.0633561
0 2.15385e-16 -0.000993996 -0.000154213 0.000776933 6.41036e-05 0.217049 0.06331
0 2.15385e-16 -0.000380967 -0.000143947 0.00447631 0.000661262 0.217027 0.0631927
0 2.15385e-16 -0.00193425 -0.000283669 -0.00165905 -0.000167561 0.216916 0.0640719
0 2.15385e-16 0.000732823 6.01658e-05 0.000241692 0.000130398 0.216755 0.0630175
0 2.15385e-16 -0.00165003 -0.000376498 -0.00180962 -0.000282152 0.217646 0.063505
0 2.15385e-16 0.00158059 0.000272249 -0.00190718 -0.000306009 0.216599 0.0633324
0 2.15385e-16 -5.71041e-05 4.32173e-05 -0.0020083 -0.000188708 0.21798 0.063339
0 2.15385e-16 -0.000109157 -4.21134e-05 0.000724712 0.000115651 0.216244 0.0634402
0 2.15385e-16 -0.000335497 -9.47912e-05 -0.00282623 -0.000346941 0.217304 0.0635269
0 2.15385e-16 -0.000627739 -0.000177863 -0.00327553 -0.000550869 0.21775 0.0635737
0 2.15385e-16 -0.00203166 -0.000449465 0.00214993 0.000357426 0.217462 0.0636104
0 2.15385e-16 0.000340192 0.000108962 -0.00185259 -0.000139634 0.217345 0.0636618
0 2.15385e-16 -0.000351431 -7.15437e-05 0.000660722 0.000157089 0.215941 0.0634498
0 2.15385e-16 -0.000792282 -0.000204137 0.0023105 0.000413655 0.217303 0.0627616
0 2.15385e-16 0.000309709 6.15083e-05 0.00048614 7.0793e-05 0.217614 0.0631774
0 2.15385e-16 -8.83101e-05 8.41561e-06 6.87871e-05 2.08486e-05 0.215563 0.0631922
0 2.15385e-16 -0.000193468 -7.70292e-05 -8.97897e-05 -8.76274e-05 0.216916 0.0633506
0 2.15385e-16 0.000707488 2.66552e-05 0.000565852 7.56984e-05 0.217106 0.0625114
0 2.15385e-16 -0.000247069 -0.000106473 -0.00330152 -0.000441715 0.218265 0.0635218
0 2.15385e-16 0.00148069 0.00026682 -0.000787133 -0.000199393 0.216101 0.0624511
0 2.15385e-16 0.00383968 0.000695751 -0.00262206 -0.000458927 0.216944 0.0625367
0 2.15385e-16 0.0028868 0.000475105 -0.00126585 -0.000184504 0.217171 0.0635541
0 2.15385e-16 0.000137831 -4.91318e-05 0.000699564 0.000250472 0.21746 0.0630782
0 2.15385e-16 -0.000554332 -0.000115024 -0.000646208 -9.30182e-05 0.216819 0.0630793
0 2.15385e-16 -0.00268534 -0.000491372 -0.000644062 2.10488e-05 0.216009 0.0635935
0 2.15385e-16 0.000462143 0.000150065 0.00152804 0.000142767 0.216128 0.0633985
0 2.15385e-16 0.00220481 0.000532011 0.00117581 8.18133e-05 0.216599 0.0631341
0 2.15385e-16 0.00103843 0.000291628 -0.00412151 -0.000708126 0.217242 0.0641913
0 2.15385e-16 0.00159634 0.000291987 -0.000261916 -4.17388e-05 0.216107 0.0635377
0 2.15385e-16 0.000776136 3.97508e-05 0.000735386 7.5188e-05 0.2171 0.06314
0 2.15385e-16 -0.00140412 -0.00020309 -0.0010604 -0.000250439 0.217056 0.0640029
0 2.15385e-16 0.00212317 0.000315162 0.00226031 0.000404028 0.218024 0.062711
0 2.15385e-16 0.00163215 0.000336885 0.00170497 0.000353037 0.215304 0.0635017
0 2.15385e-16 0.00114337 0.000293563 -0.00108194 -6.60177e-05 0.216791 0.0636964
0 2.15385e-16 0.000976293 0.000161197 0.00263557 0.000422659 0.217903 0.0626157
0 2.15385e-16 0.00103407 0.000193241 -0.00346536 -0.000734612 0.217034 0.0627603
0 2.15385e-16 -0.000840044 8.21987e-05 -0.00044561 1.76781e-06 0.21745 0.0631139
0 2.15385e-16 0.00032778 0.000132967 -0.000986932 -0.000125988 0.216997 0.0633795
0 2.15385e-16 -0.000283601 4.78605e-05 -0.00218857 -0.000255581 0.216017 0.0634736
0 2.15385e-16 0.0010557 0.000248402 -0.00120373 -0.000287884 0.2176 0.062563
0 2.15385e-16 0.00129238 0.000285585 0.0024407 0.000445702 0.21713 0.0632575
0 2.15385e-16 0.000180938 2.30686e-05 -0.00134711 -0.000162525 0.216026 0.0639104
0 2.15385e-16 -0.00191563 -0.00040191 -0.000482041 -6.24043e-05 0.217243 0.0630595
0 2.15385e-16 0.00117576 0.000249502 9.26813e-06 -7.93649e-05 0.217224 0.0635597
0 2.15385e-16 -0.000837105 -0.000114568 0.000345464 9.10519e-05 0.21561 0.0635304
0 2.15385e-16 0.00261516 0.000590419 0.00501542 0.000907389 0.218152 0.0631178
0 2.15385e-16 0.00462635 0.000707974 -0.00196278 -0.000249787 0.217348 0.0637322
0 2.15385e-16 -0.00264242 -0.000527334 0.000728335 5.3433e-05 0.21747 0.0636579
0 2.15385e-16 0.000245405 5.28734e-05 -0.00206825 -0.000408984 0.217133 0.0630758
0 2.15385e-16 0.00047471 7.24048e-05 0.00163619 0.000164073 0.215738 0.0632437
0 2.15385e-16 0.00562165 0.00110597 0.00198757 0.000282157 0.216871 0.0630805
0 2.15385e-16 0.00336063 0.000655991 0.00131942 0.000286604 0.216905 0.0639826
0 2.15385e-16 -0.00218793 -0.000440921 -0.000223081 8.75331e-05 0.216326 0.0641796
0 2.15385e-16 -0.00276188 -0.000370568 -0.00139403 -6.44505e-05 0.216871 0.0640092
0 2.15385e-16 0.00265213 0.000455353 0.00263306 0.000514815 0.217075 0.06327
0 2.15385e-16 0.00189508 0.000165709 0.000791364 0.000187767 0.217026 0.0627229
0 2.15385e-16 -0.0021648 -0.000409405 -0.000358024 -0.00010176 0.21683 0.0635835
0 2.15385e-16 -0.00237579 -0.000394542 0.00173413 0.000321159 0.216852 0.0633795
0 2.15385e-16 0.000440893 0.000141146 -0.000867148 -0.000180177 0.215392 0.0629069
0 2.15385e-16 -0.00333893 -0.000628106 -0.00163631 -0.000310127 0.217986 0.0636932
0 2.15385e-16 -0.00103211 -0.000129713 0.000901084 0.000135563 0.216453 0.0632142
0 2.15385e-16 2.65351e-05 -7.21171e-06 -0.00125266 -5.12083e-05 0.216678 0.0638106
0 2.15385e-16 0.00220176 0.000465789 0.00306241 0.000337292 0.217209 0.0633712
0 2.15385e-16 0.000380917 2.46636e-05 -0.00129205 -0.000219798 0.215989 0.0643578
0 2.15385e-16 0.00125708 0.000152338 -0.00173387 -0.000357399 0.215692 0.0635226
0 2.15385e-16 -0.00223783 -0.00026201 -0.000453905 -8.01947e-05 0.217544 0.0640533
0 2.15385e-16 0.000381371 0.000134471 -0.00180276 -0.000317233 0.218241 0.0634157
0 2.15385e-16 0.00101158 0.000100778 -0.000216041 0.000100085 0.21665 0.0631698
0 2.15385e-16 5.49635e-05 5.06542e-05 -0.000600727 -4.57153e-05 0.215814 0.0636877
0 2.15385e-16 0.00269083 0.000426601 0.0020095 0.000441771 0.21619 0.0629904
0 2.15385e-16 -0.00165711 -0.000406265 -4.27303e-05 -3.35457e-05 0.216847 0.0628676
0 2.15385e-16 0.000106163 0.00010211 0.00264563 0.000448566 0.217595 0.0632629
0 2.15385e-16 0.00135848 0.000158652 0.00383413 0.000656507 0.216488 0.063601
0 2.15385e-16 -0.000152113 -3.36773e-05 -0.000246016 5.60542e-05 0.21743 0.0626069
0 2.15385e-16 0.000242881 -0.000114177 0.00147103 0.000205721 0.216397 0.0635337
0 2.15385e-16 0.000514763 -5.68147e-06 0.00205068 0.000404804 0.21696 0.0636117
0 2.15385e-16 -0.000706055 -0.000138611 0.000713838 3.69593e-05 0.216215 0.0631157
0 2.15385e-16 0.00242165 0.000241005 0.00118065 0.000248354 0.215455 0.063383
0 2.15385e-16 -0.00467262 -0.000917559 0.000383356 0.000107629 0.219097 0.0635387
0 2.15385e-16 0.00198778 0.000290674 0.00166951 0.00028156 0.217979 0.063193
0 2.15385e-16 -0.00279658 -0.000417406 0.000250522 -2.01182e-05 0.216442 0.0636018
0 2.15385e-16 -0.000409955 -0.000195991 -0.00358887 -0.000608301 0.217633 0.0632796
0 2.15385e-16 0.00163234 0.000207825 8.6823e-05 1.27764e-05 0.217017 0.062955
0 2.15385e-16 0.00192991 0.0003101 -0.000447855 -5.83603e-05 0.217403 0.0628831
0 2.15385e-16 6.54495e-05 0.000178643 -0.0015925 -0.000335007 0.217083 0.0633605
0 2.15385e-16 -0.00217852 -0.000334667 -0.000317299 -6.41604e-05 0.217656 0.0637548
0 2.15385e-16 0.00197559 0.000378324 -0.00131532 -8.19861e-05 0.21745 0.0633039
0 2.15385e-16 -0.00464616 -0.000869898 0.000824034 6.82037e-05 0.217617 0.063145
0 2.15385e-16 -0.000623882 -0.000123581 -0.00317556 -0.000471423 0.216407 0.0638334
0 2.15385e-16 0.00321165 0.000506232 -0.000363159 -0.000114021 0.217077 0.0627563
0 2.15385e-16 0.000663113 8.49998e-05 -0.00294408 -0.000487187 0.216717 0.0633392
0 2.15385e-16 0.00245217 0.00034226 0.00228649 0.000428625 0.216431 0.0634958
0 2.15385e-16 -0.0010685 -0.000234183 -0.000742056 -0.000130523 0.216758 0.0628693
0 2.15385e-16 0.00287182 0.000492798 0.000960379 9.62108e-05 0.216379 0.0636618
0 2.15385e-16 -0.00159774 -0.000301545 -0.00229371 -0.000315504 0.218024 0.0634025
0 2.15385e-16 -0.00326681 -0.00058045 0.000308126 4.74611e-05 0.217604 0.063771
0 2.15385e-16 0.00156104 0.00027507 0.00305688 0.000380548 0.216477 0.0628245
0 2.15385e-16 -0.00103168 -0.000114183 0.00225901 0.000446495 0.216962 0.0632202
0 2.15385e-16 -0.00195974 -0.000435063 0.00162268 0.000242652 0.21791 0.0632829
0 2.15385e-16 0.0011253 0.000195795 -1.52572e-05 4.38269e-05 0.216529 0.0635771
0 2.15385e-16 0.00157392 0.000260238 -0.00384371 -0.000536818 0.216882 0.064023
0 2.15385e-16 -0.00121098 -0.000153572 0.000474375 -3.86321e-05 0.216006 0.0633786
0 2.15385e-16 0.000233362 5.92397e-05 0.00146698 9.11992e-05 0.216252 0.0638945
0 2.15385e-16 -0.000566097 -7.02937e-06 -0.00183494 -0.000286262 0.217967 0.0635417
0 2.15385e-16 0.0008075 0.000176722 -0.00152807 -0.00021523 0.216939 0.063074
0 2.15385e-16 -0.00150839 -0.000296248 -0.00210758 -0.00042727 0.217063 0.0633176
0 2.15385e-16 -0.000990373 -0.000136115 -0.000192036 6.62451e-05 0.216986 0.0635981
0 2.15385e-16 -0.000969257 -0.000113555 -0.00115183 -0.000228865 0.216669 0.0632519
0 2.15385e-16 0.0012812 0.000141874 0.000342201 -1.9164e-05 0.216752 0.0630675
0 2.15385e-16 -0.0011548 -0.000192623 -0.000455273 -5.29156e-06 0.217009 0.0634005
0 2.15385e-16 -0.0017667 -0.000221681 0.000388625 0.000203236 0.21665 0.0634309
0 2.15385e-16 -0.00159463 -0.000192136 -0.000940567 -0.000314926 0.216049 0.0631689
0 2.15385e-16 0.000599625 0.000180727 0.000513945 6.56333e-05 0.215825 0.0635138
0 2.15385e-16 0.0015556 0.000404389 0.00290039 0.000514997 0.217964 0.0628385
0 2.15385e-16 0.000102746 2.10925e-05 0.00191055 0.000222681 0.21713 0.0640056
0 2.15385e-16 0.00413026 0.000823947 -0.00231853 -0.000350804 0.216395 0.0639295
0 2.15385e-16 -0.000562243 -3.81415e-08 -0.00285578 -0.000498775 0.217258 0.0639418
0 2.15385e-16 0.00444959 0.000701515 -0.000472411 -0.000136068 0.216739 0.0636005
0 2.15385e-16 -0.00256818 -0.000381523 -0.00160095 -0.000165128 0.21869 0.0638758
0 2.15385e-16 0.00127493 0.000145288 0.00380294 0.000523655 0.21606 0.0636471
0 2.15385e-16 0.00335776 0.000776905 0.00197159 0.00041681 0.218179 0.0637277
0 2.15385e-16 0.00186555 0.00028181 0.00195239 0.00041303 0.216291 0.0635181
0 2.15385e-16 0.00156864 0.000157198 0.000300037 -2.08085e-05 0.216107 0.0633147
0 2.15385e-16 0.00157175 0.000313481 0.00085491 0.000201256 0.215504 0.0627991
0 2.15385e-16 0.0013608 0.00025062 0.000871627 0.000171793 0.216513 0.0629027
0 2.15385e-16 0.000575891 3.49747e-05 0.00120674 0.000103497 0.215925 0.0635431
0 2.15385e-16 -0.00123437 -0.000158026 -0.00114739 -0.000181849 0.217095 0.0631711
0 2.15385e-16 0.000143186 -3.77075e-05 0.000751211 -2.07504e-05 0.21553 0.0638875
0 2.15385e-16 -0.00203746 -0.000386235 -0.000720379 -8.65485e-05 0.218102 0.0630635
0 2.15385e-16 -0.000707941 -0.000181094 8.86171e-05 -2.24274e-05 0.21575 0.0632271
0 2.15385e-16 -0.00292046 -0.00044477 -0.000357104 -1.20247e-05 0.218361 0.0636444
0 2.15385e-16 -0.00226659 -0.000515122 -0.000419981 -1.3123e-05 0.218416 0.0632199
0 2.15385e-16 0.00148423 0.000392297 -0.0020088 -0.000400586 0.216809 0.0631499
0 2.15385e-16 0.00108775 0.000116077 -0.00117513 -3.16811e-05 0.216508 0.0632649
0 2.15385e-16 0.00169322 0.000475087 0.00156098 0.000144493 0.216488 0.0640461
0 2.15385e-16 0.00126566 0.000179999 -0.00129038 -0.000179129 0.217396 0.0631633
0 2.15385e-16 -0.00206987 -0.000255991 -0.00168375 -0.000329138 0.21706 0.0643318
0 2.15385e-16 -0.000488929 -0.000125703 -0.000433337 2.07828e-05 0.216474 0.0636486
0 2.15385e-16 0.00251111 0.000583657 0.000372802 -7.90508e-05 0.216301 0.0632921
0 2.15385e-16 0.00299849 0.000513385 0.000302796 0.000179576 0.217269 0.0627599
0 2.15385e-16 -0.00231976 -0.000526008 -0.000632611 -0.000173617 0.216393 0.0630719
0 2.15385e-16 -0.00253811 -0.000430903 0.00307609 0.000434031 0.216252 0.0636536
0 2.15385e-16 0.00193247 0.000286515 0.000312005 5.27114e-05 0.216578 0.0631988
0 2.15385e-16 -0.00020205 -9.87637e-05 -4.36469e-06 -0.000128103 0.215832 0.0635335
0 2.15385e-16 0.000246339 0.000138549 0.00184422 0.000146234 0.217443 0.0630351
0 2.15385e-16 0.000730626 9.10711e-05 -0.00123866 -0.00027779 0.217929 0.0624932
0 2.15385e-16 0.00129077 0.000270033 -0.000715127 -0.000128037 0.217214 0.0637086
0 2.15385e-16 0.000344205 0.000135722 0.00228236 0.000468909 0.21651 0.0633173
0 2.15385e-16 0.00337586 0.000499161 -0.00135364 -0.000167371 0.215848 0.0640187
0 2.15385e-16 -0.000330065 -0.000249719 0.00087819 0.00012324 0.216525 0.0637471
0 2.15385e-16 -0.00162666 -0.000347529 -0.00215702 -0.000434169 0.21783 0.0627448
0 2.15385e-16 0.00146875 0.000194412 -0.00332139 -0.000556079 0.216224 0.0632814
0 2.15385e-16 -0.00309202 -0.00052293 0.000962944 0.000285313 0.216258 0.0632721
0 2.15385e-16 -0.000409184 -4.8228e-05 0.000178448 0.000100408 0.217384 0.0630428
0 2.15385e-16 -0.00093856 -9.53247e-05 0.00100481 0.000212177 0.21618 0.0635328
0 2.15385e-16 0.00156692 0.000270429 -0.00243235 -0.000428985 0.216548 0.0625221
0 2.15385e-16 0.00020648 -7.75313e-05 -0.00054935 -0.000130104 0.216123 0.0634452
0 2.15385e-16 -0.00364083 -0.000544692 0.00114999 0.000211879 0.217668 0.0639545
0 2.15385e-16 -0.00211866 -0.000368881 1.58534e-05 -0.000116718 0.21792 0.0630537
0 2.15385e-16 0.00140981 0.000252142 -0.00111964 -0.000183277 0.216333 0.0632444
0 2.15385e-16 0.00201749 0.00037392 0.000599909 0.000142174 0.217472 0.0625308
0 2.15385e-16 -0.00168632 -0.000214619 0.000169754 0.000110851 0.216117 0.0629148
0 2.15385e-16 -0.000484257 -4.22184e-05 0.000234211 5.20092e-05 0.216517 0.0638824
0 2.15385e-16 -0.00215131 -0.000288891 0.00219228 0.000344919 0.217091 0.0637901
0 2.15385e-16 -0.000944132 -9.45103e-05 0.00384937 0.000630704 0.21607 0.0628409
0 2.15385e-16 -0.00180765 -0.000332675 0.000848573 6.55057e-05 0.217279 0.0635979
0 2.15385e-16 0.00242613 0.000397353 -0.00222776 -0.000386953 0.216702 0.063665
0 2.15385e-16 -0.000286782 -0.000169354 -0.000828439 -5.58418e-05 0.216738 0.0629844
0 2.15385e-16 -0.000814028 -0.000215319 -0.00118148 -0.000201298 0.216955 0.0634764
0 2.15385e-16 0.00233667 0.000424603 0.00185158 0.000195806 0.217902 0.064532
0 2.15385e-16 0.00188602 0.00038596 -0.00227699 -0.000340026 0.216896 0.0635357
0 2.15385e-16 0.000808874 2.79334e-05 -0.000632506 -2.14892e-05 0.216127 0.0638477
0 2.15385e-16 0.000170375 -3.97583e-06 0.00137741 0.000158 0.216466 0.0628746
0 2.15385e-16 -0.000798956 -0.00015624 -0.00272646 -0.000615769 0.21723 0.0628995
0 2.15385e-16 0.00029927 9.59728e-06 0.000711533 0.000142751 0.215548 0.0630675
0 2.15385e-16 0.000320934 -6.38806e-05 -0.00107437 -0.000174777 0.216106 0.0626739
0 2.15385e-16 -0.0038592 -0.000697322 0.00037348 5.51697e-05 0.217148 0.0642802
0 2.15385e-16 -0.00153404 -0.000107566 -0.00162303 -0.000366976 0.217972 0.0631155
0 2.15385e-16 -0.000263683 -0.000100711 -0.00206152 -0.000408887 0.217631 0.0629225
0 2.15385e-16 -0.0010499 -0.000217682 -0.000792282 2.13481e-05 0.217058 0.0630485
0 2.15385e-16 -0.000886788 -0.000241418 0.00179035 0.000313215 0.215842 0.0628748
0 2.15385e-16 0.00179949 0.000369422 -0.00306833 -0.000595114 0.217248 0.0637134
0 2.15385e-16 -0.00243322 -0.000471428 -0.000564444 -5.83902e-05 0.217066 0.0634188
0 2.15385e-16 0.00169787 0.000391538 0.000261437 0.000140696 0.216813 0.0631018
0 2.15385e-16 0.000238555 -9.15488e-06 -0.000364723 1.12844e-05 0.215805 0.0632309
0 2.15385e-16 4.87176e-05 4.12603e-05 0.00493392 0.000670657 0.216193 0.0634136
0 2.15385e-16 -0.00189944 -0.000252083 0.000963141 0.000262818 0.217832 0.0641128
0 2.15385e-16 0.00252643 0.000341749 -0.0015233 -0.000206108 0.216291 0.0623859
0 2.15385e-16 0.000955279 0.000120789 0.000160383 -5.35369e-05 0.21698 0.0628718
0 2.15385e-16 -0.0010615 -0.000130592 -0.00357463 -0.000598048 0.216903 0.0643491
0 2.15385e-16 0.00313231 0.000477323 0.000824751 0.00012465 0.215783 0.0633433
0 2.15385e-16 -0.00120203 -0.000304471 -0.00104279 -3.09787e-05 0.217336 0.0638557
0 2.15385e-16 0.000121111 9.96714e-05 -0.000489347 -0.000113041 0.216531 0.0627368
0 2.15385e-16 -0.000536822 -0.000136933 0.00101684 3.24327e-05 0.215705 0.0633633
0 2.15385e-16 0.00216986 0.000412002 2.60235e-05 -0.000136584 0.216197 0.0629884
0 2.15385e-16 -0.00300409 -0.000579639 0.00371238 0.000724156 0.216324 0.063043
0 2.15385e-16 0.00200915 0.00033785 0.000447244 0.000125093 0.216971 0.0635436
0 2.15385e-16 -0.000940982 -0.000144699 -4.61448e-05 0.000136662 0.217243 0.0632925
0 2.15385e-16 0.00243778 0.000365378 1.34189e-05 -1.1345e-05 0.215445 0.0634643
0 2.15385e-16 0.00125826 0.00026911 0.00251502 0.000322941 0.217489 0.0634245
0 2.15385e-16 0.00036091 8.30553e-05 0.00284375 0.000483935 0.217113 0.0628843
0 2.15385e-16 0.00128465 0.000240785 0.00234832 0.000309932 0.215154 0.0634405
0 2.15385e-16 -0.000210146 -0.000125903 -0.00138079 -0.000206803 0.216947 0.0632263
0 2.15385e-16 0.00171831 0.000280782 -0.00173839 -0.000362247 0.216683 0.0630699
0 2.15385e-16 -0.00322414 -0.00052865 -0.000504788 -4.59876e-05 0.217333 0.0640638
0 2.15385e-16 0.00240572 0.000320706 0.00318001 0.000480026 0.217028 0.0640229
0 2.15385e-16 -0.000225973 -0.000156132 0.000435195 9.34652e-05 0.21812 0.0631761
0 2.15385e-16 0.00138259 0.000189346 0.00117503 6.88852e-05 0.216577 0.0623638
0 2.15385e-16 -0.00125846 -0.000268716 -0.00272903 -0.000362753 0.217993 0.0633519
0 2.15385e-16 -0.000209011 -4.73671e-06 -0.00191881 -0.000414499 0.217497 0.0638562
0 2.15385e-16 0.00047923 0.00014015 4.08517e-05 0.000295518 0.217297 0.0634041
0 2.15385e-16 0.00569573 0.000940984 -0.00136267 -0.000264524 0.217185 0.0634964
0 2.15385e-16 0.000518662 0.000175244 -0.000813851 -2.63478e-05 0.216288 0.0637656
0 2.15385e-16 0.00159567 0.000345287 -0.000953215 -0.000208085 0.215929 0.0632477
0 2.15385e-16 -0.00198323 -0.000244045 -0.00159786 -0.00022247 0.216068 0.0641039
0 2.15385e-16 0.00109148 0.000295519 0.000919215 -1.91412e-05 0.21643 0.0639264
0 2.15385e-16 -0.0011675 -0.000217309 -0.000305033 2.87932e-05 0.217748 0.0625631
0 2.15385e-16 0.00217851 0.000349109 0.000300395 6.22905e-05 0.21591 0.0632237
0 2.15385e-16 -0.000119184 -6.84193e-05 0.000435281 -7.17745e-05 0.216644 0.0622705
0 2.15385e-16 -0.00125155 -0.000148465 0.0021108 0.000278036 0.216695 0.0636493
0 2.15385e-16 -0.00381641 -0.000672694 0.00142347 0.000138351 0.217412 0.0632685
0 2.15385e-16 0.000683641 0.000223528 0.00208898 0.000318294 0.217812 0.0625643
0 2.15385e-16 0.00013568 0.000220365 -0.000842168 -6.38286e-05 0.216802 0.0629084
0 2.15385e-16 0.00114855 0.000269655 0.000599383 4.79571e-05 0.216896 0.063162
0 2.15385e-16 0.00313744 0.000555692 -0.00166568 -0.000368925 0.216867 0.0630227
0 2.15385e-16 0.00642847 0.00116847 -0.0037889 -0.000802166 0.217982 0.063651
0 2.15385e-16 -0.00154927 -0.000262426 0.0020503 0.000359098 0.216194 0.0634203
0 2.15385e-16 -0.000490568 -0.000151312 0.00063329 7.22243e-05 0.216454 0.0633102
0 2.15385e-16 -0.00353886 -0.000671397 0.000467242 0.00022546 0.217296 0.0643941
0 2.15385e-16 0.000819117 0.000249716 -0.000242816 -4.27807e-05 0.216551 0.0628921
0 2.15385e-16 0.00114376 0.000201046 -0.000949729 -0.000130697 0.215505 0.0633084
0 2.15385e-16 -0.00244762 -0.000322283 0.000132574 8.24011e-05 0.219129 0.0635978
0 2.15385e-16 -0.00174413 -0.000178535 -7.55276e-05 -7.50915e-05 0.216601 0.063483
0 2.15385e-16 0.000146591 1.70172e-05 0.000507577 -5.37436e-06 0.216709 0.063368
0 2.15385e-16 -0.00233766 -0.000277779 0.00371083 0.000591077 0.215872 0.0638833
0 2.15385e-16 0.00195087 0.000378305 -0.000561004 -0.000159891 0.217599 0.0631135
0 2.15385e-16 -0.00165429 -0.000406776 -0.00191441 -0.00031767 0.217763 0.0642493
0 2.15385e-16 -0.00072896 -0.000137533 0.000608821 0.000175552 0.216127 0.0628842
0 2.15385e-16 0.00349101 0.000443538 0.00168782 0.000326866 0.216392 0.063777
0 2.15385e-16 -0.000356592 -0.000106222 -0.000594787 -0.00029748 0.21733 0.0624235
0 2.15385e-16 -0.000672307 -5.35686e-06 -0.000113548 5.61562e-05 0.216771 0.0635801
0 2.15385e-16 0.00290563 0.000550423 0.000626959 8.96831e-05 0.216613 0.0628654
0 2.15385e-16 -0.00214575 -0.000203489 0.00137844 0.000375953 0.217294 0.0637346
0 2.15385e-16 0.00290304 0.000441302 -0.00168217 -0.000332548 0.21658 0.0629942
0 2.15385e-16 0.00112872 0.000202952 0.000718379 0.000127598 0.216366 0.0634067
0 2.15385e-16 0.000690571 0.000133117 -0.000642078 -0.000168665 0.21589 0.0630165
0 2.15385e-16 0.00101943 0.000197765 -0.00193929 -0.00021946 0.216734 0.063738
0 2.15385e-16 0.00034074 9.88577e-05 -0.00207663 -0.000254777 0.216023 0.0639843
0 2.15385e-16 -0.0013246 -0.000387144 2.52298e-05 8.8958e-05 0.21703 0.0625922
0 2.15385e-16 -0.000633744 -7.16287e-05 -0.00150542 -0.000224008 0.216423 0.0638122
0 2.15385e-16 0.00220586 0.000286798 0.000166339 0.00011588 0.215826 0.0636577
0 2.15385e-16 -0.000967786 -0.000229709 7.11774e-05 5.88459e-05 0.215885 0.0633788
0 2.15385e-16 -0.0010181 -0.000181313 -0.00527394 -0.00097305 0.218284 0.0639212
0 2.15385e-16 0.000202741 0.000115295 -0.000721701 4.02173e-05 0.216592 0.0633862
0 2.15385e-16 0.000267874 8.54463e-05 -0.00103912 -0.000103803 0.218918 0.0629738
0 2.15385e-16 -0.00237481 -0.000376015 0.00186615 0.000248328 0.21733 0.0633851
0 2.15385e-16 -0.000696541 -0.000157463 0.0017494 0.000223695 0.216989 0.06328
0 2.15385e-16 -0.00304962 -0.000514077 0.0010212 0.000287867 0.21611 0.0640069
0 2.15385e-16 -0.000747905 -1.87839e-05 -0.00205879 -0.000346868 0.217382 0.0644463
0 2.15385e-16 -0.00317702 -0.000489173 -0.00152887 -0.000228453 0.21676 0.0643917
0 2.15385e-16 -0.00187277 -0.000391823 -0.000305033 -4.5024e-05 0.217041 0.0636419
0 2.15385e-16 -0.000562206 -0.000144445 -0.00125646 -7.14451e-05 0.217705 0.063389
0 2.15385e-16 4.34385e-05 0.00011939 0.000158443 4.76483e-05 0.215313 0.0639506
0 2.15385e-16 -0.000366671 -8.50083e-05 0.000563065 0.000119122 0.216652 0.0631681
0 2.15385e-16 -0.00164771 -0.000260255 -0.00237233 -0.00027367 0.218603 0.0636096
0 2.15385e-16 0.000757631 3.0395e-05 -0.000757348 -0.000234966 0.216223 0.0631014
0 2.15385e-16 -0.000944556 -0.000104148 0.00222986 0.000225343 0.217591 0.0628021
0 2.15385e-16 0.00293846 0.000525279 0.0022344 0.000331638 0.216738 0.0635135
0 2.15385e-16 -0.000883732 -0.000119463 -0.00178126 -0.000304014 0.217801 0.062341
0 2.15385e-16 -0.00143322 -0.000344904 3.99735e-05 0.000119683 0.215488 0.063492
0 2.15385e-16 -0.000228364 -0.000111223 -0.000499099 -3.86999e-05 0.215901 0.0630704
0 2.15385e-16 -0.0013571 -0.000345841 0.000775896 2.94785e-05 0.216717 0.0628385
0 2.15385e-16 -0.00235599 -0.000275008 0.000511993 8.91399e-05 0.21846 0.0637411
0 2.15385e-16 0.00102988 0.000116968 0.000836817 0.000160285 0.216499 0.0635741
0 2.15385e-16 -0.00062083 -9.66627e-05 0.00170466 0.000342586 0.217021 0.0633727
0 2.15385e-16 -0.00204658 -0.000382698 0.00254092 0.000496966 0.218092 0.0631579
0 2.15385e-16 -0.00119267 -0.000204812 0.000533818 0.000155812 0.216306 0.0632288
0 2.15385e-16 -0.00112559 -0.000261251 1.25241e-05 6.40336e-05 0.213381 0.063569
0 2.15385e-16 0.000305852 0.000149433 -0.00394083 -0.000620847 0.218083 0.0637827
0 2.15385e-16 -0.00122652 -0.000280963 -0.000739995 -0.0002793 0.217463 0.0627953
0 2.15385e-16 -0.000208762 3.14176e-06 0.000379144 -9.33067e-05 0.216272 0.0625408
0 2.15385e-16 -0.00276382 -0.000527358 -0.00112554 -0.000338449 0.217929 0.0638819
0 2.15385e-16 -0.00171823 -0.000388193 -0.000190492 -6.05486e-06 0.216754 0.0627495
0 2.15385e-16 0.000317799 -1.351e-05 -0.00318524 -0.000531716 0.217852 0.0635308
0 2.15385e-16 -0.00328369 -0.000581607 0.00277279 0.000429385 0.216449 0.0631149
0 2.15385e-16 -0.0027122 -0.000507641 0.000320009 0.000164532 0.217924 0.0638718
0 2.15385e-16 -0.000841603 -0.000106238 0.00107261 0.000206633 0.21664 0.0637394
0 2.15385e-16 -0.000994858 -0.000220825 0.00031868 0.000155678 0.217515 0.06333
0 2.15385e-16 0.0012407 0.000152157 0.000987053 0.000187187 0.216183 0.0629319
0 2.15385e-16 -0.00154859 -0.000248139 -0.000258996 -8.69882e-05 0.216378 0.0637447
0 2.15385e-16 -0.00123071 -0.000282308 0.00119123 0.000108429 0.215717 0.0624511
0 2.15385e-16 0.00131343 0.000275529 -0.000571474 -0.000224054 0.216712 0.0631793
0 2.15385e-16 -0.00135979 -0.000209623 0.000402523 1.0841e-05 0.216089 0.0630125
0 2.15385e-16 -0.000496395 -8.23724e-05 -0.000371582 -6.20194e-05 0.215846 0.0630511
0 2.15385e-16 0.00107328 0.000179064 -0.000335101 -9.67606e-06 0.217554 0.0631811
0 2.15385e-16 0.000351542 4.91968e-05 -0.00156598 -0.000142241 0.217496 0.0633614
0 2.15385e-16 -0.00118764 -0.00023717 0.00221162 0.000351238 0.216615 0.0636271
0 2.15385e-16 -0.00134324 -0.000345112 0.000101208 3.27239e-05 0.217738 0.0631823
0 2.15385e-16 -0.0013594 -0.000211162 0.000247353 0.000120359 0.216819 0.063473
0 2.15385e-16 0.000372319 0.000303946 0.00132509 0.000164945 0.217934 0.0631184
0 2.15385e-16 -0.00112364 -0.000248319 -0.000697616 -8.50401e-05 0.217512 0.0635857
0 2.15385e-16 -0.00315526 -0.000470282 0.000727409 0.000259549 0.216411 0.0639106
0 2.15385e-16 -0.00119023 -0.000134299 -0.000205653 0.000115308 0.217227 0.0627884
0 2.15385e-16 -0.00183267 -0.000316679 0.000757872 0.000179511 0.215361 0.0638902
0 2.15385e-16 0.00283888 0.00058685 -0.00453239 -0.000683724 0.216298 0.0641094
0 2.15385e-16 0.00369044 0.000791246 -0.00164557 -0.000197712 0.216763 0.0631919
0 2.15385e-16 0.000136671 2.87655e-05 0.000781665 3.61127e-05 0.216839 0.0618411
0 2.15385e-16 -0.00187988 -0.00040895 0.0048936 0.000735756 0.217728 0.0639419
0 2.15385e-16 -0.00206239 -0.000417762 0.000472329 0.000181506 0.216622 0.063555
0 2.15385e-16 -0.00020166 -3.81145e-05 -0.00131912 -0.000194534 0.216519 0.0631846
0 2.15385e-16 0.00207265 0.000289527 0.00310394 0.000518215 0.217434 0.0624021
0 2.15385e-16 -0.00208059 -0.000334013 -0.000231201 -4.35975e-05 0.218046 0.0634504
0 2.15385e-16 -0.0036932 -0.000686215 0.000787462 0.000163259 0.217521 0.0634601
0 2.15385e-16 0.00235883 0.000332202 -0.000129767 7.94816e-05 0.216613 0.0623988
0 2.15385e-16 -0.000100704 -0.000120451 -0.0003108 -8.40181e-05 0.217053 0.0628018
0 2.15385e-16 0.000879249 0.000235448 -0.00138011 -0.000101156 0.216721 0.0634485
0 2.15385e-16 -0.00147644 -0.000203529 0.000396644 0.000141612 0.217094 0.0632182
0 2.15385e-16 -0.000532348 -2.97184e-05 -0.000611856 -8.91143e-05 0.214941 0.0637056
0 2.15385e-16 0.00230022 0.000494864 0.00116224 7.68332e-05 0.216619 0.063223
0 2.15385e-16 -0.00195718 -0.000290894 -0.00124425 -0.000141981 0.217104 0.0633376
0 2.15385e-16 -1.99872e-05 1.58745e-05 0.000718585 0.000127615 0.216833 0.0624817
0 2.15385e-16 0.000873598 9.61283e-05 0.00124394 0.00010596 0.215149 0.0633938
0 2.15385e-16 0.00234266 0.00036487 -0.000589858 -0.000127214 0.218117 0.0629446
0 2.15385e-16 0.00500576 0.000866116 0.000550755 0.000136138 0.216678 0.0638192
0 2.15385e-16 0.00235605 0.00047337 -0.00599187 -0.00103653 0.217402 0.0633569
0 2.15385e-16 -0.00258682 -0.00050891 0.00237236 0.000481464 0.216905 0.0634927
0 2.15385e-16 -0.00420782 -0.000661074 0.00375575 0.000564837 0.217844 0.0634827
0 2.15385e-16 -0.00178867 -0.000295274 -0.000125718 -9.72516e-05 0.217278 0.0632191
0 2.15385e-16 0.000398389 -3.01031e-05 0.000767881 0.000172439 0.216252 0.0634181
0 2.15385e-16 0.00180866 0.000317077 -0.000103662 3.53067e-05 0.216778 0.0627842
0 2.15385e-16 -0.00307692 -0.000614338 -0.00022008 -0.000125131 0.218181 0.0632814
0 2.15385e-16 -0.00113051 -0.000284219 -0.00113437 -0.000218265 0.216213 0.0636381
0 2.15385e-16 0.00131592 0.000292881 -0.00168444 -0.000369812 0.21695 0.0639704
0 2.15385e-16 0.000542199 6.39485e-05 0.00114169 0.000221796 0.217273 0.0627573
0 2.15385e-16 -0.00259979 -0.000325388 0.00107972 0.000175796 0.216149 0.0636336
0 2.15385e-16 -0.00611222 -0.00101051 -0.00149527 -0.000229111 0.216308 0.062799
0 2.15385e-16 -0.0012756 -0.000226137 -0.00175561 -0.000308728 0.216985 0.062729
0 2.15385e-16 -0.00148009 -0.000318264 0.000685769 9.47544e-05 0.216174 0.0631558
0 2.15385e-16 0.0021394 0.000401372 -0.000166044 -0.000139407 0.216118 0.0635478
0 2.15385e-16 -0.000105933 1.5717e-05 -0.00266895 -0.000424264 0.217242 0.0636503
0 2.15385e-16 -0.00146657 -0.000302005 0.00256529 0.000469137 0.216448 0.0633656
0 2.15385e-16 0.00152351 0.000241878 0.00179916 0.000403771 0.21703 0.0626089
0 2.15385e-16 -0.00308979 -0.000600036 -0.00143004 -0.000201174 0.217082 0.0637519
0 2.15385e-16 -0.00126132 3.68495e-05 -0.000699706 -0.000118181 0.216438 0.0635318
0 2.15385e-16 -0.00176864 -0.000214682 -0.00045255 -6.26854e-05 0.21651 0.0641844
0 2.15385e-16 0.000112848 1.34021e-06 0.00235335 0.000219542 0.214876 0.0641303
0 2.15385e-16 -0.000277616 -1.16282e-05 0.00213083 0.000381135 0.21661 0.0634156
0 2.15385e-16 0.0030404 0.000602161 0.0016332 3.76046e-05 0.216463 0.0643596
0 2.15385e-16 -0.000849159 -0.000215723 0.000153583 -4.61222e-05 0.216245 0.0624344
0 2.15385e-16 0.0022936 0.000436306 -0.0026563 -0.000494245 0.217749 0.0634441
0 2.15385e-16 0.000933605 0.000210649 0.00150668 0.000324272 0.216954 0.0630035
0 2.15385e-16 -0.000676663 -6.14689e-05 0.000222533 -3.69825e-05 0.216904 0.0630568
0 2.15385e-16 0.00100346 0.000178637 -0.000910741 -0.000228084 0.216233 0.0631487
0 2.15385e-16 0.00100069 4.47409e-05 0.000941415 4.24988e-05 0.217717 0.0628078
0 2.15385e-16 0.00273229 0.000439725 0.00112856 0.00028677 0.216652 0.0629956
0 2.15385e-16 -0.00069703 -0.00015032 -0.000640945 -0.000200556 0.215932 0.0633733
0 2.15385e-16 -0.00232726 -0.000485775 0.00398294 0.000532817 0.216038 0.0639515
0 2.15385e-16 -0.00231373 -0.000417369 -0.00159111 -0.000308175 0.218734 0.0636423
0 2.15385e-16 0.00116368 0.000240994 6.08571e-05 -3.07573e-06 0.215836 0.0632455
0 2.15385e-16 0.00129771 0.000189501 -0.00258734 -0.00059987 0.216143 0.0633979
0 2.15385e-16 -0.000685284 -9.30991e-05 -0.00164865 -0.000358171 0.216504 0.0633668
0 2.15385e-16 -0.000771261 -0.000234753 0.00368834 0.000680659 0.215905 0.0633102
0 2.15385e-16 0.000112732 4.88904e-05 0.000267386 0.000127394 0.215918 0.0637647
0 2.15385e-16 -0.00056526 -0.000137213 0.00211777 0.000414372 0.217884 0.0641443
0 2.15385e-16 0.00319993 0.000644877 -0.000436923 -0.000121767 0.217515 0.0627667
0 2.15385e-16 -0.00273719 -0.000527745 0.000710036 -5.00039e-05 0.216928 0.0632315
0 2.15385e-16 0.00206409 0.000408624 -0.00172459 -0.000240147 0.217183 0.0633899
0 2.15385e-16 -0.000841153 -7.07421e-05 -0.000980426 -0.000247776 0.216725 0.0629754
0 2.15385e-16 0.00354172 0.000699415 0.00078984 6.19218e-05 0.217575 0.0632612
0 2.15385e-16 -0.00499807 -0.000989053 -0.00160804 -0.000267403 0.215989 0.0631885
0 2.15385e-16 -0.00136444 -0.000188569 -0.00183658 -0.000271459 0.217474 0.0641407
0 2.15385e-16 0.00191967 0.000408769 -0.000934828 -8.48147e-05 0.216867 0.0629977
0 2.15385e-16 -0.00113258 -0.000199239 0.00173835 0.000218651 0.216594 0.06296
0 2.15385e-16 0.00125717 0.000150243 0.00273383 0.00038199 0.216351 0.0638143
0 2.15385e-16 -0.000429332 -0.000174856 0.00152376 0.00019215 0.21732 0.063479
0 2.15385e-16 -0.000639215 -0.000139663 0.00165814 0.000210917 0.216602 0.0629014
0 2.15385e-16 0.000533496 6.83802e-05 0.00115033 0.000193783 0.216637 0.0631496
0 2.15385e-16 0.000640445 0.000166762 -0.00105525 -0.000195655 0.217027 0.063204
0 2.15385e-16 0.0016363 0.000214988 -0.00244713 -0.000493552 0.217329 0.0639814
0 2.15385e-16 0.00211645 0.000345028 0.00170003 6.10217e-05 0.216486 0.0636303
0 2.15385e-16 0.000913662 8.9377e-05 3.16548e-05 -5.5751e-05 0.217091 0.0630155
0 2.15385e-16 0.00240236 0.00038007 -0.000147611 6.25311e-05 0.216253 0.0637016
0 2.15385e-16 -0.000409553 -0.000257905 -0.00025025 3.77349e-05 0.216408 0.0629886
0 2.15385e-16 -0.000930797 -0.00015012 0.00203164 0.000225559 0.21648 0.0630108
0 2.15385e-16 -0.00296774 -0.000398492 0.00236511 0.000366615 0.217209 0.0640749
0 2.15385e-16 0.00227408 0.000406861 0.00120397 6.21376e-05 0.216688 0.0635497
0 2.15385e-16 -0.00305066 -0.000664174 0.00180886 0.000344913 0.217668 0.0635073
0 2.15385e-16 -0.000487549 1.12513e-05 0.000297724 8.10178e-05 0.216606 0.0624749
0 2.15385e-16 0.00117513 0.000154685 0.000378085 4.54279e-05 0.215793 0.0633765
0 2.15385e-16 -0.000319084 -0.000196927 -0.00226449 -0.000384853 0.218213 0.0639107
0 2.15385e-16 0.00251327 0.000475485 0.000250774 3.05152e-05 0.216983 0.0639958
0 2.15385e-16 0.00223183 0.000381045 -0.000430932 4.86921e-05 0.216023 0.0636017
0 2.15385e-16 -0.00093128 -0.000199294 0.000787508 5.42509e-05 0.216682 0.063606
0 2.15385e-16 -0.00189566 -0.000305101 0.00197689 0.000342632 0.216792 0.063291
0 2.15385e-16 0.000929199 0.000220022 0.000103346 9.22196e-05 0.215942 0.0631337
0 2.15385e-16 -0.00320916 -0.000463306 -0.00269959 -0.000506256 0.217417 0.0642922
0 2.15385e-16 0.000332786 -7.48716e-06 3.57523e-05 6.50309e-05 0.213986 0.0635942
0 2.15385e-16 0.00193226 0.000369707 -0.0006073 -0.000161189 0.216798 0.0632965
0 2.15385e-16 -0.00205935 -0.000393286 -0.00112954 -4.87545e-05 0.217272 0.0643886
0 2.15385e-16 -0.00509972 -0.000719426 -0.00101072 -0.000170611 0.216108 0.0636876
0 2.15385e-16 0.00154872 0.000172605 0.00128178 0.000266102 0.215191 0.0638284
0 2.15385e-16 -0.00165488 -0.000422361 0.00243494 0.000573239 0.218065 0.0631857
0 2.15385e-16 0.00242016 0.000531049 -0.00105558 -0.000282458 0.216984 0.0625644
0 2.15385e-16 -0.00246285 -0.000352352 -0.00195588 -0.000322087 0.219052 0.0634189
0 2.15385e-16 1.49617e-05 3.26056e-05 0.00181579 6.65638e-05 0.215954 0.0636481
0 2.15385e-16 0.00078993 0.000146091 0.00160698 0.000220345 0.216819 0.0629224
0 2.15385e-16 -4.80787e-05 8.14318e-05 -0.00192239 -0.000205572 0.217271 0.0626928
0 2.15385e-16 0.00158971 0.000307861 -0.00210742 -0.000340751 0.216836 0.0629893
0 2.15385e-16 -0.000148377 -3.47337e-05 0.00161739 0.000158718 0.216383 0.063914
0 2.15385e-16 0.00105771 0.000262585 -7.68272e-05 -4.81854e-05 0.217593 0.0630734
0 2.15385e-16 0.00097629 6.0042e-05 -0.00126823 -4.6537e-05 0.215418 0.0634277
0 2.15385e-16 -0.00134763 -0.000290595 -0.00152581 -0.000225986 0.217717 0.0637037
0 2.15385e-16 -0.00221313 -0.000382701 0.00125815 0.000255735 0.217555 0.0630395
0 2.15385e-16 -0.000918203 -0.000214423 -0.00083588 -0.000228422 0.217235 0.0631306
0 2.15385e-16 -0.000660074 -4.03044e-05 0.000243512 0.000110913 0.216685 0.0636892
0 2.15385e-16 -0.0019555 -0.000467943 0.00226509 0.000293644 0.214983 0.06374
0 2.15385e-16 0.00235937 0.000418599 0.000517038 7.66089e-05 0.217374 0.0633595
0 2.15385e-16 -0.00034079 -0.000101572 0.00127636 0.000227147 0.217049 0.0634064
0 2.15385e-16 -0.000932932 -6.24524e-05 -0.0009488 -0.000139039 0.21721 0.0635885
0 2.15385e-16 -0.00188669 -0.000287779 0.000481076 6.33578e-05 0.216092 0.0634375
0 2.15385e-16 0.000261348 -4.21778e-05 0.000582494 0.000119875 0.217384 0.0632351
0 2.15385e-16 0.0031868 0.00049091 -0.00305927 -0.000510115 0.217572 0.0630461
0 2.15385e-16 2.19685e-05 -7.64936e-05 0.00184691 0.000477837 0.217151 0.0636783
0 2.15385e-16 -0.000229687 -2.25606e-05 -0.00106879 -0.000124271 0.21764 0.0632523
0 2.15385e-16 -0.000141176 -3.73477e-06 0.00105933 0.000131489 0.216589 0.0630971
0 2.15385e-16 -0.00359703 -0.000680939 -0.000635215 -7.62899e-05 0.21701 0.0635035
0 2.15385e-16 0.00290309 0.000562707 -0.00356035 -0.00059898 0.217428 0.0635257
0 2.15385e-16 -0.000370442 -0.000253814 -0.00158864 -0.0003233 0.216511 0.062818
0 2.15385e-16 -0.00113131 -0.000262042 0.000368088 1.7782e-05 0.216825 0.0635494
0 2.15385e-16 -0.00250944 -0.000533322 0.000955931 5.55184e-05 0.216638 0.0637037
0 2.15385e-16 -0.000323757 -1.28962e-05 0.00105348 0.000174728 0.217488 0.0634753
0 2.15385e-16 -0.0037704 -0.000583931 -0.000598167 -6.96014e-05 0.21643 0.0634673
0 2.15385e-16 -0.00163383 -0.000363659 -0.00241792 -0.000371765 0.218205 0.0629035
0 2.15385e-16 0.00218507 0.000297672 -0.000353306 -3.33157e-05 0.216725 0.0639294
0 2.15385e-16 -0.000775019 -0.000169013 -0.000902975 -3.58365e-05 0.215778 0.0633835
0 2.15385e-16 -0.00208109 -0.000414418 -0.00268547 -0.000537404 0.219221 0.0637472
0 2.15385e-16 -0.000255212 6.80179e-05 0.000281042 0.000143659 0.216135 0.0631068
0 2.15385e-16 -0.00164948 -0.000158797 -0.00177112 -0.000407809 0.217353 0.0641794
0 2.15385e-16 -0.00022925 -7.02318e-06 0.00213053 0.000372962 0.216838 0.0635005
0 2.15385e-16 -0.000347098 -6.79094e-05 -0.0014344 -0.000269977 0.217162 0.0634171
0 2.15385e-16 0.00126157 0.000183781 -0.000165322 -6.48074e-05 0.21624 0.0634882
0 2.15385e-16 7.74562e-05 0.000189725 0.00144984 0.000145768 0.216197 0.0637045
0 2.15385e-16 0.00374814 0.000495588 -0.00290566 -0.00044176 0.217878 0.0637925
0 2.15385e-16 0.000922075 0.000187947 0.00394085 0.000659329 0.216285 0.0630435
0 2.15385e-16 0.00169939 0.0002117 -0.00338224 -0.00056229 0.217087 0.0641019
0 2.15385e-16 0.000888577 0.000160061 0.00190848 0.000329695 0.2167 0.0632528
0 2.15385e-16 -0.000987072 -0.00019423 0.00141636 0.000236737 0.217178 0.0625501
0 2.15385e-16 0.00350633 0.000727732 -0.000121276 -0.000142406 0.215745 0.063443
0 2.15385e-16 0.000497147 0.000254285 0.00125747 5.70385e-05 0.215371 0.0637456
0 2.15385e-16 -0.00264353 -0.000566026 -0.00354631 -0.000579941 0.218526 0.0637809
0 2.15385e-16 0.000980987 9.6347e-05 0.00433756 0.000748607 0.216752 0.0626917
0 2.15385e-16 -0.00231103 -0.000460259 -9.53991e-05 -3.37466e-05 0.216373 0.0638528
0 2.15385e-16 -6.48512e-05 -1.49985e-05 -0.000414173 -4.08804e-05 0.216173 0.0630924
0 2.15385e-16 0.00139558 0.000309029 -0.00037919 -8.3688e-05 0.215862 0.0631678
0 2.15385e-16 -0.00081289 -0.00018663 -0.00101059 -0.000130757 0.216451 0.0635849
0 2.15385e-16 -0.0009958 -0.000339385 0.000357504 -0.000114838 0.216949 0.0636967
0 2.15385e-16 -0.000182842 4.35872e-05 -0.00458776 -0.000825219 0.217534 0.0634243
0 2.15385e-16 0.00197125 0.000385992 0.00044758 3.71639e-05 0.2165 0.0635387
0 2.15385e-16 -0.000597857 -0.000191361 -0.000661465 7.59788e-06 0.217162 0.06319
0 2.15385e-16 0.00253879 0.000465927 0.00388146 0.000537107 0.216687 0.0633551
0 2.15385e-16 0.00178113 0.000264909 0.00114363 0.000239255 0.217234 0.06318
0 2.15385e-16 -0.000547458 -6.55972e-05 -0.00176143 -0.000220837 0.216717 0.0629773
0 2.15385e-16 0.000828294 0.000221026 0.000535314 1.92161e-06 0.215447 0.0636821
0 2.15385e-16 -0.00268568 -0.000352297 0.000405408 2.18647e-05 0.216599 0.0636374
0 2.15385e-16 0.00268057 0.000377298 -0.000175335 -5.88851e-06 0.217327 0.0632777
0 2.15385e-16 -0.00409163 -0.000699157 -0.00184062 -0.000203402 0.217335 0.0637507
0 2.15385e-16 0.000441366 2.66717e-05 -0.00359155 -0.000560144 0.216625 0.0630169
0 2.15385e-16 -0.000704446 -0.000120092 -0.00118917 -0.000292136 0.217536 0.062958
0 2.15385e-16 -0.00217145 -0.000384507 -0.00100033 -0.00022737 0.21691 0.0634067
0 2.15385e-16 -9.48433e-05 -9.92252e-05 -0.00291698 -0.00053396 0.217334 0.0637968
0 2.15385e-16 0.0013377 0.000368391 -0.00166493 -0.000192343 0.217336 0.063329
0 2.15385e-16 0.000515192 -1.04362e-05 -0.00169077 -0.000408285 0.216655 0.0631774
0 2.15385e-16 -0.000749452 -0.000175319 -0.000347726 -9.67238e-05 0.215853 0.0639745
0 2.15385e-16 -0.00142388 -0.000155384 -0.00058852 -0.000143139 0.216203 0.0641864
0 2.15385e-16 -0.000957184 -0.000126904 0.000204075 -4.43708e-05 0.217437 0.0630247
0 2.15385e-16 0.00291059 0.000524697 0.000236115 -2.59568e-06 0.21713 0.0630431
0 2.15385e-16 -0.00345217 -0.00061523 -0.00133852 -0.000330773 0.218913 0.0629079
0 2.15385e-16 0.00111642 0.000175296 0.00085797 4.64084e-05 0.216989 0.0634925
0 2.15385e-16 0.00294733 0.000333385 -0.000537437 -0.000141083 0.215741 0.0634217
0 2.15385e-16 0.00186368 0.000259732 -0.00127176 -0.000221977 0.216836 0.0637529
0 2.15385e-16 0.00135349 0.000269839 -0.000970834 -0.000142219 0.218246 0.0628572
0 2.15385e-16 -0.00200195 -0.000403928 0.00128293 0.000178309 0.217756 0.0632897
0 2.15385e-16 0.00150937 0.000386774 0.000590223 0.00011839 0.216569 0.0627902
0 2.15385e-16 -9.79699e-05 -5.84469e-05 0.00025153 9.58659e-05 0.216756 0.0635634
0 2.15385e-16 -0.000962254 -0.000226266 -0.000785138 -9.0685e-05 0.216322 0.0631973
0 2.15385e-16 -0.00148932 -0.000263649 -0.000282992 -8.52025e-05 0.217651 0.0631019
0 2.15385e-16 -0.00274859 -0.000540845 0.00325064 0.000529724 0.217053 0.0630378
0 2.15385e-16 -0.000176924 7.19121e-05 -0.000950679 -8.9552e-05 0.217458 0.0638343
0 2.15385e-16 -0.00154846 -0.000201707 0.000495068 0.000192029 0.218278 0.0631088
0 2.15385e-16 -0.00189971 -0.000329716 0.00158641 0.000365246 0.21723 0.0625726
0 2.15385e-16 -0.00122314 -0.000195677 -0.00012658 -6.29507e-05 0.217792 0.0630516
0 2.15385e-16 0.000712136 0.000138553 0.000147327 8.27945e-05 0.217379 0.0628495
0 2.15385e-16 -0.00124559 -0.000235023 0.000744004 0.000141431 0.215495 0.063363
0 2.15385e-16 -0.00103199 -0.000169291 -0.00316824 -0.000574829 0.217479 0.0640913
0 2.15385e-16 -0.000626776 -0.00020905 0.00142952 0.000224115 0.215858 0.0639897
0 2.15385e-16 -0.000251841 -0.000125225 0.00213115 0.000321888 0.216628 0.0638314
0 2.15385e-16 -0.00307357 -0.000538701 -0.000394394 -0.000117272 0.216922 0.06327
0 2.15385e-16 1.59876e-05 -5.09335e-05 0.00285965 0.000599839 0.216497 0.0634716
0 2.15385e-16 0.000348259 1.49839e-05 -0.00160704 -0.000183784 0.216782 0.0635213
0 2.15385e-16 0.00135671 0.000215966 -0.00384772 -0.000560931 0.216579 0.0635318
0 2.15385e-16 0.00423511 0.000790539 0.00192168 0.000285828 0.216878 0.063605
0 2.15385e-16 -0.00190747 -0.000261202 -0.000354677 -8.05262e-05 0.218463 0.0633007
0 2.15385e-16 -0.00113127 -8.46969e-05 -0.000295045 4.54906e-05 0.216307 0.0632065
0 2.15385e-16 0.00120537 0.000286581 0.00173037 0.000283074 0.216481 0.0636693
0 2.15385e-16 0.00109942 0.000209775 -0.000995675 -3.6461e-05 0.216935 0.0631207
0 2.15385e-16 9.34691e-05 3.33082e-05 -0.000774031 -0.000174546 0.216018 0.0636632
0 2.15385e-16 0.00355339 0.000558184 -0.00183339 -0.000216868 0.215471 0.0630382
0 2.15385e-16 -0.000605269 -0.00015877 -0.00185901 -0.00048045 0.21725 0.0631041
0 2.15385e-16 0.00138498 0.000372688 -0.000442921 -0.000111649 0.215368 0.0626775
0 2.15385e-16 0.000140383 -2.49625e-05 -0.00321825 -0.000577785 0.21812 0.0640801
0 2.15385e-16 0.000477693 -8.37706e-05 -0.00139576 -0.000282628 0.216308 0.0633901
0 2.15385e-16 -0.000411841 -7.15281e-06 -0.000890625 -0.000158098 0.2163 0.0627917
0 2.15385e-16 -0.00322058 -0.000475892 0.00184427 0.000225653 0.217115 0.0636708
0 2.15385e-16 0.0014243 0.000147005 0.00205564 0.000268992 0.217033 0.0635174
0 2.15385e-16 -0.00268427 -0.000522309 0.00217771 0.000254636 0.217092 0.0639248
0 2.15385e-16 0.00167911 0.000220975 0.00133037 0.000105066 0.216517 0.0634288
0 2.15385e-16 -0.00182318 -0.000376422 -0.00153897 -0.000203873 0.216484 0.0636353
0 2.15385e-16 0.00152362 0.000339496 0.00165728 0.000167444 0.217175 0.0633476
0 2.15385e-16 0.00202833 0.000390936 0.00338431 0.000667415 0.218409 0.0630018
0 2.15385e-16 0.00425938 0.000725978 -5.48883e-05 4.98451e-05 0.217045 0.0634523
0 2.15385e-16 -0.000192935 -4.37454e-05 0.00260248 0.000474584 0.217138 0.0637408
0 2.15385e-16 -0.00124829 -0.000292124 -0.00168923 -0.000397006 0.216361 0.0629777
0 2.15385e-16 0.000943025 0.000211714 -0.000214771 -7.58942e-05 0.21702 0.0631869
0 2.15385e-16 -0.000690245 -4.70653e-05 -0.00313154 -0.000573972 0.218347 0.0637708
0 2.15385e-16 0.000319231 0.000128105 0.000856375 8.22995e-05 0.2165 0.0636416
0 2.15385e-16 0.00375779 0.000662165 -0.000179631 -0.000113935 0.21754 0.0634771
0 2.15385e-16 -0.000775701 3.45641e-05 0.000882806 0.000149873 0.217051 0.0632515
0 2.15385e-16 -0.000637039 -0.000133682 -0.000781274 -6.81913e-05 0.217982 0.06272
0 2.15385e-16 0.000439615 -1.62734e-05 -0.00213214 -0.000320594 0.216143 0.0634156
0 2.15385e-16 -0.000140357 -7.94605e-05 -0.00213082 -0.000145361 0.217537 0.0639005
0 2.15385e-16 0.00158001 0.000348395 -0.00398228 -0.000638417 0.218138 0.0638568
0 2.15385e-16 0.00111491 0.000299263 0.0025899 0.000522613 0.216275 0.0627035
0 2.15385e-16 -0.000511811 -0.000115367 9.28003e-05 -5.93967e-05 0.217411 0.0637077
0 2.15385e-16 -0.00298205 -0.000476695 -0.00359923 -0.000690605 0.217404 0.0641097
0 2.15385e-16 -0.00154686 -0.000309668 -0.00278351 -0.000340831 0.217002 0.0640357
0 2.15385e-16 -0.000555957 -9.77757e-05 0.00258749 0.00041633 0.216284 0.0634968
0 2.15385e-16 0.0026879 0.00048079 0.0024752 0.000358297 0.217464 0.0633207
0 2.15385e-16 -5.48968e-05 -6.55878e-05 0.00401619 0.000705907 0.21737 0.0625557
0 2.15385e-16 0.00380541 0.000671747 -2.56758e-05 -7.21161e-05 0.216757 0.0635183
0 2.15385e-16 0.00234365 0.000329543 0.000401099 3.52342e-05 0.216838 0.0631679
0 2.15385e-16 0.0048837 0.000782463 -0.000441993 -0.000112823 0.217877 0.062842
0 2.15385e-16 0.00171932 0.000348462 0.000628183 2.64354e-05 0.216989 0.0632438
0 2.15385e-16 -6.84809e-05 9.89475e-05 0.000239197 0.000118981 0.215474 0.0634099
0 2.15385e-16 0.00190169 0.000357709 -0.0014171 -0.000176896 0.21624 0.0628757
0 2.15385e-16 0.00148907 0.000251382 -2.71173e-05 -1.44297e-05 0.216967 0.0627156
0 2.15385e-16 0.000131855 6.57524e-05 -0.00173405 -0.000338839 0.217289 0.0634358
0 2.15385e-16 0.000672478 0.000181798 0.00136784 0.000139181 0.216174 0.0633737
0 2.15385e-16 -0.000716852 -0.000213635 0.00088391 0.000179861 0.215301 0.0630747
0 2.15385e-16 -0.00341276 -0.000677576 -0.00168611 -0.000267829 0.218561 0.0632024
0 2.15385e-16 0.00196236 0.000267155 0.000840382 0.000174514 0.215004 0.0630485
0 2.15385e-16 0.00168328 0.00047389 0.00246511 0.000340813 0.216913 0.0636747
0 2.15385e-16 -0.00140915 -0.000221667 0.00282289 0.000622695 0.216565 0.0630713
0 2.15385e-16 -0.000504762 -0.000248696 0.00116078 0.00029404 0.215621 0.0632448
0 2.15385e-16 -0.00141492 -0.000330569 0.00270145 0.00040602 0.216042 0.0637323
0 2.15385e-16 -0.00177918 -0.000331929 -0.00173095 -0.000264487 0.217164 0.0629379
0 2.15385e-16 0.000968748 0.000103842 -0.00202738 -0.000274903 0.21641 0.0638896
0 2.15385e-16 -0.000304581 -7.31467e-05 0.00294994 0.000453082 0.216747 0.0636554
0 2.15385e-16 -0.000639092 -0.000216191 0.00222769 0.000324358 0.2166 0.0631179
0 2.15385e-16 0.00147339 0.000302864 -5.0395e-07 -2.59387e-05 0.216212 0.0630164
0 2.15385e-16 0.00317633 0.000649085 0.00205885 0.000235744 0.217705 0.0628744
0 2.15385e-16 0.000902304 5.75982e-05 0.0030817 0.000413736 0.217093 0.0638835
0 2.15385e-16 -0.00101778 -0.000121107 0.000839434 0.000246316 0.216592 0.0632312
0 2.15385e-16 -0.00017449 5.57577e-05 -0.000799508 -3.50269e-05 0.2169 0.0634157
0 2.15385e-16 -0.000442259 -4.13399e-05 0.000672072 0.000108159 0.217172 0.0630263
0 2.15385e-16 0.001817 0.000309847 -0.00052688 -6.91109e-05 0.216092 0.0632391
0 2.15385e-16 0.00114192 0.000170161 0.00204364 0.000221449 0.217138 0.063361
0 2.15385e-16 0.00288262 0.000463526 -0.00133343 -0.000161267 0.216695 0.0629876
0 2.15385e-16 0.000945281 0.00014541 -0.00132549 -0.00035506 0.216121 0.0635848
0 2.15385e-16 -0.000991881 -0.000258758 -0.00052457 -0.000198298 0.217849 0.0630812
0 2.15385e-16 -0.000293201 -6.18269e-05 0.00116957 0.000232804 0.216571 0.063323
0 2.15385e-16 0.000627869 8.1239e-05 -0.00224195 -0.000475121 0.217792 0.0636777
0 2.15385e-16 -0.000465008 -0.000210939 -0.00146893 -0.000266293 0.217393 0.0631532
0 2.15385e-16 -0.00156481 -0.000225831 -0.00133249 -0.000171357 0.218341 0.0629855
0 2.15385e-16 -0.000393658 -0.000123377 0.000273647 6.45461e-05 0.216572 0.0623232
0 2.15385e-16 0.0014272 0.000257346 -0.000852948 -0.0001281 0.216577 0.0629156
0 2.15385e-16 -0.00105213 -0.000289828 -0.00176751 -0.000393695 0.216694 0.0637636
0 2.15385e-16 -0.00195583 -0.000336952 0.000714073 2.69455e-05 0.215242 0.0633142
0 2.15385e-16 -0.002941 -0.000505073 0.00277548 0.000527769 0.217006 0.0635721
0 2.15385e-16 0.00260253 0.00039787 0.000689895 0.000245711 0.216059 0.063954
0 2.15385e-16 0.00259533 0.00059636 0.000883526 0.000226334 0.216025 0.0636308
0 2.15385e-16 -0.000962226 -0.000279937 -0.00069733 -2.70668e-05 0.21587 0.0635828
0 2.15385e-16 0.00119724 0.000240985 0.00120259 0.000228706 0.216198 0.0630295
0 2.15385e-16 0.00153528 0.00027029 -0.000126199 -4.12804e-06 0.21819 0.0632872
0 2.15385e-16 0.000404582 -1.24514e-05 -0.00134849 -0.000291887 0.217303 0.0632524
0 2.15385e-16 0.000985099 -3.75806e-06 0.000513215 8.60132e-05 0.216757 0.0632087
0 2.15385e-16 -0.00167583 -0.000234317 0.00163128 0.00030056 0.217884 0.0638645
0 2.15385e-16 0.000301642 -2.12031e-06 0.000754926 0.000156657 0.215581 0.0633845
0 2.15385e-16 0.000186447 0.000109879 -0.00264176 -0.000449585 0.21722 0.0637038
0 2.15385e-16 0.00198709 0.000513231 -0.00165006 -0.000322855 0.217922 0.0635095
0 2.15385e-16 -0.000543642 -6.99026e-05 0.00292882 0.000478857 0.216581 0.0633225
0 2.15385e-16 0.00228788 0.000574219 -0.00192273 -0.00021203 0.217043 0.0637391
0 2.15385e-16 -0.00212624 -0.000417194 0.00188361 0.000474134 0.216561 0.0636998
0 2.15385e-16 0.000639246 5.60008e-05 -0.00125087 -0.000341941 0.215922 0.0635062
0 2.15385e-16 0.00105824 0.000210299 -0.000964939 -0.000227344 0.215765 0.0632983
0 2.15385e-16 -0.00200869 -0.000245759 -0.0020531 -0.000159478 0.217184 0.0638062
0 2.15385e-16 0.00107227 0.000161633 0.000637898 0.000229676 0.217355 0.0632752
0 2.15385e-16 0.00301519 0.000491648 0.00136561 0.000388059 0.216422 0.0634357
0 2.15385e-16 -0.000990753 -0.000167189 -0.000724713 -0.000249135 0.217266 0.0632063
0 2.15385e-16 -0.000689297 -9.88782e-05 -0.00175815 -0.000355876 0.217927 0.0636166
0 2.15385e-16 9.84784e-05 -4.9945e-05 -4.44223e-05 1.28481e-05 0.216 0.063267
0 2.15385e-16 -0.000608245 -0.000155229 0.000778301 0.000143545 0.215729 0.0628682
0 2.15385e-16 -0.00246266 -0.000342227 0.000185182 3.85276e-05 0.21711 0.0633449
0 2.15385e-16 -4.85765e-05 -7.40037e-05 -0.00119121 -0.000307243 0.216692 0.0634568
0 2.15385e-16 -0.000813831 -0.000220098 -0.00141466 -0.000251881 0.217912 0.0630819
0 2.15385e-16 -0.00304175 -0.000538938 0.000213761 8.60255e-07 0.217705 0.0634754
0 2.15385e-16 -0.00129343 -0.000306098 -0.000852597 -0.000138427 0.21672 0.0632807
0 2.15385e-16 0.00210222 0.000269259 -0.00103062 -0.000231031 0.217377 0.063403
0 2.15385e-16 -0.0031476 -0.000654193 0.000683244 0.000118959 0.217406 0.0633134
0 2.15385e-16 0.004649 0.000798745 -2.3994e-07 -3.71862e-05 0.216436 0.0642199
0 2.15385e-16 0.000305395 8.40889e-05 -0.00196957 -0.00033682 0.217717 0.0636634
0 2.15385e-16 0.00119588 0.000203965 -0.0011984 -0.000225245 0.21802 0.0626812
0 2.15385e-16 -0.00126165 -0.000209131 -0.00100325 -0.00012197 0.217502 0.0638108
0 2.15385e-16 0.00029277 5.10839e-05 0.00291735 0.000475556 0.217009 0.0631431
0 2.15385e-16 -0.000282544 -8.98766e-05 -0.000714912 -4.76996e-05 0.216884 0.0634373
0 2.15385e-16 -0.00256921 -0.000382713 -0.00140319 -0.000203119 0.217708 0.064289
0 2.15385e-16 -0.000336573 -9.48104e-05 -0.00123633 -0.000110097 0.217062 0.0635353
0 2.15385e-16 -0.00174211 -0.00033042 0.00159492 0.000254273 0.215644 0.06396
0 2.15385e-16 -0.00150608 -0.00025061 0.00134074 0.000197746 0.21664 0.063097
0 2.15385e-16 -0.00371305 -0.000774521 -0.00312381 -0.000602662 0.216995 0.0634411
0 2.15385e-16 0.00153919 0.000290164 -0.0029514 -0.000469635 0.217333 0.0637332
0 2.15385e-16 0.00251622 0.000471808 0.00130611 0.000138131 0.217063 0.0628777
0 2.15385e-16 0.00435134 0.000800029 0.00283135 0.000589768 0.218612 0.0631884
0 2.15385e-16 0.0038603 0.000651747 -0.000503948 -5.35581e-05 0.21558 0.0633903
0 2.15385e-16 -0.000120696 -9.09799e-05 -0.00086522 5.20714e-05 0.216962 0.0633265
0 2.15385e-16 -0.000345165 -4.84846e-06 0.00467401 0.000768024 0.215329 0.0629025
0 2.15385e-16 -0.000143904 -8.42739e-05 0.00527548 0.000956356 0.216977 0.0624361
0 2.15385e-16 0.000177681 4.64737e-05 0.00140029 9.62834e-05 0.216848 0.0628839
0 2.15385e-16 -0.00509977 -0.000894572 -0.00299241 -0.000657397 0.217486 0.0628097
0 2.15385e-16 -0.00126873 -0.000266228 -0.000259241 4.82767e-06 0.216511 0.0641078
0 2.15385e-16 0.000317942 9.79163e-05 0.0010742 0.000200073 0.21698 0.0630882
0 2.15385e-16 0.00175272 0.000247693 -0.000573066 -8.08078e-05 0.216792 0.0630945
0 2.15385e-16 0.00235085 0.000216123 -0.00133458 -0.000408728 0.217374 0.0633598
0 2.15385e-16 -0.00381838 -0.000677991 0.00068885 -2.29531e-05 0.217058 0.0634383
0 2.15385e-16 0.00254961 0.000433045 -0.000443385 -0.000105719 0.215991 0.0629313
0 2.15385e-16 -0.00255023 -0.000529818 0.00137591 0.000328866 0.217496 0.0629339
0 2.15385e-16 0.00370558 0.000405085 -0.00164627 -0.0003099 0.216176 0.0637724
0 2.15385e-16 -0.00177907 -0.000377597 0.00115543 0.000104356 0.216031 0.0630345
0 2.15385e-16 -0.00122641 -0.000220087 -0.00136138 -0.000317075 0.217465 0.0635575
0 2.15385e-16 -0.00214267 -0.000327427 0.00290257 0.00056485 0.216712 0.0635604
0 2.15385e-16 0.00166592 0.000291148 0.00139517 0.000169946 0.217302 0.0644512
0 2.15385e-16 0.000607256 0.000126792 0.00117683 0.000262096 0.21771 0.0628633
0 2.15385e-16 0.000382268 0.000209517 -0.00353627 -0.000547603 0.217627 0.0642361
0 2.15385e-16 -0.000944675 -1.24118e-05 0.0019302 0.000231868 0.217146 0.0626674
0 2.15385e-16 -0.00176319 -0.000365818 0.00200298 0.000284527 0.2173 0.0626589
0 2.15385e-16 0.000327967 2.39507e-05 -0.00369223 -0.0007235 0.217844 0.0632552
0 2.15385e-16 0.0010555 0.000199305 0.000356153 4.06198e-05 0.217168 0.063453
0 2.15385e-16 -0.00240142 -0.000391504 -0.00343508 -0.00048024 0.217922 0.0637078
0 2.15385e-16 0.000582559 -7.52366e-05 -0.00145472 -0.000236163 0.215922 0.0637167
0 2.15385e-16 -0.00344923 -0.000593449 0.000669133 0.000116946 0.217397 0.0634293
0 2.15385e-16 0.00157394 0.00029457 -0.00325772 -0.000621282 0.218037 0.0623504
0 2.15385e-16 0.00278986 0.000439066 -2.22652e-05 -8.00788e-05 0.216337 0.0632943
0 2.15385e-16 -0.00123001 -0.000267433 0.00171487 0.000385978 0.21681 0.0634003
0 2.15385e-16 0.000655855 5.22071e-05 0.0035323 0.000642326 0.216329 0.063612
0 2.15385e-16 8.47588e-05 -6.89504e-05 0.00267847 0.000542654 0.217048 0.0631959
0 2.15385e-16 0.00185242 0.000254277 0.000264265 2.25976e-05 0.216121 0.0637465
0 2.15385e-16 0.000983843 0.000130947 -0.000906637 -0.000121057 0.216649 0.0631869
0 2.15385e-16 0.000860766 0.000133268 0.000780891 5.16404e-05 0.215316 0.063184
0 2.15385e-16 0.002322 0.000386501 0.0019268 0.00041672 0.216012 0.0636102
0 2.15385e-16 0.000535453 8.14753e-05 0.000694577 0.000115338 0.215828 0.0636609
0 2.15385e-16 -0.000628759 -2.35699e-05 0.000953025 0.000141212 0.217284 0.063524
0 2.15385e-16 0.00221717 0.000277938 0.000186245 0.000131671 0.216119 0.0639429
0 2.15385e-16 -0.000631227 -1.87072e-05 0.000394984 0.000191818 0.21743 0.0628782
0 2.15385e-16 0.00152055 0.000278072 -0.000719994 -0.000193388 0.216839 0.0631725
0 2.15385e-16 -0.000103058 1.82568e-05 -0.00088564 -7.701e-05 0.216343 0.062916
0 2.15385e-16 -0.000367738 -9.03809e-05 -0.00175799 -0.000221053 0.218399 0.063987
0 2.15385e-16 -0.00152597 -0.000236102 -0.00332471 -0.000583075 0.217378 0.0639418
0 2.15385e-16 -0.00198842 -0.000281997 0.00133458 0.000256555 0.217891 0.0638667
0 2.15385e-16 -0.00157013 -0.000267349 -0.00179875 -0.000406757 0.217399 0.0637091
0 2.15385e-16 -0.00298079 -0.000448504 0.000963011 0.00018107 0.218439 0.06413
0 2.15385e-16 0.00166244 0.000233992 -0.000323787 -2.98012e-06 0.216855 0.0632588
0 2.15385e-16 -0.00174599 -0.000171163 -0.000319509 5.06895e-05 0.217126 0.0634376
0 2.15385e-16 -0.00043393 -0.000136579 0.0015142 0.000164482 0.215746 0.0635818
0 2.15385e-16 0.000433319 -7.96272e-05 -0.00122107 -0.000104623 0.217082 0.0626025
0 2.15385e-16 0.00120117 0.000199909 -0.00157452 -0.000194544 0.21676 0.0632044
0 2.15385e-16 -9.15634e-05 -6.19499e-05 0.000934057 0.00015241 0.216728 0.0624904
0 2.15385e-16 -0.00075046 -0.000123395 0.00224852 0.000421663 0.21751 0.0629134
0 2.15385e-16 0.000997446 6.16376e-05 0.00193656 0.0004771 0.21642 0.0640291
0 2.15385e-16 0.00169916 0.000304115 0.000362588 6.4816e-05 0.21672 0.0632029
0 2.15385e-16 -0.000553073 -0.00023649 0.0013767 0.000141804 0.217013 0.0627313
0 2.15385e-16 0.00143975 0.000227778 0.00258144 0.00048858 0.217671 0.0637957
0 2.15385e-16 0.00287473 0.000580772 0.00195499 0.000359185 0.21722 0.0629144
0 2.15385e-16 -0.000369229 -0.000135272 0.00184843 0.000359758 0.215689 0.0631987
0 2.15385e-16 0.00218882 0.000274976 0.000159221 0.000111479 0.217006 0.0630588
0 2.15385e-16 0.00254585 0.000442233 -0.00234128 -0.000425152 0.217096 0.0633761
0 2.15385e-16 -0.00133089 -0.000175508 -0.00102931 -0.000224438 0.215995 0.0638578
0 2.15385e-16 -0.00277579 -0.000470457 -0.00408333 -0.00068917 0.218015 0.0634656
0 2.15385e-16 -6.17758e-05 2.12874e-05 -0.00354034 -0.000653537 0.216696 0.0640373
0 2.15385e-16 -0.00226126 -0.000319076 0.00188319 0.000301605 0.216755 0.0630423
0 2.15385e-16 -0.000971949 -0.000227926 -0.00106024 -9.53556e-05 0.216748 0.0626637
0 2.15385e-16 -0.000860833 -4.46599e-05 -0.00238256 -0.0004715 0.21651 0.0635556
0 2.15385e-16 0.00154709 0.000391226 -0.000168367 2.25818e-05 0.216502 0.0627889
0 2.15385e-16 0.00303432 0.0005997 -0.00164626 -0.000210522 0.217578 0.0632424
0 2.15385e-16 0.00118268 0.000180852 0.00108479 0.000162709 0.216808 0.0624059
0 2.15385e-16 0.00102426 5.21948e-05 -0.00162825 -9.5734e-05 0.2157 0.0643053
0 2.15385e-16 -0.00113748 -0.000241985 0.00181284 0.000381444 0.217676 0.0630316
0 2.15385e-16 -0.000167939 -4.13363e-05 -0.00255609 -0.000435266 0.217467 0.0629824
0 2.15385e-16 -0.000965385 -0.000193942 0.00293891 0.000451608 0.21612 0.0629274
0 2.15385e-16 0.000505754 0.000182307 0.00084003 8.6035e-05 0.217149 0.0634423
0 2.15385e-16 -0.000323437 -8.59567e-05 0.000610526 8.95726e-05 0.216874 0.0628646
0 2.15385e-16 -0.0015021 -0.000318401 -4.05838e-05 -9.12151e-05 0.218109 0.0628231
0 2.15385e-16 -0.00133103 -0.00028611 0.000860206 0.000169829 0.216451 0.0635628
0 2.15385e-16 -0.000369935 -4.95778e-05 -0.00255393 -0.000377853 0.216775 0.0633265
0 2.15385e-16 1.64764e-06 8.57676e-05 -0.000948286 -0.000225743 0.217729 0.0629057
0 2.15385e-16 0.00108296 0.000261214 -0.000704174 -0.00022563 0.215608 0.0630833
0 2.15385e-16 0.00156085 0.000142774 -0.00382134 -0.000567957 0.217982 0.0639402
0 2.15385e-16 -0.000582755 -4.55363e-05 0.00154136 0.000330033 0.215796 0.0633134
0 2.15385e-16 0.00322215 0.000599788 -0.00151018 -0.000129619 0.216913 0.0632915
0 2.15385e-16 0.00155975 0.000179356 0.00021026 -1.59495e-05 0.216486 0.0639912
0 2.15385e-16 0.00119133 0.000160681 -0.000346196 5.60909e-05 0.216701 0.0634398
0 2.15385e-16 -0.0010901 -0.000210153 -0.00337151 -0.000583295 0.217092 0.0641581
0 2.15385e-16 0.00416582 0.000704421 0.00121708 9.32352e-05 0.21683 0.0636155
0 2.15385e-16 -0.00207778 -0.000382996 9.91758e-06 0.000118133 0.217079 0.0636437
0 2.15385e-16 0.00100109 0.000183834 -0.00314378 -0.000555035 0.218044 0.063495
0 2.15385e-16 0.000196803 1.56492e-05 0.000494902 2.77193e-05 0.216272 0.0630034
0 2.15385e-16 -0.000563612 -0.000165298 -0.00148403 -0.000238992 0.217566 0.0634878
0 2.15385e-16 -0.00129491 -0.000204137 -0.000827619 -0.000139177 0.216692 0.0636692
0 2.15385e-16 -0.00178093 -0.000430621 -0.00161632 -0.000165125 0.21691 0.0641642
0 2.15385e-16 0.00125983 0.000288876 -0.00285529 -0.000494225 0.217548 0.0628874
0 2.15385e-16 0.00182045 0.000241475 0.00113436 0.000160484 0.216421 0.0634793
0 2.15385e-16 0.000589369 4.68836e-05 9.94484e-05 0.000142184 0.216814 0.0632195
0 2.15385e-16 0.00285642 0.00051157 -0.000241211 -1.62583e-05 0.217897 0.0630852
0 2.15385e-16 -0.00302279 -0.000482535 0.000451271 0.000118129 0.217371 0.0632562
0 2.15385e-16 0.00189053 0.000434819 -0.000310481 -7.27517e-05 0.215504 0.0635232
0 2.15385e-16 -0.00157437 -0.000251999 -0.000935557 -9.30568e-05 0.216724 0.0639371
0 2.15385e-16 0.000888749 6.43689e-06 0.00305316 0.000667159 0.216683 0.0635995
0 2.15385e-16 0.00267875 0.000459027 0.00280242 0.000458753 0.216115 0.0635365
0 2.15385e-16 0.000244026 5.55505e-05 -0.00122991 -0.00016279 0.217063 0.0633848
0 2.15385e-16 -0.00137724 -0.000264222 0.000944602 0.000100828 0.216172 0.0631486
0 2.15385e-16 0.00209632 0.000362911 0.00219032 0.00028371 0.216978 0.0630214
0 2.15385e-16 -0.000460525 -0.000140977 -0.00149758 -0.000240743 0.21764 0.0631636
0 2.15385e-16 0.000364362 -3.72679e-05 0.00237673 0.000397341 0.216296 0.0630239
0 2.15385e-16 -0.00268164 -0.000605768 0.000208344 7.14947e-06 0.217781 0.0631767
0 2.15385e-16 0.00119777 0.000212601 0.00112479 0.000104761 0.21693 0.0639097
0 2.15385e-16 -0.00315036 -0.000527269 -0.00116156 -6.14281e-05 0.21681 0.0641821
0 2.15385e-16 0.000216515 0.000157047 0.000396262 5.80354e-05 0.216214 0.063104
0 2.15385e-16 -0.00172571 -0.000372355 -0.000799172 -1.31982e-05 0.217322 0.0634373
0 2.15385e-16 -0.00471288 -0.000827148 -0.00220565 -0.000231263 0.216403 0.0635213
0 2.15385e-16 0.00188784 0.000330325 0.00345483 0.000551405 0.218098 0.0632618
0 2.15385e-16 -0.0022031 -0.000390553 0.00184879 0.000391891 0.217565 0.0629793
0 2.15385e-16 0.00228025 0.000344224 0.000447063 0.000159102 0.217376 0.0633054
0 2.15385e-16 -0.000909407 -0.000161244 -0.00291264 -0.000512712 0.216878 0.0637975
0 2.15385e-16 0.00209992 0.000413055 -5.13623e-05 -0.000173681 0.216896 0.063226
0 2.15385e-16 0.00024116 9.72251e-05 0.00179229 0.000364278 0.215793 0.0624706
0 2.15385e-16 0.0016945 0.000377333 0.00101698 0.000173952 0.216051 0.0636468
0 2.15385e-16 -0.000370585 1.10379e-05 0.000277709 6.01065e-05 0.21512 0.0630488
0 2.15385e-16 -0.000927181 -8.35699e-05 -0.00205938 -0.000292123 0.216974 0.0637557
0 2.15385e-16 -0.000558166 1.11452e-05 0.00117164 8.91947e-05 0.216498 0.0634874
0 2.15385e-16 0.000212441 -9.55849e-07 -0.000254118 1.76804e-05 0.215975 0.0633704
0 2.15385e-16 0.000328648 0.000163616 0.00133132 8.57049e-05 0.217253 0.0637575
0 2.15385e-16 0.00134229 6.28131e-05 0.00277851 0.000579882 0.217552 0.0631228
0 2.15385e-16 0.00207335 0.000377893 -0.000997583 -0.000194233 0.216859 0.0629256
0 2.15385e-16 0.00144403 0.000254572 -0.00165344 -0.000334106 0.216064 0.0639379
0 2.15385e-16 0.000399189 7.43689e-05 0.000419622 6.07956e-05 0.21719 0.0626859
0 2.15385e-16 -0.00193319 -0.000315035 0.000551888 4.01679e-05 0.216594 0.0635474
0 2.15385e-16 0.00160346 0.000180483 0.00248052 0.000292008 0.217729 0.0639307
0 2.15385e-16 -0.00123655 -0.000190044 0.000453143 -5.72954e-05 0.216731 0.0635392
0 2.15385e-16 -0.0004859 -0.000179881 0.00190637 0.000274446 0.216584 0.0633002
0 2.15385e-16 0.00143083 0.000305982 -0.000862344 -0.000178039 0.215764 0.063686
0 2.15385e-16 -0.000823287 -5.06228e-05 0.000584513 0.000236832 0.217117 0.063518
0 2.15385e-16 0.000322726 1.99131e-05 -9.88707e-05 -0.000112563 0.215836 0.0638485
0 2.15385e-16 -0.0020338 -0.000408356 0.00217191 0.000355588 0.216585 0.0631564
0 2.15385e-16 -0.00189837 -0.00042112 0.00187514 0.000304069 0.216869 0.0635748
0 2.15385e-16 -0.0036201 -0.000510132 -0.000642252 -0.000144969 0.218059 0.0632383
0 2.15385e-16 0.000405813 6.51033e-05 -0.000412123 -1.3551e-05 0.216581 0.0633247
0 2.15385e-16 0.000421195 -1.94333e-06 -0.00158516 -0.000449068 0.216752 0.062574
0 2.15385e-16 0.00212992 0.000392793 0.00156787 0.000293761 0.216415 0.0635495
0 2.15385e-16 0.00325404 0.000496952 -0.000499703 -2.90298e-05 0.216312 0.0635255
0 2.15385e-16 -0.0019261 -0.000384522 -0.00119902 -0.00018026 0.217795 0.0635876
0 2.15385e-16 0.00164564 0.000179042 0.00216806 0.000319796 0.217136 0.0634031
0 2.15385e-16 -0.000172028 -5.96409e-05 0.000850515 -7.39956e-05 0.216654 0.0633249
0 2.15385e-16 -0.000217816 5.4202e-05 -0.000594999 -3.12422e-05 0.21575 0.063533
0 2.15385e-16 -0.00254682 -0.000377599 0.000749064 0.000242539 0.217565 0.0628094
0 2.15385e-16 -0.000907393 -0.00012409 -0.000588187 -5.30407e-05 0.216698 0.0636847
0 2.15385e-16 0.00289011 0.00057971 -0.00042574 -0.000218927 0.215677 0.0636831
0 2.15385e-16 -0.000630748 -8.54958e-05 -0.00112416 -0.000134692 0.216708 0.0631588
0 2.15385e-16 0.00137238 0.000299244 0.000536667 0.000104898 0.216266 0.0633403
0 2.15385e-16 -0.00277917 -0.000488421 -0.000934488 -0.000237395 0.21599 0.0638361
0 2.15385e-16 0.00241548 0.000348062 -0.000635968 -7.76745e-05 0.21642 0.0635257
0 2.15385e-16 -0.00127065 -0.000141654 -0.000426701 -0.000216303 0.216593 0.0638982
0 2.15385e-16 -0.00179617 -0.000289781 -0.00259075 -0.000403966 0.218064 0.0631427
0 2.15385e-16 -0.000400701 -9.99861e-05 0.00182316 0.000307894 0.216202 0.0631041
0 2.15385e-16 -0.00110208 -0.000308079 0.00252117 0.00043874 0.21618 0.0627626
0 2.15385e-16 -0.00184736 -0.00027599 -0.00204039 -0.000312201 0.218033 0.0637136
0 2.15385e-16 0.00219464 0.000276116 -0.000617087 -0.000119538 0.216579 0.0629595
0 2.15385e-16 0.000725541 -2.40319e-06 -0.000110916 -0.00010749 0.215824 0.0625355
0 2.15385e-16 0.0023027 0.000283406 -0.00355204 -0.00068082 0.217434 0.0634654
0 2.15385e-16 0.00115593 0.000246568 -0.000548818 -0.000153094 0.216033 0.0633666
0 2.15385e-16 -0.00251088 -0.0004515 0.00132472 0.000206703 0.216409 0.0633407
0 2.15385e-16 -0.00323884 -0.000649046 0.00221504 0.000470164 0.217253 0.0637246
0 2.15385e-16 0.000313859 8.2442e-05 -0.000491199 1.64162e-05 0.216133 0.0632176
0 2.15385e-16 0.00038094 0.000140378 -0.00107638 -0.000175908 0.216281 0.063531
0 2.15385e-16 0.00075523 7.31553e-05 0.0016881 0.000439452 0.216254 0.0640216
0 2.15385e-16 -0.00258709 -0.000442583 -0.000833481 -0.000152057 0.217054 0.063125
0 2.15385e-16 0.00112641 0.000112384 -0.000576026 -0.000141036 0.217256 0.0635381
0 2.15385e-16 -0.00283154 -0.000396977 0.00106028 0.000153847 0.217602 0.0636083
0 2.15385e-16 -0.00154523 -0.00030306 -9.80407e-05 0.000190195 0.215811 0.0634598
0 2.15385e-16 0.00172279 0.00044907 0.00122136 0.000341356 0.215395 0.0633336
0 2.15385e-16 0.00283898 0.000439615 -0.000469427 1.05106e-05 0.21683 0.0632679
0 2.15385e-16 0.000511564 0.000160995 0.000401833 6.27864e-05 0.21625 0.0626624
0 2.15385e-16 5.75299e-05 1.98682e-05 0.00021947 0.000112487 0.217122 0.0631972
0 2.15385e-16 -0.0023003 -0.000121638 -0.00133062 -0.000282049 0.216772 0.0631753
0 2.15385e-16 -0.00194768 -0.000240816 -0.00284683 -0.000517409 0.217863 0.0639695
0 2.15385e-16 0.00258663 0.000486911 -0.00138431 -0.000210862 0.217501 0.0631127
0 2.15385e-16 0.000250165 1.74347e-05 0.000681827 0.000123657 0.217712 0.0633208
0 2.15385e-16 0.00115794 0.000110366 0.00370863 0.000654812 0.216696 0.0631345
0 2.15385e-16 -0.000419884 -7.36874e-05 -0.000114652 3.21114e-06 0.216365 0.0630961
0 2.15385e-16 -0.0011708 -0.000209376 -0.000645237 -0.000158788 0.216147 0.0638869
0 2.15385e-16 0.00122551 0.000151679 -0.00044065 -3.46657e-05 0.216541 0.0632115
0 2.15385e-16 -0.0016331 -0.000242792 -0.000268641 -8.08921e-05 0.217045 0.0638452
0 2.15385e-16 -0.0017459 -0.000276058 -0.00224271 -0.00038148 0.218132 0.0629168
0 2.15385e-16 0.0046923 0.000707542 -7.93171e-05 -4.93212e-05 0.217229 0.0632073
0 2.15385e-16 -0.00175494 -0.000279946 0.00229499 0.0003876 0.216829 0.0629519
0 2.15385e-16 0.000907662 0.000249739 -0.000998803 -6.02471e-05 0.217214 0.0633312
0 2.15385e-16 -0.000192043 -5.60795e-05 0.00226325 0.000343802 0.215622 0.0632603
0 2.15385e-16 -0.00225588 -0.000269772 -0.000544772 -0.000112592 0.217388 0.06316
0 2.15385e-16 0.00330091 0.000549184 0.000804455 7.5672e-05 0.216704 0.0633953
0 2.15385e-16 -0.00117791 -0.000246076 0.00121579 0.000294513 0.216753 0.063975
0 2.15385e-16 -0.000282872 -3.17964e-06 0.00204612 0.000173965 0.216363 0.0635741
0 2.15385e-16 0.000384303 0.000186263 -0.00345258 -0.000575246 0.217559 0.064098
0 2.15385e-16 -0.00385917 -0.000622987 -0.00375681 -0.000685887 0.217934 0.0635417
0 2.15385e-16 -0.00147542 -0.000253044 -0.000914537 -0.000133793 0.215511 0.0634729
0 2.15385e-16 0.000370565 9.59611e-05 0.00314055 0.00065298 0.21647 0.0625348
0 2.15385e-16 0.000182441 0.000100409 -0.00124494 -0.000225246 0.21732 0.0627779
0 2.15385e-16 -1.55581e-05 -4.07042e-05 7.08031e-05 6.16981e-05 0.216694 0.0624979
0 2.15385e-16 0.00174711 0.000358683 0.000237602 6.16503e-06 0.216575 0.0636044
0 2.15385e-16 0.00149443 0.000372276 -0.00140815 -0.000288219 0.216354 0.0634902
0 2.15385e-16 -0.00130689 -0.000249149 -0.000408992 -0.000121986 0.216492 0.0634765
0 2.15385e-16 0.0031385 0.000375622 0.00169084 0.000251465 0.216368 0.0632616
0 2.15385e-16 -0.00067789 -0.000200113 -0.000116942 -0.000150411 0.215265 0.0626991
0 2.15385e-16 0.00172459 0.000329456 0.00105517 0.000165722 0.216975 0.0637005
0 2.15385e-16 -0.00314209 -0.000547423 0.00549261 0.00103219 0.217256 0.0633508
0 2.15385e-16 0.000213058 -7.18862e-05 0.000284321 1.72702e-05 0.215441 0.0634156
0 2.15385e-16 -0.00128554 -0.00025005 -0.00155182 -0.000270174 0.218281 0.0632832
0 2.15385e-16 0.000674751 0.000108228 0.000196458 5.34655e-05 0.217102 0.0623646
0 2.15385e-16 -0.00110957 -0.000184603 0.00145686 0.000300081 0.216822 0.0627103
0 2.15385e-16 -0.000853808 -0.000119293 -0.0024765 -0.000524312 0.217275 0.0633449
0 2.15385e-16 -0.000684422 -9.03728e-05 -0.00133532 -0.000121092 0.217618 0.0633503
0 2.15385e-16 0.000636398 9.33017e-05 0.000244265 6.47282e-05 0.215812 0.0629814
0 2.15385e-16 0.00218038 0.000412216 0.00314218 0.000494359 0.215788 0.0629344
0 2.15385e-16 0.000547777 0.000234574 0.00171388 0.000290897 0.216092 0.0639756
0 2.15385e-16 0.000227127 -0.000107759 0.00106687 0.000233313 0.217242 0.063709
0 2.15385e-16 0.00213483 0.000479823 -0.00120487 -0.000238856 0.217217 0.0630078
0 2.15385e-16 0.00132265 0.000151282 -0.00101392 -0.000188212 0.216679 0.062941
0 2.15385e-16 0.00052888 4.17496e-05 0.000922486 6.20801e-06 0.215844 0.063665
0 2.15385e-16 0.000644373 0.000195597 -0.000763056 -0.000217131 0.21694 0.0630202
0 2.15385e-16 0.00214195 0.0005419 0.00211325 0.000337423 0.217489 0.0634322
0 2.15385e-16 0.00197917 0.000319562 0.000858126 8.85059e-05 0.217097 0.0628327
0 2.15385e-16 -0.000508038 -0.000124787 0.00403454 0.000714332 0.21622 0.0632173
0 2.15385e-16 -0.000465858 -0.000142125 -0.00283643 -0.000351656 0.217358 0.0641476
0 2.15385e-16 -0.000113168 -4.70716e-05 -0.00250257 -0.000504752 0.216459 0.063366
0 2.15385e-16 -0.0012435 -0.000253533 0.00177291 0.000103907 0.216687 0.0635637
0 2.15385e-16 4.41192e-05 6.71895e-06 -0.00168786 -0.000239973 0.217075 0.0633747
0 2.15385e-16 -0.00136222 -0.00026184 0.0015728 0.000299301 0.216214 0.0631227
0 2.15385e-16 0.00202154 0.00032564 0.00108405 0.000279511 0.215913 0.0636195
0 2.15385e-16 -0.00240913 -0.000377347 0.000734252 0.000115452 0.217182 0.0633219
0 2.15385e-16 -0.0035282 -0.000629755 0.00224534 0.000353835 0.21725 0.063748
0 2.15385e-16 0.00156074 0.000257351 0.000298569 -3.80046e-05 0.216885 0.0631182
0 2.15385e-16 -0.000678732 4.63072e-05 -0.00293765 -0.00044693 0.218148 0.0635006
0 2.15385e-16 0.00231834 0.00039713 -0.00182182 -0.000385804 0.216006 0.0626792
0 2.15385e-16 -0.00176184 -0.000378409 0.000735571 0.000177504 0.217046 0.0635847
0 2.15385e-16 0.00257235 0.000309494 0.00272794 0.000341328 0.217665 0.0639233
0 2.15385e-16 0.00221857 0.000469324 0.00068908 0.000196032 0.215834 0.0625885
0 2.15385e-16 -0.00148374 -0.000238877 -0.00185423 -0.000220717 0.216037 0.0640559
0 2.15385e-16 1.27289e-05 -0.000131364 0.00100126 0.00013989 0.216353 0.0633435
0 2.15385e-16 0.000300357 2.10328e-05 -0.00114935 -0.000193002 0.215545 0.0627855
0 2.15385e-16 -0.0020076 -0.000325684 -0.00394766 -0.000751726 0.21769 0.0636363
0 2.15385e-16 0.000331038 2.82429e-05 -0.00271741 -0.000417337 0.217019 0.0633383
0 2.15385e-16 -7.46607e-05 -4.26007e-05 -0.00191767 -0.00038282 0.214929 0.0636526
0 2.15385e-16 0.000884541 0.000178736 -0.000730159 -0.000153134 0.216184 0.0634169
0 2.15385e-16 -0.00410384 -0.000670964 -0.0004868 -6.15972e-05 0.216899 0.0634985
0 2.15385e-16 -0.00138171 -0.000159592 0.00109666 0.000134827 0.216075 0.0637388
0 2.15385e-16 0.00067939 0.000211434 -0.00317966 -0.000631482 0.218064 0.0638117
0 2.15385e-16 0.000836429 0.000205554 -0.00322629 -0.000448322 0.217478 0.0632637
0 2.15385e-16 0.00352032 0.000584638 0.000849457 0.000320756 0.217686 0.0633992
0 2.15385e-16 0.0030717 0.000510865 0.000654948 0.000100454 0.216291 0.06365
0 2.15385e-16 -0.00164769 -0.000245602 0.000692527 0.000159175 0.216985 0.062977
0 2.15385e-16 -0.00302068 -0.000498357 -0.00157452 -0.000169768 0.218392 0.0641186
0 2.15385e-16 0.00215285 0.000412143 -0.000183847 -3.77332e-05 0.216468 0.062652
0 2.15385e-16 0.000494173 9.37395e-05 2.84861e-05 6.84724e-05 0.217173 0.0627375
0 2.15385e-16 0.00195298 0.000299318 -0.00247027 -0.000353714 0.216347 0.0639526
0 2.15385e-16 0.00257601 0.000452995 -0.0019922 -0.000397996 0.217253 0.0625172
0 2.15385e-16 -0.00109238 -0.00019842 -0.00204315 -0.000344282 0.21838 0.0634496
0 2.15385e-16 -0.0033087 -0.000458409 0.00295656 0.000421543 0.215818 0.0641945
0 2.15385e-16 -0.000717031 -6.37169e-05 0.000850899 0.000307673 0.215893 0.0631501
0 2.15385e-16 0.00260681 0.000568112 0.00147826 0.000299865 0.217524 0.0636192
0 2.15385e-16 0.00092187 0.000178045 0.00165759 0.000314654 0.216643 0.0632191
0 2.15385e-16 0.00150413 0.000234794 -0.000611255 -0.000131948 0.215923 0.0642598
0 2.15385e-16 0.00250061 0.000482751 -0.00211321 -0.000399781 0.216378 0.0633195
0 2.15385e-16 0.00309027 0.000666805 -0.000899316 -0.000269356 0.217763 0.0631438
0 2.15385e-16 -0.00202588 -0.000337137 -0.00258338 -0.000411243 0.217411 0.0641265
0 2.15385e-16 0.00218964 0.000354402 0.00163128 0.000263368 0.217283 0.0633519
0 2.15385e-16 0.00114108 0.000141297 0.000446816 -5.65195e-05 0.215752 0.0632708
0 2.15385e-16 0.00415871 0.000704538 -0.00371092 -0.000606148 0.217298 0.0633283
0 2.15385e-16 -0.000429668 -0.000192635 -0.00147559 -0.000383312 0.218195 0.062559
0 2.15385e-16 -8.82738e-06 6.06514e-05 -0.00105476 -8.84735e-05 0.217169 0.0629373
0 2.15385e-16 -0.00132142 -0.000241675 -0.000215781 -0.000103323 0.216315 0.0627196
0 2.15385e-16 -0.00184995 -0.000137382 0.000804587 0.000199947 0.216657 0.0635281
0 2.15385e-16 0.00139108 0.000303927 0.000101025 2.87668e-05 0.216297 0.0634531
0 2.15385e-16 -4.52369e-06 6.89961e-05 0.00393002 0.000739303 0.216363 0.0636963
0 2.15385e-16 -0.000347915 -2.9853e-05 -0.000191985 1.78693e-05 0.216242 0.0636711
0 2.15385e-16 -6.81229e-05 -4.61144e-05 0.00132903 0.000148381 0.21619 0.0627404
0 2.15385e-16 -0.00157862 -0.000302012 -0.00340484 -0.000591126 0.217558 0.0634801
0 2.15385e-16 -0.000995816 -0.000190797 -0.00246202 -0.000391489 0.217881 0.0632604
0 2.15385e-16 -0.000936463 -0.000120777 -0.000558061 -6.73889e-05 0.216447 0.0630316
0 2.15385e-16 0.000292667 -2.28149e-05 0.000154078 -7.26473e-05 0.215643 0.0636628
0 2.15385e-16 -0.00104413 -0.000203 0.00271335 0.000421393 0.216297 0.0633015
0 2.15385e-16 -0.0016936 -0.000282505 0.0026342 0.000394476 0.216082 0.0629336
0 2.15385e-16 0.00284599 0.000394692 -0.00385289 -0.000681289 0.217682 0.0636447
0 2.15385e-16 -0.000424383 -0.000189456 0.00274787 0.000409783 0.215742 0.0632162
0 2.15385e-16 0.00141936 0.000336954 0.00246839 0.000400769 0.217721 0.0629222
0 2.15385e-16 -0.000929444 -0.000252352 0.00284978 0.000474991 0.216693 0.0636956
0 2.15385e-16 0.00180438 0.000297958 -0.00154357 -0.000138331 0.217026 0.0633301
0 2.15385e-16 0.000972157 0.000184239 0.000177781 -4.08527e-05 0.215954 0.0636083
0 2.15385e-16 -0.00226226 -0.000435754 -0.00200473 -0.000227399 0.217577 0.0632952
0 2.15385e-16 0.00196593 0.000230401 -0.00118066 -0.000222808 0.216489 0.0632607
0 2.15385e-16 0.00116597 0.000145911 9.19202e-06 0.000121177 0.217169 0.0626199
0 2.15385e-16 0.000521502 0.000110859 0.000858424 4.4421e-05 0.216328 0.062743
0 2.15385e-16 -0.000251882 -0.000117015 -0.000726238 -9.10128e-05 0.217526 0.0630034
0 2.15385e-16 -0.00237881 -0.000323759 0.000432403 7.12946e-05 0.217429 0.0627301
0 2.15385e-16 0.0010204 0.000315063 -0.000421499 -0.000127841 0.216653 0.0622891
0 2.15385e-16 -0.00114676 -0.000359288 0.00204559 0.000341201 0.216425 0.0639856
0 2.15385e-16 3.92097e-05 -2.0127e-06 -0.0024164 -0.000388358 0.216673 0.0636053
0 2.15385e-16 -0.00234099 -0.000409327 0.00419605 0.000657176 0.214713 0.0637192
0 2.15385e-16 -0.00118906 -0.000227925 -0.00022415 3.36882e-05 0.216977 0.0634197
0 2.15385e-16 0.000495732 0.000209063 -0.00059562 -0.00015743 0.21734 0.0628191
0 2.15385e-16 -0.000872111 -0.000125489 -0.000987325 -0.000115595 0.217341 0.0637087
0 2.15385e-16 -0.00199516 -0.000378943 0.000235075 -4.32338e-05 0.21677 0.0634829
0 2.15385e-16 0.00220542 0.000293481 0.00123089 0.000222384 0.216743 0.0634518
0 2.15385e-16 0.000445764 9.59027e-05 -0.00188412 -0.000234587 0.215976 0.0638097
0 2.15385e-16 -0.00274281 -0.00035712 -0.000295126 -3.93269e-05 0.216843 0.063883
0 2.15385e-16 -0.00430238 -0.000676241 0.00489855 0.000646599 0.217816 0.064192
0 2.15385e-16 -0.00146445 -0.000244781 0.00036048 9.28431e-05 0.216633 0.0629244
0 2.15385e-16 0.00104447 0.000186946 -0.00180556 -0.000393828 0.218353 0.0628129
0 2.15385e-16 -0.00224787 -0.00047692 0.00262022 0.000461084 0.216606 0.063044
0 2.15385e-16 -0.00187469 -0.000420707 -0.00197059 -0.000392962 0.216746 0.064026
0 2.15385e-16 -0.00254565 -0.000388242 0.00293327 0.000552355 0.215393 0.0632063
0 2.15385e-16 0.00111451 1.9161e-05 -0.00276027 -0.000360082 0.216722 0.0639825
0 2.15385e-16 -0.00077722 -0.000129819 -0.000482485 -7.46959e-05 0.216956 0.0628972
0 2.15385e-16 0.00154011 0.000384964 0.0046547 0.00070541 0.217092 0.0638566
0 2.15385e-16 0.00331031 0.00059966 0.00276861 0.000451705 0.217136 0.0637987
0 2.15385e-16 -0.000618217 -0.000113866 -0.000206533 -6.2498e-05 0.217234 0.0626298
0 2.15385e-16 0.000213006 -6.24844e-05 0.00147026 0.000163334 0.216577 0.0636076
0 2.15385e-16 -0.00101927 -0.000269986 0.000626013 4.69133e-05 0.216624 0.0630095
0 2.15385e-16 0.00110415 0.000135065 0.00260522 0.000462676 0.216477 0.0627799
0 2.15385e-16 0.00571901 0.00101046 0.0026476 0.000425648 0.217241 0.0635655
0 2.15385e-16 0.000843167 0.000197075 -0.000946889 -0.00036812 0.217462 0.0628101
0 2.15385e-16 -0.00197578 -0.000293453 -0.00121648 -0.000238103 0.217236 0.0636967
0 2.15385e-16 -0.00244467 -0.000446552 0.000458422 -8.59825e-06 0.216812 0.0632154
0 2.15385e-16 -0.000806577 -0.000196028 0.000823629 0.000183592 0.21627 0.0627023
0 2.15385e-16 0.0011412 0.000116831 -0.00100503 -0.000216849 0.21743 0.0627532
0 2.15385e-16 -0.00202904 -0.000327073 0.00162084 0.000354198 0.216849 0.0634529
0 2.15385e-16 0.00208798 0.00025566 -0.00453173 -0.00074265 0.217071 0.0636033
0 2.15385e-16 0.000215792 3.32401e-05 0.000277734 -2.32596e-05 0.216438 0.0636808
0 2.15385e-16 0.00120556 0.000288748 0.00372801 0.000540549 0.216137 0.0638708
0 2.15385e-16 0.00020423 1.98239e-05 0.00331592 0.000645898 0.217013 0.0635802
0 2.15385e-16 4.40063e-05 8.68594e-05 -0.000749556 -6.84439e-05 0.217213 0.0631581
0 2.15385e-16 0.000910073 0.000311135 -0.000907936 -0.000191751 0.217056 0.0635211
0 2.15385e-16 -0.000514873 1.70322e-05 0.00213887 0.000264497 0.217395 0.063294
0 2.15385e-16 -0.00465119 -0.000696025 -0.000548876 -0.000117732 0.217111 0.0636733
0 2.15385e-16 -0.00363222 -0.000485538 0.000991708 0.000241032 0.217732 0.063293
0 2.15385e-16 0.000864359 8.61264e-05 0.000377555 8.12126e-05 0.216121 0.0632505
0 2.15385e-16 -0.00101264 -0.000209316 0.000285951 9.38407e-05 0.217354 0.0635287
0 2.15385e-16 -0.000716751 -0.000128711 -0.00383085 -0.000641569 0.217647 0.0627589
0 2.15385e-16 0.00219664 0.000264373 0.000149961 2.92961e-05 0.217235 0.0637687
0 2.15385e-16 0.00162848 0.000186347 -0.00245359 -0.000313373 0.217366 0.063385
0 2.15385e-16 0.00140242 0.000221375 -0.00192022 -0.000208678 0.216595 0.063267
0 2.15385e-16 0.00234907 0.000435531 0.00331963 0.000460063 0.216371 0.0630027
0 2.15385e-16 0.00209633 0.000228926 0.00324798 0.000564845 0.216701 0.0635201
0 2.15385e-16 0.000869231 0.00016636 0.000350867 0.000101474 0.216099 0.0633044
0 2.15385e-16 -0.00130569 -0.000157467 0.00246128 0.00043137 0.216556 0.0632531
0 2.15385e-16 0.000579502 6.28172e-05 0.000345152 -2.46801e-05 0.216992 0.0632239
0 2.15385e-16 -0.00113961 -0.00017592 -0.00355619 -0.000595073 0.219022 0.0640366
0 2.15385e-16 -0.00174277 -0.000201296 0.00011665 -7.55656e-05 0.216288 0.0638536
0 2.15385e-16 0.000697651 0.000208634 0.00117741 0.000217769 0.216573 0.0626983
0 2.15385e-16 3.64253e-06 9.74577e-05 -0.00196227 -0.00047296 0.216692 0.0637829
0 2.15385e-16 -0.00131211 -0.00026045 -0.000735529 -2.71336e-05 0.213944 0.0636214
0 2.15385e-16 -0.000405754 2.89469e-06 0.00216672 0.000268286 0.217058 0.0632708
0 2.15385e-16 0.00369459 0.000646098 -0.00067138 -0.00015189 0.218139 0.0632394
0 2.15385e-16 -0.00212767 -0.000323492 0.00362401 0.000642993 0.216388 0.0629294
0 2.15385e-16 -0.000483386 -9.19147e-05 0.000524676 3.88407e-05 0.215855 0.0640916
0 2.15385e-16 0.000722216 8.34196e-05 0.00282324 0.000406801 0.216058 0.0631514
0 2.15385e-16 -0.000516214 -7.92671e-05 -0.00163638 -0.000321126 0.215602 0.0638023
0 2.15385e-16 0.00148423 0.000222217 0.00104338 0.000206103 0.216007 0.0631519
0 2.15385e-16 -0.00494937 -0.000898532 0.000550801 0.000129864 0.217164 0.0634527
0 2.15385e-16 -0.00112383 -0.000243986 -0.00261929 -0.000429991 0.217662 0.063276
0 2.15385e-16 -0.000350684 1.41903e-05 -0.002395 -0.000259593 0.217213 0.0638509
0 2.15385e-16 -0.000920821 -0.000214486 0.00171311 0.000192963 0.217088 0.0635787
0 2.15385e-16 -0.00501725 -0.000858699 0.000860707 0.000116674 0.217418 0.0634444
0 2.15385e-16 0.00310356 0.000621614 -0.000812481 -0.000176564 0.218252 0.0632206
0 2.15385e-16 0.000282611 -3.26381e-05 0.000141118 -0.000130437 0.216916 0.0635243
0 2.15385e-16 0.00107993 0.000183515 0.00102668 0.000148032 0.217253 0.0628555
0 2.15385e-16 -0.00168436 -0.000331283 0.000445183 -1.14151e-07 0.217231 0.0632383
0 2.15385e-16 0.000253846 -0.000141485 -0.00284854 -0.000450335 0.217249 0.0632323
0 2.15385e-16 0.00236501 0.000458541 0.00227729 0.000306136 0.217311 0.0636849
0 2.15385e-16 -0.0024403 -0.000370388 0.00356412 0.000588701 0.216746 0.0628486
0 2.15385e-16 0.00451854 0.000859107 -0.00106242 -0.000253708 0.217167 0.0630625
0 2.15385e-16 -0.000427725 2.32831e-05 -0.000922137 -8.48363e-05 0.217536 0.0628024
0 2.15385e-16 0.00149586 0.000234112 0.00322586 0.000542746 0.215884 0.0632109
0 2.15385e-16 0.00116179 0.00029868 -0.000608412 -3.82551e-05 0.217056 0.0630847
0 2.15385e-16 -1.64122e-05 -1.64179e-05 0.00174769 0.00034946 0.216106 0.062743
0 2.15385e-16 0.00229218 0.000333983 -0.000620789 -5.05573e-05 0.216306 0.0631869
0 2.15385e-16 0.0023132 0.000369133 -0.00226156 -0.000631846 0.21609 0.0628526
0 2.15385e-16 0.00280226 0.000472446 0.00177545 0.000371901 0.21793 0.0632292
0 2.15385e-16 -0.000656959 -8.88166e-05 -0.000617725 -0.00013551 0.216651 0.0631392
0 2.15385e-16 0.00160251 0.000143703 -0.0040615 -0.000712664 0.217684 0.0630476
0 2.15385e-16 0.00241382 0.000398093 0.00281997 0.000475489 0.216708 0.0640889
0 2.15385e-16 0.000231121 -3.93661e-05 -6.11189e-05 7.14705e-05 0.216532 0.062889
0 2.15385e-16 0.000261225 -3.40347e-05 0.00119545 0.000266011 0.216651 0.063201
0 2.15385e-16 -0.000536361 -6.20609e-05 0.000281423 7.66243e-05 0.216182 0.0639305
0 2.15385e-16 -0.000141496 -7.52817e-06 0.000261317 6.36383e-05 0.21728 0.0623923
0 2.15385e-16 -0.00207137 -0.000414648 0.00290169 0.000434233 0.216434 0.0633851
0 2.15385e-16 -0.000708663 -0.000121587 0.00166314 0.000177841 0.21732 0.0636825
0 2.15385e-16 -0.000873145 -0.000157032 -0.001102 -0.00030427 0.216077 0.0629002
0 2.15385e-16 -0.00276992 -0.000600256 0.00136576 0.000125635 0.217407 0.0637582
0 2.15385e-16 -0.000761848 -0.000150566 -0.00217539 -0.0003914 0.217945 0.0633418
0 2.15385e-16 -0.00211121 -0.000401068 -0.00217564 -0.000203477 0.216823 0.0637476
0 2.15385e-16 0.0010787 0.000173199 0.00103731 0.000311594 0.215659 0.0626337
0 2.15385e-16 -0.000153287 -8.44073e-05 -0.00404523 -0.000845696 0.21837 0.0633251
0 2.15385e-16 0.000304582 0.000161434 7.14533e-06 -3.71041e-05 0.216539 0.0631379
0 2.15385e-16 0.00049745 9.60243e-05 -0.00257724 -0.000443659 0.216622 0.0640669
0 2.15385e-16 0.00355291 0.000637712 -0.00101611 -5.20238e-05 0.217223 0.0638052
0 2.15385e-16 -0.00060132 -0.000189086 -0.0033584 -0.000762426 0.218959 0.0633695
0 2.15385e-16 -0.000681449 -0.000202858 0.000408805 0.000117157 0.216572 0.0633213
0 2.15385e-16 8.28578e-05 -0.000143307 0.000314816 1.85976e-05 0.2171 0.062736
0 2.15385e-16 0.0006779 0.000106344 -0.000225118 -6.64026e-06 0.216245 0.0633063
0 2.15385e-16 -0.00442742 -0.000714681 0.000805932 1.50906e-05 0.217498 0.0638898
0 2.15385e-16 0.00173517 0.000209367 0.00170512 0.000235687 0.217154 0.06304
0 2.15385e-16 0.00106118 0.000164368 -0.00105055 -0.000206079 0.216242 0.0633809
0 2.15385e-16 -0.000130786 -4.48618e-06 -0.000845725 -0.000305906 0.215884 0.0633597
0 2.15385e-16 -0.00065774 -8.56791e-05 -0.000649084 -7.5101e-07 0.217718 0.0631196
0 2.15385e-16 0.00203823 0.000319124 0.00229936 0.000352064 0.217389 0.0632482
0 2.15385e-16 -2.41223e-05 -3.07331e-05 0.000375403 0.000148437 0.21605 0.0631424
0 2.15385e-16 0.00105123 0.000208346 -0.00294448 -0.000361158 0.217056 0.0637408
0 2.15385e-16 0.00451029 0.000782542 -0.00191496 -0.000294861 0.216646 0.0635964
0 2.15385e-16 -0.00313604 -0.000533829 0.0017064 0.000299163 0.217091 0.0638713
0 2.15385e-16 -0.00062799 -0.00023346 0.00181155 0.000368762 0.216995 0.0626538
0 2.15385e-16 -0.00121519 -0.000200798 0.00501998 0.000790392 0.215774 0.0634137
0 2.15385e-16 -0.000393426 -0.000113498 -0.00441698 -0.000501219 0.218088 0.0642372
0 2.15385e-16 -0.0012732 -0.000217398 -0.00385056 -0.000600375 0.218008 0.0639163
0 2.15385e-16 0.000155911 -1.07279e-05 0.000729407 0.000113966 0.215559 0.0635504
0 2.15385e-16 0.00138856 0.000153459 -0.00325903 -0.000503402 0.216935 0.0636116
0 2.15385e-16 5.7597e-05 -3.99149e-05 0.0003785 0.000148961 0.215497 0.0639501
0 2.15385e-16 -0.000997423 -0.00027814 0.00132613 0.000258422 0.216961 0.0628332
0 2.15385e-16 0.00105613 0.000111482 0.00250861 0.000438851 0.215683 0.0636756
0 2.15385e-16 -0.000999971 -0.000203517 0.00164763 0.000209882 0.217232 0.062541
0 2.15385e-16 -9.81884e-05 -1.51386e-05 -0.00117832 -0.000245353 0.215634 0.0626221
0 2.15385e-16 0.000148385 0.000117254 -0.000473323 -5.73216e-05 0.21659 0.0627241
0 2.15385e-16 0.000354998 2.2896e-05 0.00141649 0.000180058 0.215795 0.0630285
0 2.15385e-16 -0.00340058 -0.00064704 -0.000256998 -2.11169e-05 0.217761 0.0638577
0 2.15385e-16 -0.00244485 -0.0004561 0.000915424 0.000255658 0.217934 0.063611
0 2.15385e-16 0.00274055 0.000510601 0.000949173 7.65409e-05 0.216941 0.0637599
0 2.15385e-16 4.35453e-05 -6.08274e-05 -0.00193049 -0.000327035 0.217465 0.0636075
0 2.15385e-16 -0.000517552 -8.40423e-05 0.00144143 0.000301016 0.217012 0.0627593
0 2.15385e-16 -0.000553344 -0.000158617 0.00308216 0.000284385 0.21688 0.0635489
0 2.15385e-16 -0.00223178 -0.000344244 -0.00105263 -0.000241995 0.216945 0.0643113
0 2.15385e-16 0.00153912 0.000249809 0.00168437 0.000252485 0.217112 0.0629359
0 2.15385e-16 -0.00160428 -0.00038033 -0.000994999 -9.80758e-05 0.217786 0.0633341
0 2.15385e-16 -0.00219863 -0.000401605 -0.000184493 0.000101576 0.216274 0.0639755
0 2.15385e-16 0.00206772 0.000444256 0.00348286 0.000478504 0.217619 0.0629967
0 2.15385e-16 0.000468835 -1.95368e-05 0.000934262 6.90778e-05 0.218706 0.0625266
0 2.15385e-16 -0.00147338 -0.000190822 0.00177869 0.000226245 0.216574 0.0636588
0 2.15385e-16 0.000157739 7.34472e-05 -0.00088873 -0.00015926 0.216902 0.0635116
0 2.15385e-16 0.00217826 0.000411838 0.00122289 0.000274143 0.216404 0.0634915
0 2.15385e-16 -0.00201508 -0.000291586 -0.00103055 -0.000222197 0.217697 0.0636772
0 2.15385e-16 -0.00174584 -0.000379502 0.0017445 0.000322047 0.216145 0.0628452
0 2.15385e-16 -0.000743272 -0.000155769 0.000562533 -6.57002e-05 0.216735 0.0635861
0 2.15385e-16 0.00315973 0.000605402 0.00336926 0.00044479 0.215755 0.063794
0 2.15385e-16 -0.00232929 -0.000411861 -0.000420567 -7.77749e-05 0.216678 0.0641556
0 2.15385e-16 -0.00396765 -0.00072687 -0.00229812 -0.000248478 0.217694 0.0633853
0 2.15385e-16 0.00209657 0.000487841 -0.00214636 -0.00035411 0.217573 0.0630908
0 2.15385e-16 0.000480554 3.26351e-05 0.00379504 0.000744307 0.216697 0.0626805
0 2.15385e-16 -0.00262285 -0.000438146 -0.000356865 -0.000116031 0.216008 0.0644894
0 2.15385e-16 0.0037964 0.00078089 -0.00184755 -0.000343963 0.217468 0.0636623
0 2.15385e-16 0.00396752 0.000631376 0.000486532 0.000160676 0.216448 0.0633531
0 2.15385e-16 -0.00277754 -0.000461724 0.00172732 0.000358636 0.21614 0.0634036
0 2.15385e-16 -0.000845415 -0.000138594 -0.000439872 -0.000109035 0.217092 0.063416
0 2.15385e-16 -0.00102755 -0.000135354 -0.000596379 -6.71205e-05 0.216319 0.0631335
0 2.15385e-16 -0.00117787 -0.000291085 0.000923414 0.000197714 0.21678 0.0638199
0 2.15385e-16 -0.000660783 -0.000107677 0.00265138 0.000458203 0.215938 0.0641149
0 2.15385e-16 0.000875931 8.38266e-05 0.00106321 0.000139301 0.216942 0.0634327
0 2.15385e-16 0.000995691 0.000242879 0.00260113 0.000492063 0.216929 0.0636919
0 2.15385e-16 0.00163719 0.000297447 -0.00284136 -0.000521289 0.216605 0.063034
0 2.15385e-16 -0.000705536 -8.50562e-05 -0.00115697 -0.000262518 0.217086 0.0638655
0 2.15385e-16 -0.000117486 -5.92869e-05 -0.00858242 -0.00142402 0.218318 0.0637392
0 2.15385e-16 0.0040827 0.000666113 -0.000752034 -2.35392e-05 0.217102 0.0635111
0 2.15385e-16 0.00110063 0.000195042 -0.0011579 -6.88232e-05 0.217072 0.0634109
0 2.15385e-16 -0.00188474 -0.000224557 -0.00037637 -0.000144725 0.216319 0.0635264
0 2.15385e-16 0.000887813 0.000127176 0.00137717 0.000252746 0.217077 0.063776
0 2.15385e-16 0.00113828 0.000161451 0.000823868 0.000250245 0.217199 0.0629853
0 2.15385e-16 0.000202356 -8.24614e-07 0.00213737 0.000456758 0.216425 0.063012
0 2.15385e-16 -0.00086712 -0.000155268 0.00306879 0.000576793 0.216489 0.0633568
0 2.15385e-16 0.00104365 0.000229688 0.000981692 0.000219815 0.216712 0.0633671
0 2.15385e-16 0.0026547 0.000276904 -0.00124513 -0.000186822 0.215491 0.0630774
0 2.15385e-16 0.000144384 -2.81226e-05 -0.000449985 -9.13614e-05 0.215024 0.0637127
0 2.15385e-16 0.0013411 0.000221866 0.000223416 4.24581e-05 0.215958 0.0637094
0 2.15385e-16 -0.00133298 -7.8668e-05 0.0011507 0.000242388 0.216322 0.0634956
0 2.15385e-16 0.00333572 0.000659882 0.00388763 0.000701586 0.215906 0.0635964
0 2.15385e-16 -0.000447875 -6.82214e-05 0.00265382 0.00043933 0.216368 0.0641748
0 2.15385e-16 -0.000315178 -0.000146555 0.00379146 0.000663698 0.216246 0.0624578
0 2.15385e-16 0.00242398 0.00037666 -0.00103174 -5.32286e-05 0.216442 0.063323
0 2.15385e-16 -0.00198642 -0.000328437 0.00229087 0.000431765 0.217725 0.0644288
0 2.15385e-16 -0.00222327 -0.000375714 -0.00102678 -0.000107676 0.218511 0.0638652
0 2.15385e-16 0.00152665 0.000325639 -0.000412372 -0.000116539 0.216977 0.0630983
0 2.15385e-16 0.00104384 8.18905e-05 -0.000967712 -0.000148594 0.215247 0.0639876
0 2.15385e-16 0.00126904 0.000183301 0.00112396 0.000301976 0.215971 0.0644459
0 2.15385e-16 0.000354424 2.86464e-05 -0.00280535 -0.000499297 0.215787 0.0631605
0 2.15385e-16 -0.00128156 -0.000304759 -5.22403e-06 -0.000146987 0.216631 0.0625697
0 2.15385e-16 -0.00167834 -0.000289728 -0.00230181 -0.000433546 0.217025 0.0643988
0 2.15385e-16 0.000180942 -4.48807e-05 0.000944569 0.00011707 0.215751 0.0636879
0 2.15385e-16 -0.00152108 -0.000148359 0.00205621 0.000421023 0.215939 0.0634285
0 2.15385e-16 -0.00253931 -0.000343626 0.00251687 0.000514366 0.216349 0.0640145
0 2.15385e-16 -0.000436983 -0.000108017 -0.00205032 -0.000544409 0.216672 0.0628517
0 2.15385e-16 -0.00206956 -0.000279308 0.00015636 3.49933e-05 0.215459 0.0640135
0 2.15385e-16 0.000180747 4.66763e-05 0.00106217 0.000120548 0.216137 0.0636073
0 2.15385e-16 0.00232618 0.000357118 0.000402858 -5.94308e-05 0.216618 0.0635752
0 2.15385e-16 -0.00261931 -0.000540773 -0.000542213 -0.000103442 0.21847 0.062647
0 2.15385e-16 0.00183358 0.000322166 -0.00136771 -0.000330919 0.21626 0.0630964
0 2.15385e-16 -0.00136455 -0.00020669 0.00121194 0.000332966 0.217854 0.0631529
0 2.15385e-16 0.000574467 8.21729e-05 -0.00010199 2.84742e-06 0.21603 0.0632595
0 2.15385e-16 -0.000992179 -0.000246038 0.00256927 0.000352406 0.21709 0.0636441
0 2.15385e-16 0.00103838 0.000250736 -0.00283075 -0.00051052 0.217464 0.0638868
0 2.15385e-16 0.00220222 0.000367854 0.000538741 0.000155622 0.216794 0.0632186
0 2.15385e-16 -0.000837091 -0.00016362 0.0032748 0.000577671 0.216945 0.0631732
0 2.15385e-16 -0.00125398 -0.000228862 -0.00146522 -0.00013503 0.217083 0.0637678
0 2.15385e-16 -0.00195478 -0.00038613 -0.00160987 -0.00026321 0.217348 0.0627711
0 2.15385e-16 -0.000698224 -7.10573e-05 -0.000828002 -0.00015399 0.215839 0.0635143
0 2.15385e-16 -0.00191898 -0.000468066 -0.000654314 -0.000230075 0.216455 0.0638124
0 2.15385e-16 -0.00196385 -0.00033227 0.000884751 0.000187267 0.217201 0.0629567
0 2.15385e-16 -0.000346401 -1.41797e-06 0.00163101 0.000184003 0.217562 0.0633964
0 2.15385e-16 0.00176426 0.000369644 0.00061774 6.21397e-05 0.21778 0.0635663
0 2.15385e-16 -0.00148827 -0.00022271 0.00229523 0.000312856 0.216686 0.0635405
0 2.15385e-16 -0.00193636 -0.000412529 -0.000648013 -0.000104414 0.216435 0.0638143
0 2.15385e-16 -0.000449723 -0.0001287 0.00301789 0.000306738 0.216941 0.0633115
0 2.15385e-16 0.000391675 -7.3294e-05 0.00102642 0.000179656 0.216553 0.0634101
0 2.15385e-16 -0.00211149 -0.000534159 0.000971069 6.95812e-05 0.217053 0.0635689
0 2.15385e-16 0.00119234 0.000113098 0.000525775 0.00018955 0.21672 0.0633069
0 2.15385e-16 0.00344575 0.000622167 0.00390184 0.000593128 0.216629 0.0631366
0 2.15385e-16 0.00236284 0.000542604 0.00126425 0.000213774 0.21764 0.063007
0 2.15385e-16 -0.00397409 -0.000757398 -0.000140777 2.43852e-05 0.217416 0.0630897
0 2.15385e-16 -0.00167794 -0.000341185 0.00214886 0.000388461 0.217347 0.0637924
0 2.15385e-16 -0.00337957 -0.000718589 -3.33531e-05 2.08148e-05 0.217254 0.0632926
0 2.15385e-16 0.000539469 3.01617e-05 -0.00113501 -9.44073e-05 0.217216 0.0634608
0 2.15385e-16 0.00211159 0.00039876 0.00254932 0.000491463 0.216709 0.0637739
0 2.15385e-16 0.000561184 -4.27734e-05 -0.000530067 -7.08668e-05 0.217275 0.0642798
0 2.15385e-16 -0.000803266 -8.99113e-05 0.00464055 0.000873175 0.216068 0.0635628
0 2.15385e-16 -0.000358692 -0.000138121 -0.00105059 -0.000161704 0.21589 0.062841
0 2.15385e-16 -0.00521781 -0.000893748 -3.95363e-05 -8.8709e-05 0.216237 0.0636177
0 2.15385e-16 -0.00152999 -0.000223491 0.000964122 0.000119793 0.216984 0.0630704
0 2.15385e-16 0.00166483 0.000328075 -0.000292287 8.95313e-06 0.216368 0.0635077
0 2.15385e-16 0.000573617 0.000103699 -0.000190659 0.000109643 0.216216 0.0636368
0 2.15385e-16 0.00304589 0.000637802 0.00114782 0.000152796 0.217775 0.0626096
0 2.15385e-16 0.00305013 0.000468686 0.0034671 0.000527254 0.215992 0.0637804
0 2.15385e-16 0.00147294 0.000339918 -0.00388948 -0.000762834 0.217243 0.0639475
0 2.15385e-16 -0.00185387 -0.000322775 -0.000788429 -0.00013908 0.217187 0.0632088
0 2.15385e-16 -0.000339433 -0.000145342 -0.00103312 -0.000249367 0.217178 0.0636567
0 2.15385e-16 0.000536074 6.39569e-05 -0.000494199 5.42906e-05 0.21691 0.0627966
0 2.15385e-16 0.000758645 0.000268953 -0.00085132 -5.16339e-05 0.216655 0.0636542
0 2.15385e-16 0.00216007 0.000293557 -0.00122594 -0.000102433 0.215929 0.0634181
0 2.15385e-16 -0.00175016 -0.000308367 0.00386845 0.000490151 0.216092 0.0636548
0 2.15385e-16 -0.00125148 -0.000164097 -0.00257853 -0.000288532 0.217286 0.0638593
0 2.15385e-16 0.000953779 0.000102072 -0.00383598 -0.0006916 0.217327 0.0631723
0 2.15385e-16 0.000938428 0.000150765 0.00230598 0.000339315 0.216405 0.0635139
0 2.15385e-16 -0.00350958 -0.000561729 0.00034767 3.48412e-05 0.217904 0.0627921
0 2.15385e-16 0.00024356 7.10527e-05 -0.00146398 -0.000159799 0.217296 0.0634958
0 2.15385e-16 0.00168272 0.000188789 0.00161394 0.000220249 0.216548 0.064469
0 2.15385e-16 0.00159162 8.62791e-05 -0.000877733 1.54162e-05 0.216918 0.0630625
0 2.15385e-16 -0.00477977 -0.000854916 0.00274251 0.000422081 0.216767 0.063273
0 2.15385e-16 -0.0014682 -0.000159609 -0.00227078 -0.000458766 0.216297 0.0633485
0 2.15385e-16 -0.000892724 -5.59739e-05 0.00119064 0.00022876 0.216312 0.0630061
0 2.15385e-16 0.00212275 0.000371987 -0.00557578 -0.000868732 0.217765 0.0639506
0 2.15385e-16 -0.000808411 -0.000252159 0.0010692 0.000107988 0.215441 0.0631601
0 2.15385e-16 0.000405389 4.45559e-05 -0.00164652 -0.000219841 0.215749 0.0639983
0 2.15385e-16 -0.00200264 -0.000338473 -2.32149e-05 -3.62142e-05 0.216524 0.0630698
0 2.15385e-16 0.0037502 0.00063439 0.000126543 0.000118947 0.217021 0.0635057
0 2.15385e-16 -5.15387e-06 -4.14007e-05 -0.000622636 -5.5813e-06 0.216891 0.0636175
0 2.15385e-16 0.0020504 0.000284795 -0.00113755 -0.000308778 0.215984 0.0634698
0 2.15385e-16 -1.96769e-05 -7.94046e-05 0.000910034 3.77247e-05 0.215472 0.0638435
0 2.15385e-16 -0.00243953 -0.000444813 -0.000973433 -9.92398e-05 0.217354 0.0636165
0 2.15385e-16 0.000685606 0.000163535 -0.00179337 -0.000300062 0.216974 0.0631218
0 2.15385e-16 0.00162468 0.000251434 -0.000731204 -0.000104547 0.214784 0.0636499
0 2.15385e-16 -0.00319615 -0.000667258 0.00225099 0.000373227 0.216605 0.0630557
0 2.15385e-16 -0.00193116 -0.000310691 -0.0034713 -0.000620809 0.218722 0.0640976
0 2.15385e-16 0.00097828 0.000133275 -0.0017404 -0.000328772 0.215764 0.0630646
0 2.15385e-16 -0.000261648 3.61603e-05 6.47613e-05 -4.9762e-05 0.215671 0.063494
0 2.15385e-16 0.00295717 0.000634677 -0.000755267 -0.000265738 0.217029 0.0636724
0 2.15385e-16 0.000379269 0.000114083 0.00102127 0.000352697 0.215989 0.0631136
0 2.15385e-16 0.00218346 0.000374346 0.00167566 0.000208732 0.217101 0.0627705
0 2.15385e-16 -0.000290797 2.14407e-05 0.0018153 0.000323192 0.216494 0.0636008
0 2.15385e-16 -0.000413386 -3.86495e-05 0.00114991 0.00032602 0.215656 0.0632456
0 2.15385e-16 0.00176922 0.000307714 0.0016571 0.000152879 0.216386 0.0637323
0 2.15385e-16 -0.000234486 -4.43836e-05 -0.0013251 -0.000253601 0.215946 0.0638844
0 2.15385e-16 -0.00199194 -0.000347787 0.00315834 0.00055908 0.217322 0.063198
0 2.15385e-16 0.000472916 5.85681e-05 0.00170445 0.000178262 0.216883 0.0633487
0 2.15385e-16 0.000501928 0.00011651 -0.00128813 -0.000184783 0.216425 0.0632255
0 2.15385e-16 0.00053578 0.000129991 0.000748483 0.000273785 0.217539 0.0629887
0 2.15385e-16 0.00220163 0.000406068 -0.0019681 -0.000168417 0.216201 0.0636229
0 2.15385e-16 0.00170895 0.0002657 0.00204861 0.000354417 0.216568 0.0626748
0 2.15385e-16 0.00107673 0.000257347 -7.8166e-05 -0.00019429 0.217708 0.0628191
0 2.15385e-16 0.00246539 0.000443845 -0.003311 -0.000522843 0.21726 0.0633455
0 2.15385e-16 5.35668e-05 -1.13706e-05 0.00152396 0.000359158 0.216188 0.0631786
0 2.15385e-16 0.000740809 0.000104619 0.00115965 0.000259252 0.21594 0.0630654
0 2.15385e-16 0.00185646 0.000338605 0.000953231 6.02763e-05 0.217556 0.0637973
0 2.15385e-16 -0.000163191 -4.57179e-07 -0.000664573 -0.000222231 0.21539 0.0633158
0 2.15385e-16 0.00136309 0.000209682 0.00130524 0.000217196 0.216992 0.0627188
0 2.15385e-16 -0.000106437 2.58127e-05 0.00149603 0.000273052 0.217631 0.0636645
0 2.15385e-16 -0.00145668 -0.000131624 -0.000270981 -9.80747e-05 0.21574 0.0641781
0 2.15385e-16 0.00466873 0.000791145 -0.00280998 -0.000344774 0.217634 0.0637871
0 2.15385e-16 0.000317626 0.000202684 0.000870865 0.000241309 0.216312 0.062932
0 2.15385e-16 -0.00371845 -0.00059121 -0.000172795 2.79286e-05 0.216092 0.0638936
0 2.15385e-16 0.000165075 7.46785e-05 -0.00128404 -0.000173656 0.215293 0.0628221
0 2.15385e-16 0.00103676 0.000143993 -0.00041166 -7.66614e-05 0.21713 0.0628199
0 2.15385e-16 0.0001505 0.000106732 -0.00139412 -0.000246089 0.216367 0.0638763
0 2.15385e-16 0.000905129 0.000152256 0.00186265 0.000192322 0.216389 0.0636342
0 2.15385e-16 0.002216 0.000437292 0.0006666 0.000100976 0.218189 0.0634048
0 2.15385e-16 0.00211905 0.00027002 -0.000794687 -1.71855e-05 0.215955 0.0637302
0 2.15385e-16 0.00169513 0.000378927 0.000694344 0.000227632 0.216934 0.0633032
0 2.15385e-16 0.000373523 8.54338e-06 -0.00221092 -0.000365968 0.215645 0.0634536
0 2.15385e-16 0.00500039 0.000726485 -0.00045645 -0.000111524 0.216357 0.0630145
0 2.15385e-16 -0.000303108 -2.47298e-05 0.00166901 0.000176231 0.215913 0.0639815
0 2.15385e-16 0.000564234 6.56589e-05 -0.00146423 -0.000271698 0.217559 0.0634774
0 2.15385e-16 -0.000390941 -0.000103695 0.000867108 0.000115201 0.216137 0.0637231
0 2.15385e-16 0.000700075 0.00020036 -0.00106495 -9.58559e-05 0.217581 0.0635189
0 2.15385e-16 0.000787887 0.000134703 -0.00102434 -0.000189144 0.216535 0.0630222
0 2.15385e-16 0.000712084 1.92253e-05 0.000676247 -1.10265e-05 0.217352 0.0628518
0 2.15385e-16 -0.000931717 -0.000148805 -0.000870147 -7.89211e-05 0.216635 0.0630954
0 2.15385e-16 -0.0014326 -0.000228341 0.00294169 0.000365742 0.2158 0.063808
0 2.15385e-16 0.00129372 0.000194625 -0.00455805 -0.000767147 0.218705 0.0638783
0 2.15385e-16 0.00018681 0.000198693 0.000923266 0.000336389 0.217058 0.063033
0 2.15385e-16 0.000336603 -5.0541e-05 -0.000583639 -2.13015e-05 0.216934 0.063177
0 2.15385e-16 -0.00158188 -0.000207873 -0.00610079 -0.000886181 0.217619 0.0639626
0 2.15385e-16 -0.00275227 -0.000342229 -0.000201095 -8.02483e-05 0.216933 0.064184
0 2.15385e-16 -0.00257971 -0.000495756 -0.00419393 -0.00056513 0.21713 0.0638463
0 2.15385e-16 -0.000483637 -9.0715e-05 0.000157668 -3.90009e-05 0.2174 0.0629852
0 2.15385e-16 0.000309629 6.96751e-05 -0.00502906 -0.000785644 0.218258 0.0637611
0 2.15385e-16 0.00121683 0.000312495 0.00362093 0.000593308 0.216192 0.0638476
0 2.15385e-16 -0.0019208 -0.000313083 0.00147412 0.000277802 0.217202 0.0639164
0 2.15385e-16 -0.00172737 -0.000250155 0.00210092 0.000219046 0.216424 0.0630956
0 2.15385e-16 0.00358121 0.000613871 -0.00147302 -0.000199446 0.216868 0.0624786
0 2.15385e-16 -0.00100181 -8.51214e-05 0.00260194 0.000422748 0.216518 0.0637307
0 2.15385e-16 0.00138064 0.000370111 -0.00153666 -0.000278349 0.21831 0.0631759
0 2.15385e-16 -0.0018979 -0.000333424 -0.000271651 -7.87735e-05 0.217155 0.0631279
0 2.15385e-16 0.00211245 0.000407232 -0.00121481 -0.000160757 0.217363 0.0631396
0 2.15385e-16 0.00158883 0.000282659 -0.00186743 -0.000227378 0.21647 0.0630208
0 2.15385e-16 -0.00097967 -0.000233872 -0.00244263 -0.000356837 0.216389 0.0640429
0 2.15385e-16 -0.00141043 -0.000284309 0.00152636 0.000104164 0.216636 0.0628314
0 2.15385e-16 0.000591356 0.000180697 -0.0011639 -0.000328587 0.215451 0.0631577
0 2.15385e-16 -0.00431644 -0.000752105 0.00172207 0.000240942 0.216464 0.0634583
0 2.15385e-16 -0.000148154 5.51373e-05 -0.00197051 -0.000378766 0.216625 0.0632559
0 2.15385e-16 0.0012276 0.000194868 0.00365647 0.000470271 0.217777 0.063094
0 2.15385e-16 0.000838629 8.09648e-05 0.00189135 0.000228368 0.216574 0.0633038
0 2.15385e-16 0.000728271 0.000112026 7.49026e-05 3.51793e-05 0.21601 0.0633247
0 2.15385e-16 -0.00206705 -0.000356347 -0.0011626 -7.86632e-05 0.216507 0.0635278
0 2.15385e-16 0.00237159 0.000381161 -0.00156744 -0.000110484 0.21751 0.0632901
0 2.15385e-16 0.000548462 0.000263678 0.00134597 8.52957e-05 0.215875 0.062933
0 2.15385e-16 -0.0022343 -0.000503426 -0.000705566 -0.000109649 0.217001 0.0636724
0 2.15385e-16 0.00203668 0.000557855 0.00154937 0.000178173 0.216286 0.062818
0 2.15385e-16 -0.000368359 -9.86862e-05 0.000935189 0.000175365 0.217107 0.0634343
0 2.15385e-16 -0.00204994 -0.000346267 -0.000838668 -0.000157208 0.216897 0.0633899
0 2.15385e-16 -0.00609747 -0.001121 -0.00262869 -0.000461046 0.217974 0.0631068
0 2.15385e-16 0.000181324 -2.50033e-05 -0.000515969 8.32517e-06 0.214904 0.0635842
0 2.15385e-16 0.00123289 0.000182953 0.000750999 0.000197145 0.216032 0.0625237
0 2.15385e-16 -0.00210111 -0.000511557 0.00121238 0.000340404 0.21629 0.0636162
0 2.15385e-16 0.000447452 6.80445e-05 -0.000481676 -0.000277511 0.215749 0.0632092
0 2.15385e-16 -0.00180106 -0.000334798 -0.000256783 -8.91229e-05 0.216942 0.0627527
0 2.15385e-16 0.000220771 4.06708e-05 9.93477e-05 -4.21703e-05 0.217233 0.0627225
0 2.15385e-16 0.00187187 0.000241796 -0.00129296 -0.000226984 0.216072 0.0628622
0 2.15385e-16 -0.00156781 -0.000219243 -0.00543619 -0.000784662 0.217854 0.064012
0 2.15385e-16 0.000908956 0.000185601 -0.00432054 -0.000665964 0.217117 0.0637801
0 2.15385e-16 0.000263074 -1.37331e-05 0.00319941 0.00046817 0.217543 0.0633696
0 2.15385e-16 -0.00271537 -0.000361987 0.000573905 -9.21062e-05 0.217333 0.0630179
0 2.15385e-16 0.00262589 0.000482888 0.00175257 0.00023734 0.217321 0.0627661
0 2.15385e-16 0.000558002 0.00018782 0.00479938 0.000670166 0.216217 0.0629074
0 2.15385e-16 -0.000809584 -0.000120077 -0.000494308 -2.07911e-05 0.215709 0.0629247
0 2.15385e-16 0.000966901 0.000216371 0.00192523 0.000388242 0.218125 0.0629429
0 2.15385e-16 -0.000370129 2.42789e-05 0.00111627 0.00014083 0.216579 0.0636435
0 2.15385e-16 -0.000798174 -0.000222253 -0.00342608 -0.000578151 0.218092 0.0636544
0 2.15385e-16 0.00112844 7.40786e-05 -0.000607594 -3.20417e-05 0.216598 0.062966
0 2.15385e-16 0.0043028 0.000612876 -0.000441772 -0.000136641 0.21678 0.0634403
0 2.15385e-16 0.000201279 -8.47189e-05 0.00152884 0.000189327 0.216237 0.0630148
0 2.15385e-16 0.000457074 9.7245e-05 -0.00145692 -0.000148907 0.217555 0.0639098
0 2.15385e-16 0.00191066 0.000228663 -0.00224203 -0.000486702 0.216563 0.0635829
0 2.15385e-16 -9.56976e-05 2.94189e-05 0.00272379 0.00036584 0.216455 0.0632025
0 2.15385e-16 -0.00114568 -7.93264e-05 0.000388451 3.77978e-05 0.215198 0.063402
0 2.15385e-16 0.000555479 7.65006e-05 -0.00206758 -0.000286914 0.21776 0.0631293
0 2.15385e-16 -0.00121657 -0.000301712 -0.00107254 -0.000198705 0.21686 0.0632341
0 2.15385e-16 -0.000744761 -0.000154682 -0.00340531 -0.000668926 0.217613 0.0633859
0 2.15385e-16 1.93766e-05 0.000113782 -0.00111371 -0.000104076 0.217083 0.0637539
0 2.15385e-16 0.00371275 0.000497921 0.00194156 0.000139561 0.218011 0.0633268
0 2.15385e-16 0.00395704 0.000657264 -0.000692421 2.19382e-05 0.216873 0.0630762
0 2.15385e-16 0.000461754 8.38563e-05 3.23339e-05 5.55756e-05 0.214665 0.0625817
0 2.15385e-16 -0.0010876 -0.000138906 -0.000209259 -0.000137381 0.217453 0.0631778
0 2.15385e-16 -0.000292969 7.55662e-05 0.00100799 0.000135651 0.215 0.0633898
0 2.15385e-16 0.00242693 0.000508138 -0.00265092 -0.000521788 0.217013 0.0628454
0 2.15385e-16 -0.00432883 -0.000644521 -0.00109872 -0.000247471 0.218158 0.0635408
0 2.15385e-16 0.000764302 0.000222064 -0.000346912 9.15791e-05 0.216677 0.0632001
0 2.15385e-16 -0.00195089 -0.000380539 0.00110872 0.000213817 0.216459 0.063255
0 2.15385e-16 -0.00161775 -0.000450188 -0.000691484 -0.000239202 0.217186 0.0629985
0 2.15385e-16 -0.002758 -0.000473725 0.00141483 9.77677e-05 0.217635 0.06433
0 2.15385e-16 0.00223716 0.000342084 0.00167008 0.000153377 0.21684 0.0637289
0 2.15385e-16 -0.00113695 -0.000232309 0.00197391 0.000329456 0.216238 0.0633973
0 2.15385e-16 0.00268479 0.000345948 -0.000646675 3.16453e-05 0.216735 0.0635405
0 2.15385e-16 -0.00158884 -0.000345651 0.00169545 0.000352624 0.216091 0.0636078
0 2.15385e-16 -0.00356727 -0.000561617 -0.0038418 -0.00072134 0.218472 0.0640841
0 2.15385e-16 0.00286141 0.000405742 -0.00487654 -0.000781405 0.218241 0.0629789
0 2.15385e-16 -0.000616333 -0.000105191 0.00226061 0.000451144 0.216401 0.0631667
0 2.15385e-16 0.00319916 0.000598795 0.00167853 0.00025853 0.216341 0.0630163
0 2.15385e-16 -0.00282588 -0.000412866 0.00170095 8.31161e-05 0.217228 0.0636486
0 2.15385e-16 7.40763e-05 -9.56098e-05 -0.000315894 -6.02581e-05 0.217206 0.0629952
0 2.15385e-16 -5.07056e-05 4.10502e-06 -0.00200892 -0.000385904 0.217509 0.0631525
0 2.15385e-16 -0.00114029 -0.000235042 0.000727282 0.000114329 0.217165 0.0640709
0 2.15385e-16 -9.50948e-05 8.7211e-05 -0.00141526 -0.000193203 0.215474 0.0636363
0 2.15385e-16 -0.0036085 -0.000587685 -0.00210813 -0.00033074 0.2174 0.0630775
0 2.15385e-16 -0.0015355 -0.000240188 0.000312166 7.65532e-05 0.217528 0.0638176
0 2.15385e-16 0.000829888 0.000105748 0.000614197 0.000119793 0.216453 0.063406
0 2.15385e-16 -0.00176556 -0.00034391 0.00077822 0.000136744 0.217308 0.0634961
0 2.15385e-16 0.00136498 0.000210593 0.00170327 0.000243748 0.216147 0.0635149
0 2.15385e-16 -7.40404e-05 2.39378e-05 -0.00130706 -0.000233252 0.21594 0.0636474
0 2.15385e-16 0.00114207 1.13995e-05 -0.000789925 4.69983e-05 0.215214 0.0638268
0 2.15385e-16 -0.00104894 -0.000215855 0.00312639 0.000572264 0.216556 0.062325
0 2.15385e-16 0.00141779 0.00037646 -0.00227928 -0.000368859 0.217616 0.0633407
0 2.15385e-16 0.00131435 0.000258683 -0.0019736 -0.000270956 0.217567 0.0632886
0 2.15385e-16 -0.00185671 -0.000313832 0.00129877 2.20814e-05 0.217177 0.0641567
0 2.15385e-16 -3.88654e-05 0.00013207 -0.000569764 -0.000152811 0.216849 0.0632779
0 2.15385e-16 -0.000191383 8.26164e-05 0.000807381 0.000122727 0.215475 0.0634304
0 2.15385e-16 -0.000457742 -0.00011413 0.00091613 0.000199572 0.215019 0.0631003
0 2.15385e-16 -0.000188262 5.26126e-05 0.00106258 0.000186882 0.216915 0.0628934
0 2.15385e-16 0.00157699 0.000292309 -0.00057842 -0.000257375 0.215764 0.0631331
0 2.15385e-16 -0.0014272 -0.000352014 0.00280556 0.000369157 0.216611 0.0635419
0 2.15385e-16 -0.00164578 -0.00038303 0.000784112 0.00013248 0.216087 0.0639303
0 2.15385e-16 0.000689458 5.89602e-05 -0.00131278 -0.000258036 0.215373 0.06351
0 2.15385e-16 0.00311661 0.000535397 0.00125425 0.000255836 0.216126 0.063527
0 2.15385e-16 -0.00253517 -0.000348298 0.00307854 0.000565239 0.215763 0.0634232
0 2.15385e-16 -0.00034722 -4.43012e-05 -0.00114032 -8.65652e-05 0.217195 0.0626495
0 2.15385e-16 0.000681127 0.00010234 -0.00137407 -0.000208135 0.217119 0.0637479
0 2.15385e-16 -0.00172709 -0.000267023 0.000754423 0.00015348 0.216415 0.0631416
0 2.15385e-16 0.000969869 0.000258638 -0.000186847 1.09309e-05 0.217688 0.0629529
0 2.15385e-16 -0.000365969 -0.000121113 0.00118653 0.000211927 0.216234 0.0634617
0 2.15385e-16 -0.00244701 -0.000375353 -0.000483661 -0.000135169 0.217009 0.0642126
0 2.15385e-16 -0.00017861 -9.75783e-05 -0.00120303 -0.000208527 0.218365 0.0626326
0 2.15385e-16 0.00063859 0.00016621 0.00227359 0.00037035 0.218065 0.0639133
0 2.15385e-16 0.00142067 0.000232483 0.00198515 0.000431113 0.217145 0.063286
0 2.15385e-16 -0.00189201 -0.000369792 -0.0011702 -0.000257445 0.218018 0.0636425
0 2.15385e-16 0.000572805 0.000141943 0.000902475 0.000198515 0.21559 0.0628343
0 2.15385e-16 0.000391937 0.000128232 -0.00434141 -0.000853062 0.217901 0.0630396
0 2.15385e-16 0.00335875 0.000579696 -0.000694873 -0.000141125 0.217084 0.063684
0 2.15385e-16 -0.000125035 2.89203e-05 0.00218124 0.000450685 0.216271 0.0637374
0 2.15385e-16 -0.00254264 -0.000446477 -0.00214832 -0.000296916 0.216343 0.064187
0 2.15385e-16 0.00317365 0.000663999 0.000240077 9.25374e-05 0.216713 0.0634734
0 2.15385e-16 0.00178177 0.000318614 -0.00102467 -2.69959e-05 0.215737 0.0632606
0 2.15385e-16 -0.00149526 -0.00041871 -0.00172866 -0.000212203 0.217425 0.0635641
0 2.15385e-16 0.00316161 0.000467265 0.00111788 0.000215183 0.216823 0.0635814
0 2.15385e-16 -0.000579004 -7.27106e-05 -0.000748167 -0.000210555 0.216918 0.0634473
0 2.15385e-16 0.000476917 8.11324e-05 0.000329182 0.000107658 0.21595 0.0628635
0 2.15385e-16 -0.00421472 -0.000604626 -0.00118836 -8.53016e-05 0.217179 0.0640093
0 2.15385e-16 0.00201252 0.000369349 -0.00410815 -0.000651733 0.217425 0.0634243
0 2.15385e-16 -0.000642019 -3.52457e-05 0.000134766 0.000124602 0.215864 0.0631311
0 2.15385e-16 0.000602454 0.000125977 0.000728136 0.000122132 0.216616 0.0629433
0 2.15385e-16 0.00244846 0.000518546 0.000328267 5.98173e-05 0.216242 0.0629769
0 2.15385e-16 -0.00346699 -0.000659122 -0.00344809 -0.000402303 0.21672 0.0638099
0 2.15385e-16 0.000995709 0.000163838 0.00134866 0.000212931 0.216358 0.0640089
0 2.15385e-16 0.000632547 0.000299472 -0.00152112 -0.000310815 0.216187 0.0638876
0 2.15385e-16 -0.00192378 -0.000368321 -0.00151578 -0.000294017 0.216972 0.0631414
0 2.15385e-16 0.000560231 6.49175e-05 0.00173425 0.000265323 0.216006 0.0630776
0 2.15385e-16 -0.00235445 -0.000405473 -0.00132194 -0.000179128 0.218362 0.0635561
0 2.15385e-16 -0.00124286 -0.000170417 -0.000257617 -3.93686e-06 0.216237 0.063878
0 2.15385e-16 0.000118139 0.000125525 0.00148856 0.00025924 0.216379 0.0627683
0 2.15385e-16 -0.00262519 -0.000465979 0.000107632 8.81508e-05 0.217436 0.0639911
0 2.15385e-16 0.00209131 0.000381096 0.0015004 0.000319725 0.217274 0.0634417
0 2.15385e-16 0.00213814 0.000416537 -0.00217715 -0.000335891 0.217566 0.0633236
0 2.15385e-16 -0.000659844 -9.62948e-05 0.000432274 5.46382e-05 0.216268 0.063719
0 2.15385e-16 -0.000641649 -0.000153101 0.000767193 7.91581e-05 0.215888 0.0632904
0 2.15385e-16 -7.53955e-05 0.000115477 0.00177996 0.000296151 0.216352 0.0636967
0 2.15385e-16 0.000451681 0.000305757 0.00134987 0.000221561 0.218313 0.0630182
0 2.15385e-16 0.00107248 0.000145836 0.00268035 0.000341898 0.216815 0.0632764
0 2.15385e-16 -0.00119843 -0.000272228 -6.96299e-05 -1.27302e-05 0.21771 0.0621139
0 2.15385e-16 0.00273546 0.000504626 0.000118173 3.70085e-05 0.216117 0.0637166
0 2.15385e-16 -0.0028023 -0.000538056 -0.000683257 1.50042e-05 0.217153 0.0639087
0 2.15385e-16 0.000697714 0.000192616 0.000153417 3.04909e-05 0.216007 0.0633185
0 2.15385e-16 0.00230908 0.000376373 -3.70658e-05 -6.29756e-05 0.216282 0.0636095
0 2.15385e-16 -0.000176854 -0.000130666 -0.00155391 -0.000171338 0.216337 0.0640579
0 2.15385e-16 -0.000568238 -0.000192786 -0.00133855 -0.00018182 0.21652 0.0632889
0 2.15385e-16 0.00212065 0.000437219 -0.00326142 -0.000537055 0.216529 0.0629586
0 2.15385e-16 -0.000758864 -0.000201613 0.00130354 0.000101879 0.216611 0.063141
0 2.15385e-16 -0.00117255 -0.000246615 -0.000771454 -0.000162441 0.216592 0.0632802
0 2.15385e-16 0.00109302 0.000125442 -0.00188917 -0.000388747 0.217115 0.0640066
0 2.15385e-16 0.00221404 0.00034088 -0.000898895 -7.21689e-05 0.216759 0.0625991
0 2.15385e-16 -0.00114227 -0.000166239 0.000404277 -1.75755e-05 0.217104 0.0628841
0 2.15385e-16 -2.88583e-05 -2.79454e-06 -0.000444662 3.97828e-05 0.217334 0.0631113
0 2.15385e-16 0.00247568 0.000493856 0.00036763 1.79486e-05 0.216774 0.0640245
0 2.15385e-16 -0.000789971 -0.000138862 0.00070402 0.000254595 0.216461 0.0628316
0 2.15385e-16 0.00361716 0.000726726 0.00225228 0.000402542 0.21792 0.0626376
0 2.15385e-16 -0.00103225 -9.71742e-05 1.0814e-05 0.000134074 0.217007 0.0631495
0 2.15385e-16 -0.0004096 -0.000176978 -0.00172625 -0.000127122 0.217931 0.0634576
0 2.15385e-16 0.000603489 0.000129384 0.0030743 0.000498467 0.216941 0.0633934
0 2.15385e-16 0.00160607 0.000251163 -0.00254804 -0.000534425 0.216767 0.0627248
0 2.15385e-16 0.000705264 0.000197429 -0.000919781 -0.000118888 0.216858 0.0631105
0 2.15385e-16 0.00186885 0.000276023 0.00183939 0.000318169 0.216946 0.0631269
0 2.15385e-16 0.00156551 0.000160197 -0.000822988 -0.000219436 0.215591 0.0630053
0 2.15385e-16 0.000149488 1.11748e-05 0.000834342 0.000210851 0.216713 0.0632221
0 2.15385e-16 -0.00200617 -0.000512109 -0.00368447 -0.000649318 0.21847 0.0643034
0 2.15385e-16 -0.00129773 -0.000158609 -4.3352e-05 -0.000141485 0.21699 0.0635108
0 2.15385e-16 0.000409691 3.54464e-05 0.000248944 1.4357e-05 0.215663 0.0634552
0 2.15385e-16 0.00101128 6.09449e-05 -0.00293683 -0.000477703 0.216251 0.0631809
0 2.15385e-16 0.00115808 0.000384012 0.00110986 0.000159068 0.215939 0.0627804
0 2.15385e-16 0.00113586 0.000204699 0.00276893 0.000451247 0.217117 0.063288
0 2.15385e-16 0.00103359 0.000158209 -0.00192963 -0.00012926 0.217025 0.0637054
0 2.15385e-16 0.00215811 0.000243172 -0.000648648 -0.000179501 0.216501 0.0638612
0 2.15385e-16 -0.00222048 -0.000315782 -0.00165625 -0.000298006 0.217432 0.0638188
0 2.15385e-16 -0.00222812 -0.000353146 -0.0011996 -9.29833e-05 0.216729 0.0642805
0 2.15385e-16 0.00256234 0.000481337 -0.000779989 -0.000102055 0.216828 0.0629474
0 2.15385e-16 0.000809923 0.000248139 0.000648343 4.7089e-05 0.215703 0.062681
0 2.15385e-16 -0.00228294 -0.000341045 0.0013389 0.000274517 0.216355 0.0642881
0 2.15385e-16 -0.00229871 -0.00044645 0.00385173 0.000524041 0.215162 0.0632493
0 2.15385e-16 0.0021771 0.000383619 0.000490534 0.000174047 0.216892 0.0632779
0 2.15385e-16 0.000449236 0.000208955 -0.000974938 -0.000187093 0.217285 0.0635887
0 2.15385e-16 0.000197999 3.18356e-06 -8.05738e-05 3.93191e-05 0.215576 0.0632544
0 2.15385e-16 -0.00183807 -0.000265078 -0.00158092 -0.000316157 0.217994 0.0633029
0 2.15385e-16 0.00129013 0.000201205 -0.00212911 -0.000299196 0.216937 0.0642169
0 2.15385e-16 -0.00275869 -0.000492107 -0.000745814 -0.000116612 0.217654 0.0639401
0 2.15385e-16 -0.00106375 -0.000185165 -0.0018752 -0.000182115 0.217193 0.063458
0 2.15385e-16 0.00288001 0.000460484 0.00288965 0.000527165 0.216836 0.0631114
0 2.15385e-16 0.00157125 0.000328719 -0.00156126 -0.000222239 0.21768 0.0625374
0 2.15385e-16 -0.000160039 -6.34797e-05 0.00231854 0.000233199 0.215476 0.0630616
0 2.15385e-16 0.000210742 3.72525e-05 0.000709539 0.000195669 0.215799 0.0632333
0 2.15385e-16 0.000179129 -3.07075e-05 -0.000707428 -1.35924e-05 0.215795 0.0638013
0 2.15385e-16 -0.00159543 -0.000259558 -0.00271925 -0.000365852 0.218349 0.063559
0 2.15385e-16 -0.00110772 -0.00034274 0.00206119 9.73462e-05 0.216476 0.0630874
0 2.15385e-16 0.000845295 0.000108117 -0.000365551 3.7999e-06 0.216316 0.0632447
0 2.15385e-16 0.00105136 0.000250477 -0.00150448 -0.000213161 0.217038 0.0631872
0 2.15385e-16 -0.001501 -0.000257374 0.00147767 0.000265913 0.216893 0.0638082
0 2.15385e-16 -0.0017977 -0.000301257 0.0017373 0.000115838 0.217073 0.0632947
0 2.15385e-16 0.00111809 0.000157433 -2.18197e-06 3.96702e-05 0.216374 0.0625972
0 2.15385e-16 -0.00220708 -0.000418342 -0.000981026 -7.56318e-05 0.217378 0.0632701
0 2.15385e-16 -0.000674453 -0.000152291 -0.00112011 -0.000153803 0.215437 0.0638251
0 2.15385e-16 -0.00182452 -0.000367572 0.00117083 0.000265153 0.216603 0.0625577
0 2.15385e-16 0.00257393 0.000423285 -0.000626403 -3.68675e-05 0.216818 0.0629885
0 2.15385e-16 0.00199724 0.000414442 0.000782995 8.4168e-05 0.216236 0.0634242
0 2.15385e-16 -8.57249e-05 -8.8252e-05 0.000784055 7.86392e-05 0.215642 0.0631103
0 2.15385e-16 -0.00160544 -0.000354386 -0.00214429 -0.000472561 0.217303 0.0639402
0 2.15385e-16 -0.000864086 -0.000111518 0.000582371 0.000254042 0.216106 0.063338
0 2.15385e-16 -0.00364573 -0.000698357 0.0013345 0.000204837 0.217788 0.0641556
0 2.15385e-16 0.00130935 0.000290826 -0.00185131 -0.000258243 0.216003 0.0627964
0 2.15385e-16 0.000872108 0.000258409 0.00120855 0.000134376 0.217516 0.0630214
0 2.15385e-16 0.00217718 0.000322235 -0.0024518 -0.000353495 0.217236 0.0635978
0 2.15385e-16 0.000706332 0.000102856 0.00437898 0.000694579 0.217002 0.0629377
0 2.15385e-16 -0.00335646 -0.000682474 -0.00348192 -0.000619619 0.217726 0.0630604
0 2.15385e-16 0.00200811 0.000364852 0.000296359 0.000135605 0.217123 0.0635697
0 2.15385e-16 -0.00359556 -0.000624725 -0.00253227 -0.000513915 0.216955 0.0634434
0 2.15385e-16 0.00522036 0.000968882 -0.0014245 -0.000200285 0.217001 0.0637467
0 2.15385e-16 0.00150126 0.000230365 -0.00038627 -7.81739e-05 0.217238 0.0636363
0 2.15385e-16 0.00105648 0.000114969 -0.00231175 -0.000435496 0.215904 0.0630375
0 2.15385e-16 -0.000325745 -0.000108991 0.00193432 0.000242612 0.216691 0.0627562
0 2.15385e-16 -0.00108871 -0.000214937 0.00274692 0.000242619 0.217258 0.0638693
0 2.15385e-16 0.00199421 0.000203337 -0.00237765 -0.000294794 0.215518 0.0629075
0 2.15385e-16 -0.00184169 -0.000315533 0.000293956 -5.88663e-05 0.217266 0.0632688
0 2.15385e-16 -6.78439e-05 -0.000134392 0.00206054 0.000226116 0.2173 0.0639407
0 2.15385e-16 -0.000234894 -7.2015e-05 0.0010013 0.000155411 0.215751 0.063136
0 2.15385e-16 0.00115003 0.000253325 0.00204006 0.000309764 0.216327 0.0639102
0 2.15385e-16 9.14721e-05 -5.74179e-05 0.00109922 0.000303101 0.216684 0.0631783
0 2.15385e-16 0.000332945 0.000141074 0.00162954 0.000399581 0.216318 0.0630302
0 2.15385e-16 0.00105763 0.000359702 -0.000994135 -0.000121694 0.21696 0.0634103
0 2.15385e-16 0.000938177 0.000115284 -0.000328442 -0.000134095 0.216977 0.0632375
0 2.15385e-16 -0.00112674 -0.000340073 0.000149744 -9.22743e-05 0.217059 0.0640011
0 2.15385e-16 -0.000917896 -0.00026236 0.00107002 0.000119151 0.217549 0.0629086
0 2.15385e-16 0.00144044 0.000160722 0.000325365 4.99057e-05 0.217319 0.062557
0 2.15385e-16 0.00307479 0.000504842 -0.00183131 -0.000344011 0.215813 0.0642304
0 2.15385e-16 0.000464731 -0.000141347 0.00389662 0.000642729 0.21658 0.0630586
0 2.15385e-16 -0.00339819 -0.000637264 0.000192378 0.000103651 0.215986 0.0634134
0 2.15385e-16 -0.000627331 -0.000207136 -0.00211786 -0.000288836 0.21827 0.0634475
0 2.15385e-16 0.00261389 0.000354055 -0.000508914 -0.000137463 0.215929 0.0635631
0 2.15385e-16 0.00162289 0.00027403 0.000480619 -2.0717e-05 0.216339 0.0634306
0 2.15385e-16 -0.00190781 -0.000353835 0.000211711 7.22709e-05 0.217367 0.0633927
0 2.15385e-16 0.00095185 0.000216778 0.00188331 0.000191293 0.216995 0.0635058
0 2.15385e-16 -0.000122277 0.000110461 -0.00161484 -0.000249517 0.218224 0.0632916
0 2.15385e-16 0.00214908 0.000455692 -0.000340265 -1.78906e-05 0.216149 0.0636642
0 2.15385e-16 0.000847522 0.000145429 0.00356279 0.000650833 0.21666 0.0623666
0 2.15385e-16 -0.00285536 -0.000586809 -0.000784048 -0.000114448 0.218296 0.0644494
0 2.15385e-16 0.00119026 0.000255775 0.00113225 0.000154708 0.216689 0.0637752
0 2.15385e-16 0.000905706 1.11715e-05 -0.00117578 -0.00024526 0.216333 0.0633684
0 2.15385e-16 0.00136976 0.000345524 0.000921572 4.72436e-05 0.215864 0.064032
0 2.15385e-16 0.00279634 0.000408844 -0.000134022 1.45462e-05 0.216543 0.0633408
0 2.15385e-16 -0.00127537 -0.000231767 -3.34612e-05 -9.58203e-05 0.216526 0.0632717
0 2.15385e-16 0.0010594 8.40757e-06 0.0019226 0.000235409 0.215732 0.0638677
0 2.15385e-16 -0.000463603 2.99407e-06 0.00122911 0.000193817 0.216528 0.0632049
0 2.15385e-16 -0.00379126 -0.000608697 0.000771448 9.05552e-05 0.217226 0.0642701
0 2.15385e-16 -0.00140705 -0.000218623 0.00154629 0.000270821 0.216511 0.0635152
0 2.15385e-16 0.000477075 1.09489e-05 0.00112357 0.000195547 0.217378 0.0635136
0 2.15385e-16 -0.000918002 -0.000201596 0.00149746 0.000241736 0.217325 0.064042
0 2.15385e-16 0.00326745 0.000635026 0.000629587 0.000320992 0.217749 0.0627396
0 2.15385e-16 0.00043217 6.12017e-05 0.0013943 0.000292856 0.217182 0.0636328
0 2.15385e-16 -0.000904256 -0.000138187 -0.000185666 -0.000117753 0.216277 0.0629419
0 2.15385e-16 0.00365782 0.000643471 0.0013757 0.000118132 0.218089 0.0631117
0 2.15385e-16 -0.000467559 -7.00054e-05 0.00234553 0.000379486 0.217618 0.0626956
0 2.15385e-16 -0.0011813 -0.000242545 0.00199114 0.000342717 0.215451 0.0632767
0 2.15385e-16 0.00184051 0.000401852 0.00121261 0.000197693 0.216943 0.0626729
0 2.15385e-16 -0.000307056 -9.27787e-05 0.00159408 0.000271876 0.216985 0.0635154
0 2.15385e-16 -0.00392766 -0.000667588 -0.0014531 -0.0002103 0.217093 0.0638808
0 2.15385e-16 -0.00164563 -0.000215764 0.000209205 0.000131063 0.217147 0.0632269
0 2.15385e-16 0.00285837 0.000522471 -0.00158159 -0.000343926 0.217792 0.0639486
0 2.15385e-16 0.0011321 0.000237721 -0.00218456 -0.000326097 0.217758 0.0626408
0 2.15385e-16 -0.000980322 -0.000278238 0.00248698 0.000367204 0.215696 0.063444
0 2.15385e-16 -0.00115858 -0.000244421 0.0031135 0.000550707 0.217716 0.0635348
0 2.15385e-16 -0.00340257 -0.000533344 -0.00184838 -0.000241297 0.216468 0.0636445
0 2.15385e-16 0.00112574 0.000238023 0.00133225 0.000306902 0.217073 0.0636155
0 2.15385e-16 0.000759225 0.000120181 8.88491e-05 -6.40737e-06 0.217607 0.0631044
0 2.15385e-16 -0.000273048 -0.000129896 0.00566408 0.000825719 0.217307 0.0635352
0 2.15385e-16 8.67749e-05 -6.88131e-06 0.00044885 0.000102208 0.216134 0.0632764
0 2.15385e-16 -0.00129162 -0.000155073 0.00241514 0.000391035 0.215762 0.063873
0 2.15385e-16 0.00176457 0.00031968 0.000437748 0.000107174 0.216754 0.0628665
0 2.15385e-16 -0.000451027 -3.9943e-05 0.00183953 0.000182338 0.215957 0.0632344
0 2.15385e-16 -0.000180366 -4.26629e-05 -0.00376163 -0.000640527 0.217457 0.0635071
0 2.15385e-16 3.76771e-06 4.40546e-05 0.00142414 7.14004e-05 0.216614 0.0635561
0 2.15385e-16 0.00048848 0.000150477 0.00137763 0.0002979 0.215787 0.0630515
0 2.15385e-16 -0.00239828 -0.000479473 -3.90873e-05 -1.22974e-05 0.217828 0.0632686
0 2.15385e-16 0.00556403 0.00101323 0.00153998 0.000332625 0.217913 0.0628151
0 2.15385e-16 0.00106282 7.10761e-05 -0.00165204 -0.000448828 0.217061 0.0636042
0 2.15385e-16 -0.000204621 4.58054e-06 0.00128047 0.000193395 0.215708 0.0640863
0 2.15385e-16 0.0026858 0.000403957 -0.00176493 -0.000289755 0.216163 0.0633619
0 2.15385e-16 0.000509185 -5.98845e-05 -0.000178418 -1.87216e-05 0.215466 0.063125
0 2.15385e-16 0.0027003 0.000398433 0.00356929 0.000425086 0.217095 0.0635418
0 2.15385e-16 -0.00169788 -0.000201418 -0.000506136 -1.61309e-05 0.216189 0.0636457
0 2.15385e-16 -0.000847916 -8.49159e-05 0.00267392 0.000287651 0.216671 0.0624358
0 2.15385e-16 -0.000839591 -0.000185614 0.0018296 0.000293151 0.217105 0.0628172
0 2.15385e-16 0.00120185 0.000257545 0.00128752 0.000264599 0.215649 0.0626911
0 2.15385e-16 -0.000821729 -0.000147557 -0.0022468 -0.000161139 0.216276 0.0642378
0 2.15385e-16 -0.00327711 -0.000539026 3.60815e-05 -9.9776e-05 0.217327 0.0634395
0 2.15385e-16 0.00135232 0.000208782 0.0010858 0.000133407 0.217194 0.0631985
0 2.15385e-16 0.00065686 -1.10368e-05 -0.00096771 -0.000196634 0.216865 0.0638275
0 2.15385e-16 0.00217204 0.000357379 0.000393316 2.66503e-05 0.216062 0.0635088
0 2.15385e-16 0.00296596 0.000440872 -0.000620574 -0.000160985 0.217852 0.0625088
0 2.15385e-16 0.00240453 0.000354114 -0.000941304 -0.000230329 0.217142 0.0634726
0 2.15385e-16 -0.00220812 -0.00020692 -0.000418009 -0.000153412 0.216481 0.0635059
0 2.15385e-16 -0.00241917 -0.00043206 -0.000814786 -0.000180995 0.217051 0.0632709
0 2.15385e-16 9.45384e-05 2.34945e-05 -0.00171832 -0.000142659 0.216742 0.0634498
0 2.15385e-16 0.000658694 2.32022e-06 -0.000775164 -4.42135e-05 0.216217 0.0627957
0 2.15385e-16 -0.00171994 -0.000282028 -0.00263087 -0.000390302 0.218549 0.0641912
0 2.15385e-16 0.000948968 0.00014464 -0.000648353 -8.88785e-05 0.217669 0.0630977
0 2.15385e-16 -0.00146803 -0.000168242 -0.000857894 -0.000181596 0.216985 0.0628163
0 2.15385e-16 0.00262918 0.000312241 -0.00354011 -0.000662178 0.216721 0.0635411
0 2.15385e-16 0.000977811 5.35168e-05 0.000751278 0.000228292 0.21622 0.0630789
0 2.15385e-16 0.00291435 0.000483844 0.00314313 0.000517341 0.216876 0.0640255
0 2.15385e-16 -0.00230448 -0.000391735 -0.000731791 -8.70157e-06 0.215361 0.0643931
0 2.15385e-16 -0.00283488 -0.000343092 -0.00164894 -0.000209443 0.218057 0.0637996
0 2.15385e-16 0.00149055 0.000263235 0.0022425 0.000339705 0.216679 0.0633952
0 2.15385e-16 0.00195784 0.000357898 0.0015165 0.000237429 0.216464 0.0631703
0 2.15385e-16 -0.0040809 -0.00069949 0.000324701 0.000117231 0.2168 0.0631738
0 2.15385e-16 -0.000512165 -6.41018e-05 -0.00165312 -0.000303376 0.218223 0.0622572
0 2.15385e-16 0.00061363 5.63437e-05 0.00106572 0.000111414 0.217185 0.0636795
0 2.15385e-16 -0.00166386 -0.000290178 0.00032201 5.11115e-05 0.217503 0.0637467
0 2.15385e-16 0.000919108 0.000193874 -0.000914316 -0.00013649 0.216743 0.0631331
0 2.15385e-16 0.000346114 4.1995e-06 0.000339995 -3.58178e-05 0.2169 0.0626362
0 2.15385e-16 0.00194772 0.000342436 7.12615e-05 -7.06588e-05 0.217573 0.0630614
0 2.15385e-16 0.00298347 0.000356233 -0.00261678 -0.000378175 0.21602 0.0640081
0 2.15385e-16 -0.00108693 -0.000141248 -0.000145555 -9.36577e-05 0.215896 0.0633271
0 2.15385e-16 0.00271983 0.000473949 -0.00117324 -0.000179576 0.216144 0.0631608
0 2.15385e-16 9.0548e-05 4.45967e-05 -0.00166856 -0.000348039 0.217382 0.063279
0 2.15385e-16 -0.000753942 -0.000120883 -0.00177006 -0.000231836 0.217156 0.063011
0 2.15385e-16 -0.00118001 -0.000219087 -0.000398195 -0.000102297 0.215921 0.0635613
0 2.15385e-16 0.000956456 0.000144058 -0.000256652 2.26062e-05 0.216415 0.0631064
0 2.15385e-16 0.00176596 0.000428264 5.75102e-05 6.21914e-05 0.216607 0.0628237
0 2.15385e-16 0.000281272 -6.77371e-05 0.000608812 0.000150264 0.217166 0.063128
0 2.15385e-16 -0.00122927 -0.000108939 -0.000957706 -0.000139596 0.216481 0.0639444
0 2.15385e-16 0.000166875 -9.87721e-05 -0.000565823 -8.51579e-05 0.216626 0.0636793
0 2.15385e-16 9.0491e-06 4.29018e-05 -0.00222964 -0.000357398 0.216517 0.0638055
0 2.15385e-16 -0.0011693 -0.000182813 0.000554595 -5.19246e-05 0.217433 0.0629455
0 2.15385e-16 -0.000112797 -0.000152767 0.00302774 0.000474851 0.216236 0.0636864
0 2.15385e-16 0.00179572 0.000403242 0.000588319 9.38676e-05 0.217811 0.063645
0 2.15385e-16 0.000710585 0.000269114 -0.00102688 -0.000106862 0.215562 0.0636854
0 2.15385e-16 0.00235926 0.000401337 -0.000356269 -8.21022e-05 0.21653 0.0630688
0 2.15385e-16 -0.000962631 -0.000249898 -0.00162072 -0.000367192 0.216609 0.0637243
0 2.15385e-16 -0.00431274 -0.000722197 -0.000227694 -0.000155321 0.216619 0.0631357
0 2.15385e-16 -0.00128382 -0.000268976 0.00147722 0.000304831 0.217851 0.0627098
0 2.15385e-16 -0.000985047 -0.000118839 -0.000951757 -0.000156658 0.217236 0.0631374
0 2.15385e-16 0.00214077 0.000332697 0.000698263 0.000100663 0.216981 0.0638132
0 2.15385e-16 0.0012376 0.000398682 0.00218498 0.000444345 0.217092 0.0627596
0 2.15385e-16 0.000491864 2.24007e-05 0.00248997 0.000483511 0.215463 0.0634438
0 2.15385e-16 0.00304937 0.000441809 0.00436746 0.00076805 0.216101 0.0631976
0 2.15385e-16 0.00097962 0.000268288 0.000346867 -2.60255e-07 0.215749 0.0631306
0 2.15385e-16 -0.00219094 -0.000419676 0.000408483 6.00966e-07 0.217312 0.0632459
0 2.15385e-16 -0.00273387 -0.000497025 -0.000632203 -2.06715e-05 0.216985 0.0642396
0 2.15385e-16 0.00110489 0.000144591 5.70781e-06 -0.000134382 0.217049 0.063143
0 2.15385e-16 0.000963677 0.000294599 0.00399734 0.000749051 0.215978 0.06308
0 2.15385e-16 -0.000400687 -8.58174e-05 0.00012816 -0.000214835 0.216789 0.0631904
0 2.15385e-16 -0.000517174 -1.46883e-05 0.00220729 0.000373305 0.215689 0.0634061
0 2.15385e-16 -0.000670795 -2.28033e-05 0.00223906 0.000520674 0.217223 0.063144
0 2.15385e-16 -0.000732119 -0.000190132 0.000411638 8.76517e-05 0.216349 0.0630555
0 2.15385e-16 0.000370489 -5.67082e-05 -0.000572301 -0.000133481 0.216989 0.0627549
0 2.15385e-16 0.000935826 0.000159459 0.00148211 0.000180564 0.216196 0.0633361
0 2.15385e-16 0.000610377 0.000114353 -0.00176044 -0.000313538 0.218046 0.0636754
0 2.15385e-16 -0.00303856 -0.000495522 0.00222784 0.000463574 0.215524 0.0635737
0 2.15385e-16 -0.000695019 -0.000238725 0.00115849 0.000141835 0.216397 0.0638231
0 2.15385e-16 0.000477625 0.000156056 0.000867185 0.000220979 0.216436 0.0628542
0 2.15385e-16 -0.00307887 -0.00047796 -0.00187293 -0.00021412 0.217343 0.0634712
0 2.15385e-16 -0.000194554 -0.000200816 1.73734e-05 -4.0849e-05 0.216119 0.0630721
0 2.15385e-16 -0.00387477 -0.000722569 0.000214113 0.000109495 0.21771 0.0631307
0 2.15385e-16 3.44194e-05 4.50691e-06 -0.000879554 -5.86202e-05 0.215722 0.0636165
0 2.15385e-16 -0.000633139 -0.000113912 0.000253912 0.000110614 0.216701 0.06272
0 2.15385e-16 0.000829656 7.96851e-05 -0.000595914 -0.000184734 0.217145 0.0627419
0 2.15385e-16 0.000104972 1.40527e-05 -0.00208924 -0.000368983 0.215764 0.0629858
0 2.15385e-16 0.00122925 0.00024333 0.00227274 0.000227045 0.217573 0.0632217
0 2.15385e-16 -0.00187438 -0.000380519 0.000927642 6.06295e-05 0.218255 0.0626108
0 2.15385e-16 0.000282141 -2.65753e-05 0.00187532 0.000389854 0.21659 0.0635298
0 2.15385e-16 -0.00159537 -0.000196082 2.77739e-05 -9.04519e-05 0.216965 0.0633198
0 2.15385e-16 0.000311622 3.58513e-05 -0.000416885 9.9653e-05 0.216885 0.0632288
0 2.15385e-16 -0.00113142 -0.000162972 -0.00249766 -0.000471172 0.216466 0.0640496
0 2.15385e-16 0.00100738 4.65928e-05 -0.00313603 -0.000501615 0.218724 0.0627671
0 2.15385e-16 -0.00141028 -0.00024119 -0.000104887 -0.000129426 0.216925 0.0633133
0 2.15385e-16 -0.00175841 -0.000405931 0.00240226 0.000463316 0.215729 0.0632372
0 2.15385e-16 -0.000711023 -0.000121063 0.000702238 -3.75095e-05 0.216707 0.0630625
0 2.15385e-16 0.00108517 0.000281352 0.00292083 0.000483952 0.216475 0.06363
0 2.15385e-16 0.00125803 0.000297024 -0.00240664 -0.000295569 0.217192 0.0638915
0 2.15385e-16 -0.000972218 -0.00016382 0.000268043 1.57044e-05 0.216295 0.0635986
0 2.15385e-16 0.00197048 0.000220453 0.000624197 0.000126433 0.216258 0.0637668
0 2.15385e-16 0.00145902 0.00021099 0.00168408 0.000278674 0.216828 0.0625461
0 2.15385e-16 -0.00460641 -0.000846553 0.000735591 -5.4685e-06 0.218394 0.0635177
0 2.15385e-16 -0.000409233 -0.000135757 0.0002403 0.000140534 0.215839 0.0639581
0 2.15385e-16 -0.00253091 -0.000503013 -0.00195325 -0.000263195 0.2174 0.063216
0 2.15385e-16 0.00264707 0.000458337 0.00070791 0.000117394 0.216737 0.0630737
0 2.15385e-16 0.00214957 0.000288146 0.00129956 0.000151817 0.217223 0.0638235
0 2.15385e-16 0.00145976 0.000161595 -0.00249411 -0.000414824 0.216437 0.0629929
0 2.15385e-16 -0.000336266 -6.02674e-06 0.000735066 0.00010504 0.217172 0.0634765
0 2.15385e-16 0.00145857 0.000282881 -0.000822419 -0.000124101 0.217257 0.0635574
0 2.15385e-16 0.00270549 0.000538413 -0.00219291 -0.00038733 0.217612 0.0629579
0 2.15385e-16 -0.00142886 -0.000374659 0.00289627 0.000410534 0.216175 0.0637995
0 2.15385e-16 -0.00145143 -0.000158218 0.00147875 4.52367e-05 0.217365 0.0635726
0 2.15385e-16 0.00112412 0.000326512 0.000393147 8.51789e-05 0.215743 0.0632638
0 2.15385e-16 -0.00270449 -0.000424323 0.00175663 0.000239687 0.215833 0.0637613
0 2.15385e-16 0.00121277 0.000121246 -0.00328567 -0.000752938 0.215661 0.0629528
0 2.15385e-16 -0.000306734 -8.09631e-05 0.000859348 0.000237247 0.217004 0.0634108
0 2.15385e-16 0.000727572 0.000127586 0.00430801 0.000925781 0.216848 0.0633279
0 2.15385e-16 0.00078094 0.000109184 0.00476561 0.000601867 0.217245 0.0641837
0 2.15385e-16 0.00125242 0.000133572 0.00129143 0.000246553 0.215782 0.063019
0 2.15385e-16 0.00256527 0.000528207 0.000707722 4.0539e-05 0.217053 0.0634047
0 2.15385e-16 -0.000278841 -0.000154456 0.00275721 0.000404647 0.217746 0.0624168
0 2.15385e-16 -0.000421802 -6.3715e-05 0.00220841 0.000393467 0.217175 0.0631176
0 2.15385e-16 -0.00182018 -0.00025356 -0.00242719 -0.000361456 0.217223 0.0640267
0 2.15385e-16 0.000370608 0.000189306 0.000829765 0.00015795 0.215682 0.0637391
0 2.15385e-16 -0.00419839 -0.000694015 0.00286855 0.000551457 0.218203 0.063342
0 2.15385e-16 -0.000904154 -0.000176181 0.00128047 0.000225243 0.216108 0.0631577
0 2.15385e-16 0.000590153 7.85907e-05 0.00152719 0.000385242 0.215896 0.0635224
0 2.15385e-16 0.00188901 0.000369959 -0.00055322 -0.000126153 0.21561 0.0630837
0 2.15385e-16 -0.000379526 -5.26321e-05 0.00464923 0.000873043 0.216619 0.063344
0 2.15385e-16 -0.0013863 -0.000151158 0.0012618 0.000116839 0.217223 0.0636815
0 2.15385e-16 -0.000133865 -5.05534e-05 0.00268568 0.000279531 0.216703 0.0635197
0 2.15385e-16 -0.000138015 0.000126783 0.00158199 0.000282407 0.215746 0.0635675
0 2.15385e-16 -0.00298933 -0.00051216 0.00096217 0.000213318 0.216473 0.0638017
0 2.15385e-16 0.00189461 0.000377808 -0.000453457 -9.16039e-05 0.217452 0.0628223
0 2.15385e-16 0.0022333 0.000414422 -0.000156718 2.24417e-05 0.216813 0.0634826
0 2.15385e-16 0.000199737 -0.00014427 0.00211959 0.000329188 0.216589 0.0637375
0 2.15385e-16 -0.00401836 -0.000719888 -0.000106829 9.44101e-05 0.216921 0.0635229
0 2.15385e-16 0.000334342 -3.09779e-05 0.00126401 0.000197933 0.215641 0.0629004
0 2.15385e-16 0.00288275 0.000469041 0.000731195 0.000188214 0.216298 0.0634531
0 2.15385e-16 0.00100224 0.000102876 -0.00187083 -0.000294022 0.217077 0.0634045
0 2.15385e-16 0.00384549 0.000660059 0.000690678 0.000128317 0.216325 0.0635124
0 2.15385e-16 -0.00229675 -0.000467365 0.000982934 -2.58903e-05 0.216134 0.0635896
0 2.15385e-16 -0.000904944 -2.35143e-05 0.000549119 8.37834e-05 0.217116 0.0629531
0 2.15385e-16 -0.00389802 -0.000675707 0.000977106 0.000286896 0.217164 0.0633915
0 2.15385e-16 0.000440213 4.9925e-05 -0.00185318 -0.000327252 0.218079 0.0634409
0 2.15385e-16 -0.000292099 2.43334e-05 0.000129359 1.28645e-05 0.217327 0.0628193
0 2.15385e-16 -0.0020646 -0.000215643 -0.00181109 -0.000380186 0.216898 0.0640093
0 2.15385e-16 -0.00144672 -0.000333505 -0.00319231 -0.000522114 0.218825 0.0641153
0 2.15385e-16 0.000634674 0.000107156 -0.00321839 -0.000646585 0.217737 0.0634251
0 2.15385e-16 0.000693119 9.62033e-05 0.000644498 0.000123209 0.21623 0.0632895
0 2.15385e-16 0.00455719 0.000702858 0.000968707 0.000202249 0.216732 0.0631044
0 2.15385e-16 0.000575145 0.000166427 -0.00084282 -0.000136634 0.217491 0.0630177
0 2.15385e-16 0.00189958 0.000338384 -0.000119298 -0.000188431 0.216963 0.0625123
0 2.15385e-16 -0.000703279 -0.000108591 -0.00473056 -0.00073106 0.217127 0.0639085
0 2.15385e-16 0.000805086 0.000149334 0.000409413 1.38621e-05 0.217082 0.063189
0 2.15385e-16 -0.00147243 -0.000310408 -0.00216395 -0.000332367 0.216707 0.0635161
0 2.15385e-16 0.00183945 0.000413185 0.00131842 0.00021413 0.217318 0.0642045
0 2.15385e-16 -0.00244227 -0.000357873 -5.57299e-05 5.13377e-05 0.216798 0.0631698
0 2.15385e-16 0.00188317 0.000140748 -0.0015157 -0.000251137 0.217168 0.0638705
0 2.15385e-16 -0.0011931 -0.000133528 -0.000414173 -5.31298e-05 0.217207 0.0633046
0 2.15385e-16 -0.000790909 -0.000104044 0.00502026 0.000832001 0.217757 0.0630131
0 2.15385e-16 -0.00134181 -0.000225827 -0.00146704 -0.0002387 0.217028 0.0632928
0 2.15385e-16 -0.000199595 8.82245e-05 0.000164327 7.02828e-06 0.215696 0.0629052
0 2.15385e-16 0.00187684 0.000338027 -0.00219904 -0.000284823 0.215297 0.0626321
0 2.15385e-16 0.0022147 0.000275176 -0.000731952 -7.62398e-05 0.216949 0.0633246
0 2.15385e-16 -0.00053464 -4.71337e-05 0.00166741 0.000309957 0.21599 0.0632235
0 2.15385e-16 0.00188138 0.000172325 0.00114939 0.00025384 0.216909 0.0631626
0 2.15385e-16 -8.78056e-05 -4.96945e-06 0.00037138 7.68514e-05 0.215632 0.0625171
0 2.15385e-16 -0.000255608 0.000124484 -0.000458846 -1.80338e-05 0.216642 0.0632728
0 2.15385e-16 -0.00128112 -9.28731e-05 -0.000830517 1.97687e-05 0.217058 0.063465
0 2.15385e-16 0.00158706 0.000164933 -0.000652753 -1.37967e-05 0.217247 0.0635081
0 2.15385e-16 -0.000922225 -9.80576e-05 0.00340758 0.000466559 0.216688 0.063846
0 2.15385e-16 -0.00316773 -0.000618328 0.000235525 7.04125e-05 0.218977 0.0635815
0 2.15385e-16 -0.000722015 -0.000166163 0.00028092 9.18497e-05 0.217527 0.063274
0 2.15385e-16 -0.000578561 -0.000120336 -0.00086069 -0.000248475 0.215338 0.0638918
0 2.15385e-16 0.00011988 8.13186e-05 0.000169046 0.000104383 0.217226 0.0632577
0 2.15385e-16 0.000739137 8.96112e-05 -0.00134043 -0.000160939 0.217214 0.0631348
0 2.15385e-16 0.0024066 0.000465867 -0.000743881 -2.76914e-05 0.215582 0.0634723
0 2.15385e-16 0.000221484 0.000110405 -0.00274323 -0.000452358 0.217906 0.0639148
0 2.15385e-16 -0.000770691 -0.000140738 -0.00380149 -0.000538218 0.217673 0.0640549
0 2.15385e-16 0.000131638 3.28173e-05 -0.00206355 -0.000480778 0.216913 0.063904
0 2.15385e-16 0.000592681 0.000252579 -0.00200125 -0.000239121 0.217037 0.0635706
0 2.15385e-16 0.000394881 -2.02713e-06 0.000996429 0.000260119 0.216091 0.0626212
0 2.15385e-16 -0.000864349 -7.43438e-05 0.000638484 0.000131228 0.216481 0.0633944
0 2.15385e-16 0.000178009 -0.000106167 0.00169894 0.000249183 0.216086 0.0639952
0 2.15385e-16 -0.000341228 -7.34667e-05 0.00109431 0.000163072 0.218069 0.0624314
0 2.15385e-16 -0.00131361 -0.000110069 0.00158544 0.000335203 0.216655 0.0633819
0 2.15385e-16 0.00198913 0.000318422 -0.00337723 -0.000499562 0.217728 0.0625332
0 2.15385e-16 0.00130274 0.000157496 0.00196183 0.000387981 0.216745 0.0634708
0 2.15385e-16 -0.000414109 6.82895e-05 -0.00132908 -0.000397497 0.217781 0.0625267
0 2.15385e-16 0.00125044 0.000361209 -0.0011374 -0.000383708 0.217751 0.0629722
0 2.15385e-16 0.0014895 0.000304152 -0.000868472 -0.000153722 0.216683 0.063646
0 2.15385e-16 -0.00347517 -0.000582203 -0.000666419 -0.000121842 0.216591 0.0644724
0 2.15385e-16 -0.00150273 -0.000298353 0.00244343 0.000407817 0.21654 0.0639731
0 2.15385e-16 0.00220587 0.000301749 0.00122169 0.000270034 0.217641 0.0635944
0 2.15385e-16 0.00405732 0.000611595 -0.000345014 9.01372e-05 0.217489 0.0637087
0 2.15385e-16 -0.00104086 -0.000282499 0.00178506 0.000227816 0.217046 0.0628375
0 2.15385e-16 -0.00267112 -0.000427425 0.000881705 0.000274187 0.217364 0.0627668
0 2.15385e-16 -0.00124352 -0.000186611 0.00148932 0.000254928 0.21647 0.0635056
0 2.15385e-16 -0.00268327 -0.000410793 0.00173751 0.000387333 0.217217 0.062902
0 2.15385e-16 0.000686567 8.50056e-05 0.00164099 0.000269299 0.21559 0.0635267
0 2.15385e-16 0.000389461 9.79238e-05 -0.00287641 -0.000468421 0.218333 0.0633766
0 2.15385e-16 -0.00060319 -0.000174846 -0.00138293 -0.000239533 0.216938 0.0629005
0 2.15385e-16 -0.000439301 -4.48113e-05 -0.00218386 -0.000379711 0.217297 0.0632524
0 2.15385e-16 -0.000571069 -8.80249e-05 5.633e-05 -2.31189e-05 0.214953 0.0635538
0 2.15385e-16 -0.000333452 -3.01583e-05 -0.000243358 4.87124e-05 0.217078 0.063648
0 2.15385e-16 -0.00203176 -0.00023208 0.00119973 0.000265401 0.217037 0.0631411
0 2.15385e-16 -0.00214795 -0.000291611 0.00300792 0.000522879 0.216776 0.0624564
0 2.15385e-16 0.00190866 0.000297781 -0.00293313 -0.00044401 0.217198 0.0633079
0 2.15385e-16 0.00146092 0.000201501 0.00261026 0.000397422 0.216856 0.0631935
0 2.15385e-16 0.000449395 0.000156838 -0.000683315 -9.2849e-05 0.217114 0.062761
0 2.15385e-16 -0.00171967 -0.000389269 0.00024425 6.55271e-05 0.216676 0.0635164
0 2.15385e-16 0.000496366 7.83648e-05 0.00107332 0.000107644 0.216048 0.0628881
0 2.15385e-16 -0.00191451 -0.000439913 0.00406409 0.000799416 0.216869 0.0625884
0 2.15385e-16 0.000741821 0.000212759 0.000333519 -0.000130206 0.216794 0.0631268
0 2.15385e-16 -0.000381394 -9.43822e-05 0.00210262 0.000363155 0.216953 0.0638126
0 2.15385e-16 -0.00015739 -5.07019e-06 -0.00206567 -0.000239374 0.217347 0.0629889
0 2.15385e-16 -0.000562722 -2.39159e-05 0.00160878 0.000389083 0.216261 0.0626965
0 2.15385e-16 0.00202435 0.000378603 -0.000374041 -2.67928e-05 0.216533 0.0635743
0 2.15385e-16 -0.00221922 -0.000248776 0.000644617 0.000116205 0.217727 0.0631989
0 2.15385e-16 0.00217811 0.000351684 -0.000984237 -0.000364019 0.216617 0.062962
0 2.15385e-16 -0.00176586 -0.000103854 -0.0010484 -0.000265125 0.216848 0.0636103
0 2.15385e-16 -0.00229332 -0.000285245 -0.000345449 -7.77848e-05 0.217299 0.0633944
0 2.15385e-16 0.0016287 0.000325799 0.0034819 0.000450534 0.21727 0.0633181
0 2.15385e-16 -0.00118518 -0.000262917 0.00180046 0.000429671 0.216997 0.0628053
0 2.15385e-16 0.00201393 0.000318143 7.73228e-05 -6.54612e-05 0.216096 0.0634957
0 2.15385e-16 -0.00215621 -0.000406818 0.00179117 0.000325171 0.215855 0.0640788
0 2.15385e-16 0.00178214 0.000390964 0.000960384 0.000100599 0.216845 0.0635556
0 2.15385e-16 -0.00254408 -0.000389364 -0.000254732 -0.000272443 0.217249 0.0638225
0 2.15385e-16 -0.00103664 -7.76811e-05 0.00388136 0.000540949 0.216991 0.063211
0 2.15385e-16 0.000994964 0.00025703 0.0039171 0.00058044 0.21694 0.0632466
0 2.15385e-16 0.000310857 8.54343e-05 1.31814e-05 2.66393e-05 0.215715 0.0629462
0 2.15385e-16 -0.00206896 -0.000339806 0.00358339 0.000632202 0.217532 0.0633782
0 2.15385e-16 -4.86931e-05 -0.00014875 -0.000774368 -0.000162852 0.216165 0.0632563
0 2.15385e-16 -0.000408326 -7.93156e-05 -0.000611275 6.39303e-05 0.217164 0.0634498
0 2.15385e-16 4.09123e-05 3.80286e-05 0.00183026 0.00027764 0.216998 0.0633166
0 2.15385e-16 0.00104307 0.000176499 0.00257739 0.000565875 0.216348 0.0631293
0 2.15385e-16 -0.000692634 3.57374e-05 -0.00195085 -0.000199953 0.217753 0.0642227
0 2.15385e-16 -0.0012734 -0.000317576 -0.00114294 -0.000144725 0.216444 0.0631944
0 2.15385e-16 0.00144419 0.000140637 -0.00016736 -3.77404e-05 0.216141 0.0641531
0 2.15385e-16 0.000132421 0.000141963 -0.000359703 -0.000109982 0.216707 0.0627783
0 2.15385e-16 -0.00205172 -0.000397177 -0.00362255 -0.000495755 0.218623 0.0633808
0 2.15385e-16 -0.00288663 -0.000504164 -0.00116977 -9.57782e-05 0.215956 0.0637904
0 2.15385e-16 -0.00258254 -0.000275799 0.00115488 0.000166157 0.218254 0.0639888
0 2.15385e-16 0.00043476 1.19567e-05 -0.00170702 -0.00025824 0.216886 0.0635284
0 2.15385e-16 0.000175127 0.000160022 0.000740408 6.12115e-06 0.215921 0.0628001
0 2.15385e-16 0.000384882 0.000121048 -0.00048662 -0.00014346 0.216302 0.0635813
0 2.15385e-16 -0.000238211 -0.000213102 -0.000591047 -0.000155138 0.215436 0.0631745
0 2.15385e-16 0.000727064 0.000199204 -0.00178142 -0.000276815 0.217231 0.0639078
0 2.15385e-16 -0.00101267 1.04454e-05 -0.00048066 -6.49522e-05 0.218127 0.0629785
0 2.15385e-16 -0.00272069 -0.000597978 -0.00169711 -0.000181434 0.219113 0.0634894
0 2.15385e-16 0.000539725 0.000110909 -0.000134581 1.7241e-05 0.215965 0.0633802
0 2.15385e-16 0.00173214 0.000365456 -0.000950077 -0.000102936 0.215968 0.0627464
0 2.15385e-16 0.00141556 0.000302313 0.000115169 0.00013315 0.217079 0.0636846
0 2.15385e-16 0.00149868 0.000357865 -0.00175615 -0.000429836 0.215832 0.063142
0 2.15385e-16 -0.00203968 -0.000365462 -0.000365097 3.17537e-05 0.216615 0.0637739
0 2.15385e-16 -0.00103795 -0.000136149 0.000188742 0.00010994 0.216594 0.0631618
0 2.15385e-16 -0.00035835 8.21597e-05 0.00154496 0.000295417 0.216435 0.0634886
0 2.15385e-16 -0.00182876 -0.000378652 0.00269688 0.00040052 0.216446 0.0629265
0 2.15385e-16 -0.000598774 -0.00012311 0.00160624 0.000228683 0.217963 0.0633601
0 2.15385e-16 0.000958465 0.000245894 0.00159131 0.000375823 0.216906 0.0628445
0 2.15385e-16 -0.000403288 -0.000199665 0.000363458 -1.92736e-05 0.2163 0.0638924
0 2.15385e-16 0.00101622 0.000212823 0.00304206 0.000454789 0.216055 0.0635819
0 2.15385e-16 -0.00340266 -0.00070673 -0.000247752 7.58953e-06 0.216911 0.0635816
0 2.15385e-16 -0.000565078 2.28276e-06 0.000207537 -8.80389e-05 0.216234 0.0634353
0 2.15385e-16 -0.00208922 -0.00042707 -0.000252446 3.30822e-05 0.216419 0.0637446
0 2.15385e-16 -0.000852547 -0.000136908 0.00132534 9.95974e-05 0.216961 0.0631741
0 2.15385e-16 0.00179653 0.000252099 0.00389317 0.000655432 0.217442 0.0633818
0 2.15385e-16 0.0012816 0.000121009 -0.00188597 -0.000470874 0.216657 0.0632724
0 2.15385e-16 0.00220499 0.000306984 -0.00360395 -0.000559079 0.21737 0.0632072
0 2.15385e-16 -0.000880813 -0.000172067 -0.000262465 -3.45866e-05 0.217743 0.062231
0 2.15385e-16 0.00257749 0.000359425 -0.000188165 -6.47787e-06 0.216889 0.0635121
0 2.15385e-16 0.00241531 0.000447096 -0.00255588 -0.000339459 0.21564 0.063699
0 2.15385e-16 -0.000624853 -4.54756e-05 0.000452124 -1.8238e-05 0.216872 0.0633027
0 2.15385e-16 0.000142277 5.52803e-05 0.000633836 7.44458e-05 0.214722 0.0630811
0 2.15385e-16 0.000831493 0.000149292 -0.000552751 -7.55615e-05 0.216954 0.0626615
0 2.15385e-16 -0.00239884 -0.000522254 0.000984928 0.000267484 0.21595 0.062985
0 2.15385e-16 -0.00261162 -0.000429683 0.0013926 0.000235764 0.217305 0.0636137
0 2.15385e-16 -0.001248 -0.000150498 -7.81033e-05 1.41332e-05 0.216808 0.0634196
0 2.15385e-16 -0.000312116 7.41642e-05 0.00177878 0.000168616 0.217691 0.062845
0 2.15385e-16 0.00148874 0.000248092 0.000432581 -1.71787e-05 0.216008 0.063261
0 2.15385e-16 -0.00328032 -0.000503963 -0.0016299 -0.000270994 0.21856 0.063359
0 2.15385e-16 0.00012659 0.000102063 -0.000740624 -6.02877e-05 0.216232 0.0633993
0 2.15385e-16 0.00260983 0.000320496 0.000805162 0.000208432 0.216675 0.0636588
0 2.15385e-16 -0.00249804 -0.000333662 -0.00276093 -0.000277664 0.216134 0.0636261
0 2.15385e-16 0.00213189 0.000361007 0.00175589 0.00028369 0.216581 0.063824
0 2.15385e-16 0.00134357 0.000268249 -3.28747e-05 -4.59077e-06 0.216126 0.0626309
0 2.15385e-16 0.00186087 0.000320235 0.00077949 0.000233772 0.215702 0.0637022
0 2.15385e-16 0.00065087 9.05289e-05 -0.00139471 -0.000166623 0.215123 0.0627494
0 2.15385e-16 0.00203271 0.000343057 -0.00119087 -0.000164573 0.216152 0.064131
0 2.15385e-16 1.03105e-05 2.42021e-05 -0.00193767 -0.000232875 0.216498 0.0641307
0 2.15385e-16 0.000950915 0.000134486 -0.00212721 -0.000386634 0.216396 0.0636871
0 2.15385e-16 -0.000360993 -0.000205308 0.00143085 0.00018539 0.216247 0.0625977
0 2.15385e-16 -0.000692361 -1.28479e-05 0.00058027 0.000223537 0.216656 0.0638789
0 2.15385e-16 0.00154038 0.00031842 0.00231902 8.70807e-05 0.216416 0.0637189
0 2.15385e-16 0.00113643 0.000259418 -0.000275236 -2.88352e-05 0.21758 0.0635778
0 2.15385e-16 -0.00252277 -0.0003946 -0.000736916 -4.71832e-05 0.21804 0.0632596
0 2.15385e-16 0.00219242 0.000262196 -0.00235562 -0.000456845 0.217168 0.0627983
0 2.15385e-16 0.00262927 0.000465532 -0.00162184 -0.000319917 0.217095 0.0624964
0 2.15385e-16 -2.29875e-05 -2.26177e-05 -0.000627236 -0.00021764 0.215324 0.0636163
0 2.15385e-16 -0.000289975 -0.000137465 0.00263297 0.000544764 0.216719 0.0636098
0 2.15385e-16 0.00127867 0.00020508 0.00271589 0.000397486 0.217324 0.0636322
0 2.15385e-16 0.00219913 0.000309757 -0.00145178 -0.000376368 0.217118 0.0631487
0 2.15385e-16 0.000605016 0.000100023 0.00013493 -3.15638e-05 0.217234 0.0630879
0 2.15385e-16 -0.00173238 -0.000152876 -0.00203615 -0.000281177 0.217103 0.0641973
0 2.15385e-16 -0.000658038 -0.000124648 0.00340188 0.000553758 0.21692 0.0630294
0 2.15385e-16 0.00227656 0.000377892 0.00112972 0.000185994 0.21718 0.0629396
0 2.15385e-16 0.00157393 0.000226004 -0.00109926 -0.000155648 0.217387 0.0627813
0 2.15385e-16 -0.00131275 -0.000320193 -0.00177138 -0.000278397 0.216208 0.0634553
0 2.15385e-16 0.00164952 0.000111242 0.00173988 0.000227241 0.216336 0.0637334
0 2.15385e-16 0.000541514 2.95812e-05 0.00142423 0.000117778 0.216604 0.0640753
0 2.15385e-16 -0.000565043 -0.000223182 -0.00390833 -0.000586106 0.218543 0.063675
0 2.15385e-16 0.00093333 0.000181111 -0.00207003 -0.000301549 0.217859 0.0629271
0 2.15385e-16 0.000160962 1.87903e-05 0.00164484 0.000274461 0.217241 0.0626876
0 2.15385e-16 -0.00253736 -0.000364192 0.00377806 0.000733922 0.217615 0.0633026
0 2.15385e-16 -0.000596419 -0.000183565 -0.000706838 -0.000158558 0.216976 0.0628808
0 2.15385e-16 0.001553 0.000222604 -0.000116222 0.000145087 0.217153 0.0635738
0 2.15385e-16 -0.0030728 -0.000634336 0.000327577 8.83662e-05 0.218612 0.0629353
0 2.15385e-16 0.000956159 0.000162294 -0.00112315 -0.000285227 0.216251 0.0633614
0 2.15385e-16 0.00308976 0.00059316 0.00101506 0.000146177 0.215873 0.0628132
0 2.15385e-16 0.000246643 3.35085e-05 -0.000351196 3.1778e-05 0.216019 0.0632537
0 2.15385e-16 -0.00306657 -0.000675675 0.00249306 0.00038496 0.216827 0.0636303
0 2.15385e-16 -9.07059e-05 6.31271e-06 0.000773728 0.000301284 0.217203 0.0631107
0 2.15385e-16 0.000328616 3.7886e-05 0.000614905 9.52529e-05 0.215734 0.0626917
0 2.15385e-16 0.00356937 0.000523074 -0.00172118 -0.000302464 0.218042 0.0630581
0 2.15385e-16 0.00147803 0.000173376 0.000330267 -8.52273e-05 0.216 0.063882
0 2.15385e-16 -0.00213538 -0.000448515 0.000675175 0.000129212 0.21791 0.0641357
0 2.15385e-16 0.00293237 0.00042096 0.00019295 5.7854e-05 0.217476 0.0634046
0 2.15385e-16 0.000295213 9.00105e-05 -7.15025e-05 5.49622e-06 0.21613 0.0631954
0 2.15385e-16 -0.00140494 -0.000234473 -0.000364718 1.41551e-06 0.217265 0.0634244
0 2.15385e-16 0.000278814 -1.61185e-05 0.00324257 0.000491293 0.216795 0.062644
0 2.15385e-16 -0.000255523 -0.000112468 0.00286935 0.000494834 0.216334 0.0634015
0 2.15385e-16 0.00460031 0.000867388 -0.0030111 -0.000467774 0.217287 0.0638476
0 2.15385e-16 0.00195393 0.000349951 -0.00122981 -0.000299149 0.216932 0.0633824
0 2.15385e-16 -0.00206305 -0.000326796 -0.000772873 -0.000118153 0.21779 0.063461
0 2.15385e-16 -0.00104355 -8.67987e-05 -0.00330003 -0.000572715 0.217718 0.063536
0 2.15385e-16 -0.00177332 -0.000402473 -0.000168022 -2.51459e-05 0.217072 0.0631456
0 2.15385e-16 -0.000137723 2.18864e-05 0.00184185 0.000391163 0.214961 0.0630669
0 2.15385e-16 -0.000292815 -0.000213747 0.0020287 0.000286852 0.216808 0.0636121
0 2.15385e-16 0.0044429 0.000766983 0.000590985 4.40744e-05 0.216178 0.0630139
0 2.15385e-16 0.00167843 0.000339608 -0.000188264 6.88742e-05 0.215874 0.0633959
0 2.15385e-16 -0.00111362 -9.64628e-05 -0.000201593 -0.000110106 0.217074 0.0631853
0 2.15385e-16 0.000834375 0.000113741 0.00148652 0.000342782 0.216788 0.0631349
0 2.15385e-16 -0.00152194 -0.000317593 0.000384122 0.000155568 0.216792 0.0631958
0 2.15385e-16 -0.00212848 -0.000348972 0.00238751 0.000391289 0.216123 0.0631779
0 2.15385e-16 -0.00159836 -0.000268704 -0.000674773 -4.10541e-05 0.21681 0.0638674
0 2.15385e-16 -0.000182677 -4.53077e-05 0.00163052 0.000214476 0.216762 0.0635702
0 2.15385e-16 -0.0017683 -0.000255495 -0.00241837 -0.000445652 0.21841 0.0639719
0 2.15385e-16 0.00120746 0.000253901 -0.000635213 1.07793e-05 0.217217 0.0632806
0 2.15385e-16 -0.000250552 -3.51359e-05 -0.00133218 -0.000336941 0.215789 0.0636985
0 2.15385e-16 0.00295166 0.000414905 0.00161818 0.000186986 0.218148 0.0629862
0 2.15385e-16 0.0037691 0.000632207 0.000286942 6.51074e-05 0.217013 0.063104
0 2.15385e-16 -0.000420795 1.17983e-06 -0.00174933 -0.000266154 0.216137 0.0636324
0 2.15385e-16 0.000494513 4.67833e-05 0.00165463 0.000317117 0.216238 0.0637742
0 2.15385e-16 -0.00215701 -0.000342116 -0.000951205 -0.000243182 0.217028 0.0638008
0 2.15385e-16 -0.00314639 -0.000638198 -0.00153488 -0.00017036 0.217003 0.063425
0 2.15385e-16 -0.000659508 -0.000169674 -0.00195575 -0.000359416 0.217108 0.0633967
0 2.15385e-16 0.00223415 0.000439575 0.00156252 0.000247531 0.21767 0.0629579
0 2.15385e-16 -0.00120163 -0.000172289 0.000365048 4.65383e-05 0.216474 0.0635337
0 2.15385e-16 0.00135319 0.000303632 -0.000177831 -1.29836e-05 0.21651 0.0630482
0 2.15385e-16 -0.000734864 -0.000100172 0.00103772 0.000208838 0.215339 0.0628626
0 2.15385e-16 0.00255824 0.00056993 -0.000110811 -0.000127546 0.2162 0.062847
0 2.15385e-16 0.000373149 7.19133e-05 -0.00156333 -0.000192821 0.217175 0.0632853
0 2.15385e-16 0.00182332 0.000284674 0.000903293 0.000233253 0.215657 0.0637603
0 2.15385e-16 -0.00235087 -0.000336017 -0.00418495 -0.000603964 0.216703 0.0643982
0 2.15385e-16 -0.000946493 -0.000158741 0.000341751 8.2875e-05 0.217469 0.0629794
0 2.15385e-16 -0.0025215 -0.000452147 0.000707479 0.000266738 0.217262 0.0633021
0 2.15385e-16 -0.000656332 -0.00015154 0.00131786 0.000288219 0.217829 0.0632737
0 2.15385e-16 -0.00230985 -0.000325547 0.00157397 0.000388723 0.217675 0.0637078
0 2.15385e-16 0.000695908 0.000132 -0.000128006 -2.59704e-05 0.217179 0.0629367
0 2.15385e-16 0.000175229 3.53641e-05 -0.00216483 -0.00034883 0.217338 0.0632476
0 2.15385e-16 -0.00156716 -0.000272436 -0.000497522 -2.91012e-05 0.218075 0.0629985
0 2.15385e-16 -0.00106839 -0.000145618 0.000918823 0.000182784 0.216367 0.0633589
0 2.15385e-16 0.000161167 8.83561e-05 0.000337929 2.92051e-05 0.216344 0.0632561
0 2.15385e-16 -0.00232936 -0.000369014 -0.00216495 -0.000372082 0.216705 0.0638909
0 2.15385e-16 -0.00276412 -0.000505846 -0.0016035 -0.000247986 0.217673 0.0630305
0 2.15385e-16 0.000762082 0.000219879 -0.000691024 -8.01778e-05 0.217085 0.0635549
0 2.15385e-16 -0.00125805 -0.000245963 0.000480504 0.000151217 0.217857 0.0630445
0 2.15385e-16 0.00188094 0.000308487 -0.000393972 -3.8719e-05 0.216245 0.0626745
0 2.15385e-16 0.00420444 0.000671425 -0.000103437 -0.000123015 0.217587 0.0634141
0 2.15385e-16 -0.00235128 -0.000350125 0.00090435 0.000161493 0.217262 0.0634921
0 2.15385e-16 -0.00413463 -0.000713244 0.00197404 0.000247396 0.216198 0.0637942
0 2.15385e-16 -0.000840148 -0.000110462 0.00153116 0.000125116 0.215901 0.0635027
0 2.15385e-16 0.00271963 0.000475259 0.000207314 0.000174059 0.217521 0.0634874
0 2.15385e-16 -0.00271696 -0.000392801 -0.00336031 -0.000649746 0.217835 0.0637993
0 2.15385e-16 0.00162659 0.000134645 0.000841115 0.000239765 0.216946 0.064176
0 2.15385e-16 0.00199321 0.000287774 0.00122882 0.00017638 0.216505 0.0625788
0 2.15385e-16 0.00021132 -8.74645e-07 -0.00119146 -0.000281249 0.216641 0.0628179
0 2.15385e-16 -0.000447533 -0.000106545 0.00482389 0.000778455 0.216606 0.0631077
0 2.15385e-16 -4.60444e-05 1.01512e-05 0.00164005 9.05979e-05 0.217373 0.0635757
0 2.15385e-16 0.00258155 0.000466248 -0.00182914 -0.000353545 0.215727 0.0630467
0 2.15385e-16 -0.000581124 -0.000146628 0.00145377 0.000331752 0.215688 0.0640677
0 2.15385e-16 0.00202555 0.000330158 -0.00227814 -0.000263214 0.216374 0.063555
0 2.15385e-16 -0.000224156 -0.000155887 -0.00193685 -0.000301469 0.215681 0.0636893
0 2.15385e-16 -0.000717401 -7.75232e-05 0.000431268 -1.49098e-05 0.216907 0.0632368
0 2.15385e-16 0.00248085 0.000510952 0.000592705 0.000123387 0.217494 0.0636017
0 2.15385e-16 0.0031483 0.000516085 0.000425814 -6.53626e-05 0.216593 0.0634377
0 2.15385e-16 -0.000547407 -0.000200523 0.000337034 2.98551e-05 0.216664 0.0631077
0 2.15385e-16 -0.00424389 -0.000706462 0.00114807 0.000283855 0.217304 0.0635165
0 2.15385e-16 -0.00108627 -0.000139684 0.00362557 0.00054287 0.215693 0.0639612
0 2.15385e-16 0.000855626 0.000246235 -0.000149864 -1.46478e-05 0.215293 0.0633964
0 2.15385e-16 -0.00456946 -0.00076771 0.00350965 0.000674986 0.217534 0.0637462
0 2.15385e-16 -0.00189101 -0.000284535 -0.000867133 -0.000102381 0.217533 0.0633823
0 2.15385e-16 0.00141825 0.000360475 0.00046829 0.000125175 0.216105 0.0630932
0 2.15385e-16 -0.000796878 -0.000173043 0.00153956 8.1447e-05 0.215649 0.063153
0 2.15385e-16 -0.00156548 -0.000251758 0.00138939 0.000274069 0.217418 0.0630719
0 2.15385e-16 -0.00238969 -0.000379513 0.00193972 0.000437119 0.216499 0.0637664
0 2.15385e-16 -0.00216782 -0.000440864 0.00180874 0.000222913 0.216877 0.0637255
0 2.15385e-16 0.000535862 0.000235428 -0.00358559 -0.000633751 0.2171 0.0638523
0 2.15385e-16 -0.00274052 -0.000449087 -0.00327874 -0.000491636 0.217123 0.0642119
0 2.15385e-16 0.00159298 0.000232949 0.00346963 0.000700532 0.215787 0.0629897
0 2.15385e-16 -0.00120897 -0.0002409 -0.000204299 -3.41426e-05 0.215757 0.0629176
0 2.15385e-16 -0.00133778 -0.000214552 0.0032218 0.000623588 0.216782 0.0625938
0 2.15385e-16 0.00201649 0.000430944 0.000367634 2.20486e-06 0.217537 0.0632694
0 2.15385e-16 -0.000323164 7.23334e-05 -0.0036954 -0.000661089 0.21831 0.0637673
0 2.15385e-16 -0.000884856 -0.000224554 -0.000951428 -0.000159782 0.217456 0.0641732
0 2.15385e-16 0.00161053 0.00040358 -0.000964098 -0.000255795 0.217159 0.0628279
0 2.15385e-16 0.00140262 0.000210902 -0.00125244 -0.000142275 0.21746 0.0636285
0 2.15385e-16 0.00165958 0.000358755 -0.000581335 -0.000188573 0.216347 0.0630749
0 2.15385e-16 0.00119822 0.000254761 -0.000566174 -0.000141127 0.216514 0.0636308
0 2.15385e-16 0.00166035 0.000242076 0.00120944 0.000211218 0.216124 0.0635919
0 2.15385e-16 -0.000796875 -0.000129409 0.00113826 0.000238266 0.216935 0.0631344
0 2.15385e-16 -0.00210582 -0.000358227 0.000281055 -5.0141e-05 0.216728 0.0637947
0 2.15385e-16 -0.000169904 -2.35629e-05 0.000739432 0.000201661 0.215879 0.062368
0 2.15385e-16 0.00457279 0.000687946 -0.0026832 -0.000402594 0.217741 0.0641277
0 2.15385e-16 0.00457148 0.0007852 0.000932525 9.84316e-05 0.216013 0.0631543
0 2.15385e-16 -0.00205678 -0.000345236 0.00247866 0.000321956 0.216978 0.0628532
0 2.15385e-16 -0.000575449 -0.000142926 0.00034192 2.42045e-05 0.216296 0.0628992
0 2.15385e-16 0.000262341 0.000102713 -0.000325274 2.63331e-05 0.216086 0.0634538
0 2.15385e-16 0.00159773 0.000277757 -0.00185783 -0.000362006 0.216654 0.0630766
0 2.15385e-16 -0.00047561 -0.000122957 0.0039824 0.000731465 0.216543 0.0636198
0 2.15385e-16 0.00285571 0.000360719 0.000621872 0.000173792 0.217373 0.0635792
0 2.15385e-16 -0.00275965 -0.000454834 0.000167098 -4.34095e-05 0.215854 0.0637037
0 2.15385e-16 0.00117372 0.00016211 -0.000308966 -6.85017e-06 0.216866 0.063552
0 2.15385e-16 0.000766845 0.000144509 -0.000188874 -8.53071e-05 0.216428 0.063515
0 2.15385e-16 -0.00043603 5.94088e-06 -0.00133641 -0.000284672 0.215838 0.0627948
0 2.15385e-16 0.000477025 0.000214064 -0.000148493 -0.000137164 0.215315 0.0635592
0 2.15385e-16 0.000327899 0.000145323 0.000979347 0.000110519 0.216502 0.0625864
0 2.15385e-16 0.00154123 0.000329927 -0.00117047 -0.000142641 0.215507 0.063719
0 2.15385e-16 -0.0010951 -0.000114583 0.0053528 0.0009889 0.216558 0.0627244
0 2.15385e-16 -0.00269421 -0.000333225 0.000656492 -3.96392e-06 0.216594 0.0635864
0 2.15385e-16 0.00163258 0.00032416 -0.00085048 -9.27566e-05 0.216429 0.0633818
0 2.15385e-16 -0.0011787 -0.000202733 -0.00181384 -0.000221673 0.218349 0.0634492
0 2.15385e-16 -0.00124999 -0.000109569 0.00187979 0.00034678 0.216994 0.0632426
0 2.15385e-16 -0.000509728 -1.59864e-05 -0.00202678 -0.000345375 0.217918 0.0636191
0 2.15385e-16 0.0011249 6.14387e-05 -0.00158385 -0.000242786 0.216681 0.0631016
0 2.15385e-16 -0.00292932 -0.000642716 -0.00128852 -0.000248114 0.217465 0.0633794
0 2.15385e-16 -0.00102378 -0.000248503 0.00110792 0.000194396 0.215452 0.0641379
0 2.15385e-16 -0.000263206 1.00714e-05 -0.00197235 -0.000456107 0.216994 0.062572
0 2.15385e-16 -0.000434094 5.30075e-05 -0.00170591 -0.000224416 0.218338 0.0637915
0 2.15385e-16 -0.0022 -0.000302456 -0.000749987 -0.000159332 0.216753 0.063787
0 2.15385e-16 -3.99076e-05 3.18827e-05 0.00132691 0.000211985 0.217337 0.0639332
0 2.15385e-16 0.000928824 0.000196458 -0.0011161 -0.000186181 0.216984 0.0631112
0 2.15385e-16 0.000460641 0.00010428 -0.00128513 -0.000188196 0.217654 0.0634418
0 2.15385e-16 0.00182176 0.000490422 0.000662317 2.01685e-05 0.215919 0.063099
0 2.15385e-16 0.0029842 0.000570971 -0.0001735 7.84416e-05 0.216402 0.0633218
0 2.15385e-16 0.000981413 0.000154495 0.0010097 0.000163851 0.217506 0.0634057
0 2.15385e-16 -0.00112647 -0.000297136 0.00177793 0.000135737 0.216487 0.0635314
0 2.15385e-16 -0.000635834 -0.00013309 0.00043485 0.00010883 0.215932 0.0632253
0 2.15385e-16 0.00143187 0.000296491 -0.00302334 -0.000428898 0.217673 0.0639215
0 2.15385e-16 0.000631013 0.000101366 -0.00230263 -0.00045372 0.217362 0.0634683
0 2.15385e-16 0.000223495 3.30998e-05 0.000528785 2.43789e-05 0.215591 0.063037
0 2.15385e-16 0.00131765 0.000260594 0.0047101 0.000730957 0.216451 0.0637087
0 2.15385e-16 0.000597301 -1.53005e-05 -4.3216e-05 -5.55159e-06 0.215191 0.0630439
0 2.15385e-16 0.00112452 5.56213e-05 0.000817652 0.00019637 0.215847 0.063152
0 2.15385e-16 -0.00113703 -0.000224325 -0.000336532 0.000133552 0.217713 0.0627295
0 2.15385e-16 0.000305511 -0.000100259 0.000622822 0.00011703 0.216619 0.0625408
0 2.15385e-16 0.00174093 0.000318633 0.002559 0.000449436 0.216677 0.063004
0 2.15385e-16 -0.000772381 -0.000188197 0.00246095 0.000259319 0.216568 0.0634215
0 2.15385e-16 0.00197615 0.000306114 0.00122742 0.000201186 0.216874 0.0636836
0 2.15385e-16 -0.000293451 -4.29034e-05 0.00148636 0.000338729 0.216273 0.063878
0 2.15385e-16 0.00214567 0.00040074 0.000775121 0.000156301 0.21665 0.064295
0 2.15385e-16 -0.0031856 -0.000559753 -0.000100152 -2.08436e-06 0.217162 0.0639695
0 2.15385e-16 0.00142557 0.000305583 0.00184791 0.000287153 0.216252 0.0638122
0 2.15385e-16 0.00138732 0.000225157 0.00238877 0.000350157 0.217577 0.062938
0 2.15385e-16 0.0012486 0.000216934 0.00319558 0.000576265 0.216365 0.0631872
0 2.15385e-16 0.00187664 0.000381565 -0.00333554 -0.000507951 0.216712 0.0636811
0 2.15385e-16 0.000327521 7.08808e-05 -0.000341998 -5.89543e-05 0.214711 0.0639923
0 2.15385e-16 0.00118826 0.000236019 -0.000879801 -1.15948e-05 0.216727 0.0635969
0 2.15385e-16 0.00310618 0.000702871 -0.00131236 -0.000319039 0.21788 0.0632094
0 2.15385e-16 -0.00135949 -0.000243565 -0.00302203 -0.000402747 0.217304 0.0634127
0 2.15385e-16 -0.000450835 -0.000179592 -0.000922698 -0.000318928 0.216978 0.0622198
0 2.15385e-16 0.00172095 0.000293326 -0.000866364 -0.000116457 0.215767 0.0634054
0 2.15385e-16 0.00180099 0.000212411 -0.000684213 -7.55226e-05 0.216719 0.0634377
0 2.15385e-16 0.000372592 -1.24807e-05 0.00121618 0.000221482 0.217299 0.0630521
0 2.15385e-16 -0.000460155 -7.53723e-05 -0.00151683 -0.000275919 0.218233 0.0629041
0 2.15385e-16 0.0011057 0.000203423 0.000327034 -2.33762e-05 0.216269 0.0629174
0 2.15385e-16 -0.000101838 2.1171e-06 0.003124 0.000398596 0.216983 0.0630843
0 2.15385e-16 -0.00210316 -0.000411584 0.00200948 0.000317719 0.216607 0.0635048
0 2.15385e-16 0.0019026 0.000322135 0.00170827 0.000367687 0.216839 0.0629685
0 2.15385e-16 0.000452446 3.30005e-05 -0.0012592 -0.000175561 0.216048 0.0632001
0 2.15385e-16 4.23161e-05 -5.97422e-06 -0.00126794 -0.000114921 0.215936 0.0634509
0 2.15385e-16 -0.00123688 -0.000288905 -0.000543279 -4.52116e-05 0.217275 0.062407
0 2.15385e-16 0.00509163 0.000917017 -0.000385228 -8.56365e-05 0.216388 0.0633002
0 2.15385e-16 0.0037671 0.000725924 -0.00103193 -8.50866e-05 0.21698 0.063578
0 2.15385e-16 0.00114308 0.000216331 -0.00038265 -0.000100483 0.215252 0.0633607
0 2.15385e-16 -0.00122496 -0.00014633 9.01047e-05 -6.77083e-05 0.216862 0.0633248
0 2.15385e-16 -0.00229264 -0.000446943 -0.00408191 -0.00064018 0.217156 0.0635026
0 2.15385e-16 -0.000786466 -0.000270085 -0.000122911 9.30266e-06 0.2153 0.0633929
0 2.15385e-16 0.00194869 0.000335697 0.00178893 0.000338836 0.217097 0.0642902
0 2.15385e-16 0.000674904 5.92002e-05 -0.00175478 -0.000266908 0.215864 0.0633087
0 2.15385e-16 0.000493151 0.000155369 -0.00208016 -0.000202265 0.216073 0.0637817
0 2.15385e-16 0.00122781 0.000228664 0.00499546 0.000835971 0.217529 0.0631902
0 2.15385e-16 -0.00471823 -0.000834506 0.00228972 0.000303016 0.217187 0.0632266
0 2.15385e-16 -0.000994527 -0.000293128 -0.00150604 -0.000308133 0.21589 0.0630463
0 2.15385e-16 -0.00380169 -0.000604268 0.000433902 0.000126202 0.2184 0.0633197
0 2.15385e-16 -1.32512e-05 -4.02875e-05 0.000483033 0.00013472 0.215059 0.0636511
0 2.15385e-16 -0.000211685 -7.0598e-06 -0.000283861 -9.19345e-05 0.215563 0.0629708
0 2.15385e-16 -0.00034331 -0.000106289 0.00133329 0.000186452 0.216196 0.0632385
0 2.15385e-16 0.00106836 0.000252185 0.00158289 0.000102807 0.216271 0.0629072
0 2.15385e-16 -0.00145075 -0.000276072 -0.000758929 -0.000114451 0.217051 0.062725
0 2.15385e-16 0.00201034 0.000259126 -0.00199463 -0.000259937 0.216606 0.0639732
0 2.15385e-16 -0.000923265 -0.000188537 -0.00326554 -0.000509072 0.21761 0.06355
0 2.15385e-16 0.00316627 0.000439001 -0.000160184 0.000118698 0.215522 0.063188
0 2.15385e-16 -0.00195496 -0.000436519 0.00153439 0.000382488 0.216949 0.0634256
0 2.15385e-16 0.00257055 0.000513629 0.00145206 0.000196135 0.216134 0.0631997
0 2.15385e-16 0.00358934 0.000601313 -0.00166229 -0.00035094 0.216743 0.063804
0 2.15385e-16 0.00220518 0.000378145 0.00199022 0.000436867 0.216736 0.0637741
0 2.15385e-16 5.99024e-06 -1.63199e-05 -0.000600077 -8.91542e-05 0.21588 0.0634553
0 2.15385e-16 0.00119383 0.000306024 -0.00148083 -0.000296694 0.217096 0.0636525
0 2.15385e-16 0.00285725 0.000454867 -0.000205369 -1.17146e-05 0.216396 0.0635498
0 2.15385e-16 0.00374089 0.000767347 0.00316549 0.000348699 0.217357 0.0629458
0 2.15385e-16 0.0011394 0.000221559 -0.00245963 -0.000404683 0.217212 0.0636463
0 2.15385e-16 0.00266933 0.000356537 -0.00294519 -0.000602848 0.218335 0.0630431
0 2.15385e-16 -0.00160228 -0.000262391 0.00182522 0.000346803 0.216384 0.0635444
0 2.15385e-16 0.00274931 0.000438198 -0.000651384 1.11533e-05 0.216409 0.0632893
0 2.15385e-16 0.00106998 0.000250115 0.00330546 0.000507858 0.216556 0.0634639
0 2.15385e-16 -0.00199514 -0.000148611 -0.00101154 -6.6459e-05 0.217805 0.0638142
0 2.15385e-16 -0.00027044 -0.000145036 -0.00129209 -0.000212102 0.218229 0.0629249
0 2.15385e-16 -0.000903427 -0.000216175 0.00158009 0.000222449 0.216467 0.0638917
0 2.15385e-16 0.00283412 0.000586548 0.000448787 5.69675e-05 0.217585 0.0638278
0 2.15385e-16 0.00125632 0.000220696 0.00252759 0.000332281 0.216586 0.0628369
0 2.15385e-16 -0.00262231 -0.000450598 0.000589113 8.18721e-05 0.216775 0.0639753
0 2.15385e-16 0.00211844 0.000467235 -0.00170788 -0.000230348 0.216954 0.0629363
0 2.15385e-16 -0.00175256 -0.000360742 -0.000326917 8.90976e-05 0.21695 0.063667
0 2.15385e-16 0.000225371 9.24878e-05 -0.00174859 -0.000179164 0.218728 0.063116
0 2.15385e-16 -9.74668e-05 -3.89109e-05 -0.00300417 -0.000538708 0.218902 0.0631455
0 2.15385e-16 0.00289145 0.000522723 0.000130904 -2.32158e-06 0.21679 0.062629
0 2.15385e-16 -0.00159204 -0.000247478 0.0019963 0.000442835 0.217167 0.0632774
0 2.15385e-16 -0.00443724 -0.00078044 0.00123325 0.000313631 0.218373 0.0631584
0 2.15385e-16 0.000660857 0.000181896 -0.000334394 -0.000139039 0.216616 0.0623994
0 2.15385e-16 0.00134212 0.000213319 0.000313798 4.444e-05 0.215991 0.0630045
0 2.15385e-16 -0.000242088 -0.00017681 -0.00230017 -0.000370555 0.217408 0.0630519
0 2.15385e-16 0.000797783 0.000164738 -0.00268362 -0.000415391 0.217317 0.0633539
0 2.15385e-16 0.00343763 0.000609057 -0.00274501 -0.000539248 0.217025 0.0629735
0 2.15385e-16 -0.000375349 -9.45045e-05 0.00218595 0.00036873 0.217542 0.0638239
0 2.15385e-16 0.00144199 0.00029851 -0.000239746 -2.94274e-05 0.215274 0.0637584
0 2.15385e-16 0.000313659 0.000127823 9.42836e-05 3.40621e-05 0.216317 0.0633972
0 2.15385e-16 0.00149569 0.000215088 -0.00341106 -0.000513202 0.216314 0.0637721
0 2.15385e-16 -0.00185703 -0.000316878 -0.00100934 -0.000138404 0.218072 0.0634001
0 2.15385e-16 -0.00138641 -0.000233733 -1.85389e-05 4.25864e-05 0.218425 0.0626623
0 2.15385e-16 0.00107311 6.11884e-06 0.00189899 0.000361994 0.215233 0.0640811
0 2.15385e-16 0.000226848 9.73178e-05 0.0010633 0.000186226 0.216409 0.0634194
0 2.15385e-16 -0.00139293 -0.000326618 -0.00261111 -0.000394708 0.217408 0.0632958
0 2.15385e-16 0.00118129 7.86443e-05 -0.00152027 -0.000259353 0.216309 0.0632548
0 2.15385e-16 0.00117217 9.85215e-05 -0.000564652 -9.26535e-05 0.216385 0.0636055
0 2.15385e-16 -0.00117649 -0.000162173 -0.00143545 -0.000287926 0.217371 0.0636493
0 2.15385e-16 -0.00201858 -0.000444812 -0.000845874 -0.000145748 0.218212 0.0632012
0 2.15385e-16 -0.00427071 -0.000692424 -0.00329167 -0.000491409 0.218124 0.0635438
0 2.15385e-16 0.00138127 0.000245795 -0.000784512 -0.000147982 0.216594 0.063247
0 2.15385e-16 0.000886504 0.000225372 0.00161115 0.000250706 0.216429 0.0631762
0 2.15385e-16 0.00156523 0.000213622 -0.000137575 -5.43211e-05 0.2159 0.0632824
0 2.15385e-16 0.00129473 0.000204683 -0.00246604 -0.000464236 0.216089 0.0639129
0 2.15385e-16 -0.0014638 -0.00024923 -0.0024059 -0.000380447 0.216957 0.0636789
0 2.15385e-16 -0.00153464 -0.000235612 -0.00164904 -0.000330748 0.217384 0.0632422
0 2.15385e-16 -0.00212268 -0.000393932 5.98622e-05 -6.97869e-05 0.216591 0.0632468
0 2.15385e-16 0.00237715 0.000408218 0.000798803 6.18348e-05 0.216912 0.0635381
0 2.15385e-16 -0.00237665 -0.000524543 -0.000612684 -9.08569e-05 0.216863 0.0636394
0 2.15385e-16 0.00109017 0.000166978 -0.00088466 -0.000292573 0.218138 0.0632789
0 2.15385e-16 -0.00181164 -0.000356688 -0.000491376 -0.000166345 0.217437 0.0638259
0 2.15385e-16 -0.000542461 -0.000131604 -0.00403623 -0.000627486 0.217814 0.0636319
0 2.15385e-16 -0.00182458 -0.000400882 0.00164579 0.000274619 0.216994 0.0632263
0 2.15385e-16 -0.000728284 -5.54125e-05 -0.000938521 -0.000205982 0.217059 0.0633646
0 2.15385e-16 -0.00266924 -0.000395557 -0.000344158 2.13512e-05 0.217358 0.0640499
0 2.15385e-16 0.00248233 0.00041124 0.00313956 0.0003887 0.216443 0.0637803
0 2.15385e-16 0.00273627 0.000466286 -0.000460043 4.06285e-05 0.216139 0.0635716
0 2.15385e-16 0.00129117 -7.16649e-06 0.00129691 0.000196633 0.216462 0.0632901
0 2.15385e-16 -0.000208949 8.39355e-05 -0.00046255 -7.13824e-05 0.217451 0.0631203
0 2.15385e-16 -0.00175991 -0.000363691 0.0027011 0.000399324 0.216613 0.0634958
0 2.15385e-16 0.00092477 0.000232497 0.000741374 0.000158303 0.216893 0.063268
0 2.15385e-16 0.000725024 -4.98226e-05 0.00444295 0.000675948 0.215991 0.0631113
0 2.15385e-16 0.00020831 5.80703e-06 0.000843619 0.000130064 0.216707 0.0629541
0 2.15385e-16 0.000677569 6.53375e-05 -0.000532085 -0.000151018 0.21676 0.0633794
0 2.15385e-16 0.00185391 0.000375008 -0.000599617 4.19204e-05 0.216728 0.0627403
0 2.15385e-16 -0.00222218 -0.00038667 -0.00175129 -0.000339001 0.216871 0.0637069
0 2.15385e-16 0.00120181 0.000210092 -0.00234396 -0.000259357 0.217649 0.0633597
0 2.15385e-16 -0.000559145 1.14311e-05 0.00024971 7.09151e-05 0.21477 0.0634371
0 2.15385e-16 -0.000308645 9.83603e-05 -0.00175235 -0.000364393 0.215786 0.0634195
0 2.15385e-16 0.00114997 7.2611e-05 -0.00184191 -0.000281315 0.217405 0.0633017
0 2.15385e-16 0.000365301 1.23027e-05 -0.0025847 -0.000531157 0.216842 0.0628513
0 2.15385e-16 0.00137728 0.00019934 0.00131102 0.000163462 0.217131 0.0632389
0 2.15385e-16 0.000353267 7.63544e-05 -0.000701541 -0.000277574 0.215893 0.0628748
0 2.15385e-16 -0.000318488 -6.53436e-05 -0.000668462 -0.000191189 0.215652 0.0636099
0 2.15385e-16 -0.00030589 -1.95608e-05 -0.00102536 -0.000242079 0.216458 0.0634534
0 2.15385e-16 0.000936013 0.000329478 -2.49898e-05 -8.53327e-05 0.216997 0.0627302
0 2.15385e-16 -0.000266366 -1.36158e-05 -0.00195432 -0.000279916 0.216266 0.0631559
0 2.15385e-16 -0.00259434 -0.00043087 0.000973208 0.000294859 0.217484 0.0635276
0 2.15385e-16 0.00111029 0.000188525 -0.000390194 -9.99112e-06 0.216332 0.0633181
0 2.15385e-16 -0.00150155 -0.000321363 -0.000903129 -0.000166219 0.216524 0.0635076
0 2.15385e-16 0.00172684 0.000198345 0.000768098 0.000185207 0.216652 0.063635
0 2.15385e-16 -3.91975e-05 -1.22359e-05 -1.38844e-05 0.000149267 0.21566 0.0628432
0 2.15385e-16 -0.00118076 -0.000102148 0.00046098 -1.19221e-05 0.217769 0.0631936
0 2.15385e-16 -0.000427346 -7.86248e-05 -0.00229914 -0.000221177 0.217266 0.0637626
0 2.15385e-16 0.00249459 0.000353127 -0.00028698 -0.000118802 0.215414 0.0638103
0 2.15385e-16 -0.000517481 -0.000163346 0.00100216 0.000168005 0.215805 0.0628699
0 2.15385e-16 0.00111184 0.000203631 -0.00181052 -0.000302679 0.216923 0.0634272
0 2.15385e-16 0.000244294 0.00016588 -0.00312449 -0.000550931 0.217992 0.0635852
0 2.15385e-16 -0.0011324 -0.000176357 0.00126169 0.000200236 0.216718 0.0637242
0 2.15385e-16 0.00306495 0.000546366 0.00175463 0.000401811 0.215317 0.0634896
0 2.15385e-16 0.00179031 0.000302694 -0.00146718 -0.000212077 0.215626 0.0633909
0 2.15385e-16 0.000331571 9.77259e-05 0.000494051 0.000193325 0.216308 0.0625674
0 2.15385e-16 -0.00133108 -0.000327883 -0.00227778 -0.000286652 0.218689 0.0641646
0 2.15385e-16 0.00490348 0.000889126 -0.00192295 -0.00028221 0.21635 0.0630964
0 2.15385e-16 0.000242237 -2.5777e-05 -0.000462617 3.93377e-05 0.216283 0.0633471
0 2.15385e-16 0.000906655 0.0001727 -0.000937888 -1.01626e-05 0.219002 0.063252
0 2.15385e-16 0.00115993 0.000278752 0.00149753 0.000167853 0.216934 0.0633552
0 2.15385e-16 -0.00127827 -0.000154086 0.00225145 0.00039835 0.216332 0.0634474
0 2.15385e-16 0.00041923 0.00012726 0.00102453 0.000103496 0.214107 0.0632147
0 2.15385e-16 -0.00340609 -0.000664818 0.000782799 0.000210745 0.217378 0.0637218
0 2.15385e-16 0.000273071 -4.41288e-05 0.00119465 6.66858e-05 0.216391 0.0632381
0 2.15385e-16 0.00524675 0.000924896 -0.000241059 -0.000191913 0.217362 0.0636213
0 2.15385e-16 0.000563774 -2.80834e-06 -0.00228815 -0.000510839 0.215571 0.0636427
0 2.15385e-16 -4.97218e-05 -0.000108315 0.00043438 0.000120311 0.216588 0.0631014
0 2.15385e-16 -0.00224675 -0.000244199 0.00168457 0.000219898 0.217687 0.063601
0 2.15385e-16 0.00223573 0.000447749 0.000791335 -3.74694e-05 0.21707 0.0640548
0 2.15385e-16 -0.000605018 -0.000204555 -0.00408137 -0.000693101 0.218278 0.0637325
0 2.15385e-16 -0.00156809 -0.000322791 3.82205e-05 -0.000105041 0.21676 0.0631619
0 2.15385e-16 -0.000257582 2.78025e-05 -0.00158315 -0.000149914 0.21615 0.0635876
0 2.15385e-16 -0.00206728 -0.000390042 0.000195713 2.36958e-05 0.217188 0.0638802
0 2.15385e-16 -0.000844771 -0.00012627 0.00282435 0.000350214 0.216752 0.0634601
0 2.15385e-16 0.00079904 0.000117289 0.000373911 0.000196437 0.216782 0.0631731
0 2.15385e-16 0.00150479 0.000258232 -0.00239 -0.000428842 0.21677 0.0631024
0 2.15385e-16 0.002712 0.000524688 -0.0015263 -0.000232552 0.216987 0.063028
0 2.15385e-16 -0.00294372 -0.000531904 0.000248374 7.73054e-05 0.218048 0.0636133
0 2.15385e-16 -0.000599983 -0.000230069 -1.97628e-05 -3.90252e-05 0.215367 0.063256
0 2.15385e-16 0.000278389 5.14243e-05 -0.00115112 -0.000311768 0.216382 0.0628473
0 2.15385e-16 0.00260308 0.000322478 -0.000385259 -2.21515e-05 0.216162 0.063081
0 2.15385e-16 0.00089546 0.00016857 0.00202624 0.000312669 0.217234 0.0626816
0 2.15385e-16 -0.00197947 -0.000365089 0.000105847 3.24562e-05 0.217045 0.063965
0 2.15385e-16 0.000353469 8.35011e-05 0.00112008 9.64831e-05 0.218264 0.0628246
0 2.15385e-16 0.0025075 0.000453447 0.000757791 0.000146852 0.216209 0.0636736
0 2.15385e-16 0.000163376 -7.58188e-05 -0.000574507 -8.90604e-05 0.216031 0.0637361
0 2.15385e-16 -0.00225856 -0.000434855 0.00281059 0.00043594 0.216517 0.0635985
0 2.15385e-16 -0.000568915 -0.000116557 -0.00138839 -0.000218113 0.218267 0.0636599
0 2.15385e-16 0.00371543 0.000586894 -0.00519374 -0.000655948 0.216271 0.0638866
0 2.15385e-16 0.00179817 0.000342808 -0.00111827 -0.000255335 0.216248 0.0628985
0 2.15385e-16 0.00185025 0.000341872 -0.00128894 -0.000154793 0.217091 0.0628706
0 2.15385e-16 -0.00213545 -0.000303657 -0.000900172 -6.06752e-05 0.217522 0.0633711
0 2.15385e-16 -0.0012177 -0.000259258 0.000515311 -4.2441e-05 0.215871 0.0631313
0 2.15385e-16 0.00126936 0.000381824 -0.00239087 -0.000401438 0.217276 0.0634997
0 2.15385e-16 0.000542023 8.9966e-05 0.00189904 0.000258439 0.217064 0.063064
0 2.15385e-16 0.000758917 1.83685e-06 0.000522224 0.000156165 0.216016 0.0631787
0 2.15385e-16 -0.000533136 -9.85413e-05 0.000782098 0.000101226 0.215831 0.0634597
0 2.15385e-16 0.000179222 0.000102783 -0.000260493 -2.65805e-05 0.216403 0.0633059
0 2.15385e-16 -0.00262457 -0.000439575 0.00250804 0.000327395 0.217301 0.0634239
0 2.15385e-16 -0.000462648 -7.32229e-05 0.00180684 0.000414918 0.216257 0.0636309
0 2.15385e-16 -0.000492833 -0.000246511 -0.00193104 -0.000444698 0.217248 0.0631407
0 2.15385e-16 -0.00118667 -0.000142958 0.000393675 3.08547e-05 0.217694 0.0631606
0 2.15385e-16 0.00295342 0.000494702 -0.00151338 -0.000192252 0.217074 0.0636738
0 2.15385e-16 -0.00267065 -0.000544035 0.000307091 0.000153637 0.217504 0.0634644
0 2.15385e-16 -0.000571841 -0.000112094 0.00478686 0.000761073 0.216202 0.063836
0 2.15385e-16 -0.0034673 -0.000595925 0.00185131 0.000273288 0.217889 0.0630358
0 2.15385e-16 0.00369548 0.000562388 0.000303226 3.82492e-07 0.215249 0.063008
0 2.15385e-16 -0.000949701 -0.000157478 -0.00288547 -0.000294924 0.217353 0.0640613
0 2.15385e-16 -0.00378638 -0.000674463 0.000858013 0.000158509 0.21663 0.0635964
0 2.15385e-16 -0.00299612 -0.000489966 -0.00055971 -5.61859e-05 0.21881 0.0638856
0 2.15385e-16 0.0048858 0.000814915 -0.00195831 -0.000246506 0.217416 0.0635574
0 2.15385e-16 -0.00139407 -0.000198756 -0.00225643 -0.000326619 0.217097 0.0641755
0 2.15385e-16 -0.00288816 -0.000698348 -0.000254512 4.62e-05 0.218272 0.062978
0 2.15385e-16 -0.0015684 -0.000335856 0.00138921 6.41127e-05 0.21616 0.0637166
0 2.15385e-16 -0.00217065 -0.000280539 -0.000972736 -0.000259667 0.217675 0.0641093
0 2.15385e-16 -0.00103771 -0.000168847 -0.00310825 -0.000499931 0.217586 0.0636446
0 2.15385e-16 0.00071154 0.000117125 0.000332422 0.000139436 0.215591 0.0632085
0 2.15385e-16 0.00142491 0.000292268 -0.000887168 -7.8692e-05 0.217402 0.0633664
0 2.15385e-16 -0.000494423 -0.000114895 -0.00254207 -0.000538469 0.217519 0.0632113
0 2.15385e-16 -0.00292919 -0.000532641 0.00281103 0.000550208 0.217263 0.0627628
0 2.15385e-16 -0.00221349 -0.000452562 -0.000776983 -0.0001009 0.218588 0.0641567
0 2.15385e-16 0.000151441 -8.11481e-05 -0.00261962 -0.000525769 0.216187 0.0634945
0 2.15385e-16 0.0025922 0.000520007 -0.00406482 -0.000765853 0.217935 0.0629634
0 2.15385e-16 0.000300714 5.79852e-05 -0.0016161 -0.000308435 0.216316 0.0633629
0 2.15385e-16 0.00023623 8.75022e-05 -0.000601703 -8.762e-05 0.218146 0.0629474
0 2.15385e-16 -0.0012867 -0.000119456 -0.000700464 -6.52545e-05 0.216081 0.0638585
0 2.15385e-16 0.000920001 3.09986e-05 0.00125823 0.000185811 0.21614 0.0639613
0 2.15385e-16 0.000623758 -4.22563e-05 0.000301504 -7.2055e-06 0.215943 0.0635402
0 2.15385e-16 0.000109726 -2.30048e-05 0.00202443 0.000338925 0.217203 0.0626967
0 2.15385e-16 0.000102562 -0.000104102 -0.00229845 -0.000325989 0.217931 0.0633135
0 2.15385e-16 -0.00089945 -0.000212224 0.00147699 0.00014285 0.217418 0.0627678
0 2.15385e-16 -0.000250681 -9.32584e-05 -0.00133494 -0.000174583 0.217811 0.0626864
0 2.15385e-16 1.06927e-05 2.09013e-05 0.00154492 0.000199435 0.215807 0.062608
0 2.15385e-16 -0.00223647 -0.000471529 0.00238934 0.000411882 0.217867 0.0632263
0 2.15385e-16 0.000902539 0.000126004 -0.000185168 -3.46394e-05 0.216499 0.0624097
0 2.15385e-16 0.0024247 0.000463819 -0.000305927 5.26273e-05 0.21675 0.0630752
0 2.15385e-16 0.000690619 0.000116732 0.00129748 0.000290415 0.216183 0.0633723
0 2.15385e-16 0.00256912 0.000367759 0.00127979 0.000197184 0.216891 0.0638179
0 2.15385e-16 0.00186555 0.000280984 -0.000917847 -0.000100805 0.216482 0.0635174
0 2.15385e-16 -0.00143595 -0.000313537 -0.00121322 -0.000245325 0.216415 0.0636067
0 2.15385e-16 -0.000910521 -9.92094e-05 -0.0019381 -0.000255988 0.219107 0.0631445
0 2.15385e-16 -0.00277283 -0.000374268 0.00213033 0.000408304 0.216744 0.0630531
0 2.15385e-16 -0.00164526 -0.000314194 -0.00137562 -0.000219055 0.21697 0.0631764
0 2.15385e-16 0.00300524 0.00051883 -0.00119816 7.24543e-07 0.218114 0.0636075
0 2.15385e-16 -7.92594e-05 1.2571e-05 -0.00114804 -0.000312544 0.216999 0.0627062
0 2.15385e-16 -0.000536923 -0.000161228 -0.000527097 -9.85168e-05 0.214765 0.0632105
0 2.15385e-16 -0.000743107 -9.51575e-05 0.00135741 0.000175943 0.216437 0.0633614
0 2.15385e-16 3.84607e-05 7.1154e-05 0.000556057 1.46113e-05 0.215473 0.0633564
0 2.15385e-16 -0.000556894 -0.000162229 -0.00102402 -0.000294264 0.216844 0.0628223
0 2.15385e-16 -0.000702302 -0.000197028 0.00141292 0.000226205 0.217292 0.0630941
0 2.15385e-16 -0.00174283 -0.000327239 0.00157765 0.000219192 0.216843 0.0645615
0 2.15385e-16 7.26233e-05 3.78865e-05 0.00224736 0.000532328 0.217679 0.0632128
0 2.15385e-16 0.000532421 9.11321e-05 0.00032562 0.000105985 0.216477 0.0634216
0 2.15385e-16 -0.00167219 -0.000305942 0.000868496 0.00020181 0.216014 0.0634167
0 2.15385e-16 -7.84255e-05 -7.37308e-05 -0.000586762 -8.9935e-05 0.216369 0.0623672
0 2.15385e-16 0.00106685 0.000233825 -0.00164672 -0.000341908 0.215438 0.0633624
0 2.15385e-16 0.00104129 0.000137857 -0.00185173 -0.000201896 0.217968 0.0631263
0 2.15385e-16 0.000117138 1.24448e-05 -0.000754105 1.07894e-05 0.214832 0.0635303
0 2.15385e-16 0.000141936 2.53822e-05 0.00387138 0.000613237 0.217824 0.0629204
0 2.15385e-16 -0.00183818 -0.000149947 -0.000575001 -0.000235904 0.216752 0.0624801
0 2.15385e-16 0.000421072 -4.14987e-05 0.000362258 5.35626e-05 0.217373 0.0631093
0 2.15385e-16 0.00364255 0.000544138 -0.000816596 -0.00019207 0.218179 0.0634365
0 2.15385e-16 0.00037367 8.09449e-05 0.00186221 0.000238694 0.215639 0.0630891
0 2.15385e-16 -0.000421933 -9.72765e-05 0.00219958 0.000361758 0.217143 0.0629637
0 2.15385e-16 0.000133149 -1.82475e-05 -0.000683096 -5.62225e-05 0.216498 0.0625494
0 2.15385e-16 -0.000362135 -0.00012104 0.000917744 0.000106703 0.215769 0.0631687
0 2.15385e-16 0.000938793 0.000226147 -0.00125107 -0.000201514 0.217513 0.0637032
0 2.15385e-16 0.00176834 0.000432198 -0.00206281 -0.000287408 0.217778 0.0630784
0 2.15385e-16 0.00220774 0.000397228 0.000770522 5.91768e-05 0.216232 0.0633238
0 2.15385e-16 0.00222647 0.000434586 0.00180901 0.000282437 0.21766 0.0626358
0 2.15385e-16 0.00322015 0.000593862 0.000154188 -2.17951e-05 0.218148 0.0628025
0 2.15385e-16 0.00235753 0.000375448 -0.000159375 -4.65272e-05 0.21578 0.0630978
0 2.15385e-16 -0.000161611 -2.93302e-05 0.00210442 0.000219802 0.21573 0.062888
0 2.15385e-16 -0.00202822 -0.00041114 -0.00152297 -0.000247 0.217104 0.0636365
0 2.15385e-16 -0.000492915 5.21567e-05 0.00054529 8.36284e-05 0.216408 0.0642391
0 2.15385e-16 -0.0013106 -0.000247584 0.00128003 0.000225332 0.217046 0.0625165
0 2.15385e-16 0.000609641 -3.93932e-05 -0.000111658 -6.39923e-05 0.215538 0.0635683
0 2.15385e-16 -0.00116301 -0.000240463 -0.0011522 -0.000167346 0.216883 0.0637301
0 2.15385e-16 -1.79546e-05 -7.60532e-05 0.000308947 0.000256912 0.217427 0.0627577
0 2.15385e-16 0.00166862 0.000165478 0.000828669 0.000219718 0.21629 0.0643745
0 2.15385e-16 0.000575859 0.000165901 0.00146561 8.74664e-05 0.216745 0.0637724
0 2.15385e-16 0.00228267 0.000441316 -0.000668901 -9.29972e-05 0.215973 0.0638955
0 2.15385e-16 0.00155784 0.000351356 0.000609445 4.40507e-05 0.216621 0.0632377
0 2.15385e-16 -0.000412785 -2.31273e-05 0.000428759 -7.22705e-05 0.216201 0.0631325
0 2.15385e-16 -0.00250246 -0.000471337 0.00133907 0.000205588 0.217255 0.0628673
0 2.15385e-16 0.00126168 0.000168726 0.000287548 8.64351e-05 0.216658 0.0631374
0 2.15385e-16 0.00276235 0.000469496 0.00261606 0.000288092 0.216658 0.0639242
0 2.15385e-16 0.00277717 0.000428563 -0.000364987 -4.62535e-05 0.218129 0.0626156
0 2.15385e-16 0.000930064 0.00019154 -0.00135578 -4.11069e-05 0.217208 0.0639024
0 2.15385e-16 0.00249534 0.000430142 0.00222879 0.000244181 0.216325 0.0641571
0 2.15385e-16 -0.000418678 -3.07912e-05 0.0009846 0.000183946 0.216813 0.0630991
0 2.15385e-16 -0.00119124 -0.000188768 -0.000913565 -0.000246737 0.217088 0.0628565
0 2.15385e-16 -0.000310532 -1.22435e-05 -0.00110231 -0.000202136 0.217045 0.0634515
0 2.15385e-16 0.00144503 0.000247801 0.00324476 0.000660508 0.215815 0.0637256
0 2.15385e-16 0.000874837 9.98513e-05 -0.00334086 -0.000606482 0.217966 0.0641374
0 2.15385e-16 -0.00113362 -0.000167404 -0.00200828 -0.000299492 0.21696 0.0640588
0 2.15385e-16 0.00214762 0.000365308 5.64887e-05 -3.30586e-05 0.216429 0.0633425
0 2.15385e-16 0.0029405 0.000513342 -0.00228207 -0.000457586 0.216882 0.0631337
0 2.15385e-16 -0.00037707 -8.55709e-05 0.00191203 0.000227173 0.216712 0.0625042
0 2.15385e-16 -0.000892526 -6.00686e-05 9.97612e-05 6.09228e-05 0.217577 0.0642003
0 2.15385e-16 0.00240361 0.000517523 0.00417567 0.00082457 0.218125 0.0633447
0 2.15385e-16 0.00164038 0.000286796 0.000669717 5.67653e-05 0.217025 0.0629436
0 2.15385e-16 0.000471445 7.53108e-05 0.00163475 0.000287348 0.216811 0.0634908
0 2.15385e-16 0.000670792 0.00018485 -0.00260224 -0.000333744 0.217603 0.0631747
0 2.15385e-16 0.00203241 0.000284136 0.000499995 4.73559e-05 0.216065 0.0633373
0 2.15385e-16 -0.00142577 -0.000300485 -7.06682e-05 9.12533e-05 0.21715 0.0635718
0 2.15385e-16 0.00068658 1.31701e-05 0.00189318 0.000174652 0.217186 0.0641233
0 2.15385e-16 -0.000832349 -2.98918e-05 0.000876781 0.000113425 0.216193 0.0635221
0 2.15385e-16 0.000591425 0.000177954 -0.00115459 -0.000235643 0.215165 0.0627534
0 2.15385e-16 0.00230821 0.000436648 -0.00303708 -0.000483827 0.216949 0.0642491
0 2.15385e-16 -0.000414141 -7.45255e-05 -0.000181044 3.1423e-05 0.21563 0.063161
0 2.15385e-16 -0.00237426 -0.00031063 0.00478737 0.000949026 0.216425 0.0626698
0 2.15385e-16 -0.00328247 -0.000498103 0.000122054 1.2492e-05 0.215817 0.0635376
0 2.15385e-16 -0.00145057 -0.000406457 -0.00227992 -0.000296806 0.218092 0.0633809
0 2.15385e-16 0.00527759 0.000931606 0.000558847 0.000303513 0.216061 0.0637698
0 2.15385e-16 -0.000236597 -7.98085e-05 0.00163849 0.000255114 0.216161 0.063126
0 2.15385e-16 0.00248915 0.000388728 0.000913569 0.000156136 0.216943 0.0632256
0 2.15385e-16 -0.000343079 -5.25075e-05 -0.00126515 -0.000214641 0.217187 0.062935
0 2.15385e-16 0.00377729 0.00064144 -0.0005304 -0.000100622 0.216594 0.0641535
0 2.15385e-16 -0.000540701 -0.000220596 0.00160014 0.000385831 0.216109 0.0638171
0 2.15385e-16 0.00351776 0.00071093 -0.00118472 -9.94495e-05 0.215581 0.0630791
0 2.15385e-16 -0.00293016 -0.000405554 -0.000443236 -0.000131763 0.2167 0.0637943
0 2.15385e-16 -0.00132194 -0.000245402 0.000884775 0.00013897 0.216073 0.063233
0 2.15385e-16 0.0010814 0.000316531 -0.000804302 -0.000136314 0.216309 0.0636325
0 2.15385e-16 -2.57008e-05 -5.81225e-05 -0.000275098 -5.00851e-05 0.217588 0.0638299
0 2.15385e-16 0.00197574 0.00035621 -0.00109784 -0.00027721 0.216707 0.0633064
0 2.15385e-16 0.00106377 0.000188183 0.000653698 0.000122414 0.216846 0.0627847
0 2.15385e-16 0.00184461 0.000372981 0.000491215 -3.74112e-05 0.216399 0.0627684
0 2.15385e-16 0.000414246 0.000135314 0.000155009 5.61757e-05 0.215661 0.062779
0 2.15385e-16 -0.00249585 -0.000432599 -0.000155731 -7.03874e-05 0.216334 0.0626058
0 2.15385e-16 -0.00152534 -0.000337138 0.00163373 0.000325928 0.216577 0.0636597
0 2.15385e-16 -0.00125287 -0.000157324 0.000235126 0.000109935 0.215984 0.0635851
0 2.15385e-16 0.00289407 0.000388273 -0.00192263 -0.000221958 0.217507 0.0638277
0 2.15385e-16 -0.000169998 1.30802e-05 -0.000966012 -9.49294e-05 0.217471 0.064138
0 2.15385e-16 0.00129664 0.000265262 0.00195295 0.000163737 0.217673 0.0633807
0 2.15385e-16 0.00157575 0.000121913 0.00107194 0.000199439 0.217261 0.0637817
0 2.15385e-16 0.00125389 0.000319211 0.00164753 0.000166227 0.216453 0.0639236
0 2.15385e-16 0.00233582 0.00043541 0.00119849 0.000298844 0.216473 0.0624362
0 2.15385e-16 -0.00124762 -0.000102944 -0.00175435 -0.000259839 0.217796 0.0630939
0 2.15385e-16 3.54724e-05 5.27978e-05 0.00157765 0.000208317 0.216725 0.0627629
0 2.15385e-16 0.00152244 0.000218385 -0.00196041 -0.000542751 0.216258 0.0633719
0 2.15385e-16 -0.00321912 -0.00064538 0.00219624 0.000546744 0.215982 0.0639779
0 2.15385e-16 0.00240453 0.000385578 -0.000403944 -2.01704e-05 0.217715 0.0629186
0 2.15385e-16 0.0013608 0.000312682 -0.00172855 -0.000361779 0.21631 0.0633647
0 2.15385e-16 -0.00307546 -0.000566097 -0.00140998 -8.77187e-05 0.216883 0.0640802
0 2.15385e-16 0.000160785 6.64792e-05 -0.000813463 -4.30364e-05 0.216634 0.063694
0 2.15385e-16 0.00174255 0.000356494 0.00108117 0.000198513 0.215827 0.0631807
0 2.15385e-16 -0.000130948 2.58954e-05 0.0017453 0.000347373 0.216233 0.0633082
0 2.15385e-16 0.000946942 0.000226897 -0.00134099 -0.000241263 0.21595 0.0633026
0 2.15385e-16 0.00070145 0.000139295 -0.00162059 -0.000210528 0.216176 0.0631921
0 2.15385e-16 -0.0022291 -0.000342534 0.000546641 -6.61153e-06 0.216634 0.0635168
0 2.15385e-16 0.000430268 0.000122316 -0.00220509 -0.000395714 0.217295 0.0634278
0 2.15385e-16 -0.0034791 -0.000613443 -0.00103261 -0.000224246 0.21894 0.0633727
0 2.15385e-16 0.00180766 0.000360668 -0.000681616 -0.000107638 0.216923 0.0640412
0 2.15385e-16 0.00133199 0.000188537 0.00306778 0.000385819 0.217209 0.0638455
0 2.15385e-16 0.00135181 0.000221156 -0.00036305 -9.27748e-05 0.215896 0.0637917
0 2.15385e-16 -0.000176821 -0.00019285 -0.000850648 -0.00011334 0.215329 0.0636825
0 2.15385e-16 4.55615e-05 -5.58343e-05 0.000834444 0.000175 0.216414 0.0627526
0 2.15385e-16 -0.00220409 -0.000334177 0.001214 0.000119453 0.21793 0.0632425
0 2.15385e-16 -0.000601702 -8.28648e-05 0.00053728 8.3519e-05 0.217505 0.0629677
0 2.15385e-16 0.00339693 0.000577221 -0.00219737 -0.000308754 0.217865 0.0634605
0 2.15385e-16 -0.00378278 -0.000689947 -0.001304 -0.000205259 0.216608 0.0633587
0 2.15385e-16 0.00217885 0.000262562 0.00348614 0.000598702 0.217844 0.0629779
0 2.15385e-16 0.000354071 5.9617e-05 -0.00206788 -0.000455926 0.216606 0.0638917
0 2.15385e-16 0.000534002 8.12602e-05 -0.000328465 1.98225e-05 0.215929 0.0630184
0 2.15385e-16 0.00187505 0.000315147 0.000203824 -0.000131184 0.215974 0.0636301
0 2.15385e-16 0.00205145 0.000480838 0.00119006 0.000287797 0.216678 0.0629243
0 2.15385e-16 -0.000819171 -0.000232908 0.000928089 1.34436e-05 0.215691 0.0632197
0 2.15385e-16 0.000793638 0.000154052 0.00229611 0.000544922 0.21708 0.0639266
0 2.15385e-16 -0.000444387 -8.01303e-05 0.000499278 4.82954e-05 0.216181 0.0631364
0 2.15385e-16 0.000691675 7.9453e-05 0.00170081 0.000224008 0.217062 0.063424
0 2.15385e-16 -0.00260856 -0.00052414 0.000509689 4.30827e-05 0.217609 0.0630201
0 2.15385e-16 0.00255546 0.000367196 0.00232276 0.000387696 0.216289 0.0636637
0 2.15385e-16 -0.000402014 1.97694e-05 0.000998534 8.07093e-05 0.216404 0.0632282
0 2.15385e-16 -0.00113478 -0.000255389 -0.00104868 -0.000252284 0.216585 0.0631605
0 2.15385e-16 0.00146039 0.00020389 -0.000591681 -0.000145561 0.217153 0.0637198
0 2.15385e-16 -0.00184711 -0.000232795 -0.00190564 -0.000389295 0.216856 0.0637206
0 2.15385e-16 -0.00149201 -0.000247161 0.00252432 0.000465711 0.216888 0.063427
0 2.15385e-16 -0.00123876 -0.000286314 -0.00138517 -0.000214093 0.217477 0.0639135
0 2.15385e-16 -0.00196893 -0.000230514 -0.00015289 7.457e-05 0.216757 0.0634582
0 2.15385e-16 -0.000891926 -0.000136227 -0.000722758 -3.02728e-05 0.218147 0.06255
0 2.15385e-16 -0.00140749 -0.000118875 6.83205e-05 -6.66359e-06 0.217037 0.0634625
0 2.15385e-16 0.000367462 0.000129874 0.00327566 0.00060347 0.216996 0.064022
0 2.15385e-16 0.000172661 0.000165365 -0.00033571 -4.05749e-05 0.216563 0.0631268
0 2.15385e-16 -0.00212972 -0.000481843 -0.00182119 -0.000280002 0.218501 0.063332
0 2.15385e-16 -0.000190232 2.77531e-05 0.00147921 0.000239246 0.21627 0.0629671
0 2.15385e-16 0.000158326 -3.99325e-05 0.00154273 0.000153398 0.216538 0.0631832
0 2.15385e-16 0.00149417 0.000259401 0.00156126 0.000256002 0.216535 0.0628377
0 2.15385e-16 -0.00138875 -0.000293013 -0.000929602 -0.000270645 0.2168 0.0631047
0 2.15385e-16 0.000133587 4.48725e-05 0.000307268 9.36961e-05 0.217103 0.0628516
0 2.15385e-16 -0.00296223 -0.000508947 6.80118e-05 4.94023e-05 0.217368 0.0636934
0 2.15385e-16 0.00276714 0.000468561 -0.000638638 -7.74813e-06 0.21578 0.0632166
0 2.15385e-16 0.000782731 0.000182073 -0.00142093 -0.000177771 0.216174 0.0636758
0 2.15385e-16 -0.000207719 -1.76892e-05 0.00262357 0.000378431 0.217875 0.0629453
0 2.15385e-16 -0.00193976 -0.000315812 0.00150741 0.000317202 0.216479 0.0632773
0 2.15385e-16 0.00134039 0.000232739 0.000563299 8.43693e-05 0.217491 0.0628395
0 2.15385e-16 -0.00162345 -0.000342657 -0.000358029 -1.85471e-05 0.21707 0.0634964
0 2.15385e-16 -0.000860066 -0.000273884 -0.00128961 -0.000230188 0.216673 0.0633983
0 2.15385e-16 0.00113344 0.000190534 0.000679322 0.00015883 0.217303 0.0629186
0 2.15385e-16 -0.0032203 -0.000547502 0.000983095 6.42844e-05 0.217514 0.0642907
0 2.15385e-16 0.00152621 0.000215336 -0.000255679 5.54021e-05 0.21597 0.0631052
0 2.15385e-16 0.00166371 0.000254701 -0.00107789 -0.000338591 0.216142 0.0640694
0 2.15385e-16 0.000451584 0.000116691 3.04525e-05 0.000108773 0.216653 0.0632261
0 2.15385e-16 -0.000105669 -3.46989e-05 0.000969459 0.000184236 0.21692 0.0630701
0 2.15385e-16 -0.00408809 -0.00068093 -0.000391363 -0.000197073 0.216861 0.0638259
0 2.15385e-16 -0.000615477 -9.01991e-05 -0.000859867 -0.000178922 0.215965 0.0636363
0 2.15385e-16 -0.00051601 -0.000117729 -0.00316126 -0.000428732 0.216459 0.0638151
0 2.15385e-16 -0.00246187 -0.000441027 0.00169828 0.00040792 0.216782 0.0635074
0 2.15385e-16 0.00285474 0.00053243 0.00175238 0.000314735 0.216263 0.06414
0 2.15385e-16 0.00163815 0.000281363 4.31928e-05 -6.09611e-05 0.216795 0.0627311
0 2.15385e-16 0.00298973 0.000514943 0.00200157 0.000350121 0.217018 0.0639568
0 2.15385e-16 0.000871325 9.73305e-05 0.00237878 0.000413558 0.216911 0.0634311
0 2.15385e-16 -0.00354797 -0.000701164 -0.00170454 -0.000470078 0.219003 0.0630156
0 2.15385e-16 -8.06087e-05 1.07437e-05 0.000839725 7.51031e-05 0.21649 0.0629181
0 2.15385e-16 0.000534361 0.000126301 0.000248151 1.40042e-05 0.216926 0.063556
0 2.15385e-16 0.00064973 0.000144294 0.00042183 0.000122413 0.216476 0.0631495
0 2.15385e-16 -0.00210631 -0.000424547 -0.00157889 -0.00020566 0.217534 0.0637793
0 2.15385e-16 0.00232737 0.000463163 -0.00118616 -0.000186162 0.21719 0.063363
0 2.15385e-16 -0.000752147 -0.000287443 -0.000690149 -0.000154256 0.215757 0.0630554
0 2.15385e-16 0.000418273 0.000113161 0.00200787 0.000351718 0.21667 0.0632569
0 2.15385e-16 -0.00097348 -0.000151396 -0.000509835 -7.83394e-05 0.217898 0.0631771
0 2.15385e-16 -0.00345462 -0.000604249 -0.00150417 -0.000150456 0.218164 0.0629986
0 2.15385e-16 -0.000348909 -5.78871e-05 0.000716753 0.000208679 0.216772 0.0630403
0 2.15385e-16 -0.000137074 0.000101764 -0.00360094 -0.000639223 0.218328 0.0624205
0 2.15385e-16 0.00100017 0.000122659 -0.00249729 -0.000344676 0.217489 0.0628553
0 2.15385e-16 -0.00120914 -0.000174079 -0.00132103 -0.000235105 0.216638 0.063703
0 2.15385e-16 0.000449905 6.0586e-05 0.00268473 0.000638555 0.216577 0.0634173
0 2.15385e-16 9.31161e-06 8.30475e-05 -0.00278366 -0.000610276 0.217142 0.0631186
0 2.15385e-16 -0.00239532 -0.000411844 0.00223622 0.000341091 0.217041 0.0641025
0 2.15385e-16 0.00180598 0.000333654 -0.000583148 -0.000252448 0.216041 0.0634059
0 2.15385e-16 0.00105643 0.00023239 0.00120339 0.000184824 0.216015 0.0626348
0 2.15385e-16 0.000389167 0.000110955 0.00120147 0.000172646 0.216904 0.0629246
0 2.15385e-16 -0.00119723 -0.000309597 0.0030702 0.00044564 0.216967 0.0636331
0 2.15385e-16 -0.00104082 -0.000226415 0.00210542 0.000193061 0.2164 0.063108
0 2.15385e-16 0.000169944 6.96761e-05 0.00241294 0.000237726 0.216502 0.0632334
0 2.15385e-16 0.000257634 3.61039e-05 -0.00243431 -0.00045508 0.216536 0.0634896
0 2.15385e-16 -0.000497008 -5.65927e-05 -0.00151528 -0.000156913 0.215918 0.0640731
0 2.15385e-16 -0.000891109 -8.77e-05 0.00105303 3.19437e-05 0.217055 0.063586
0 2.15385e-16 -0.0042046 -0.000777576 0.000333897 0.000105678 0.217056 0.0633932
0 2.15385e-16 -0.00158815 -0.000259172 0.00168648 0.000228359 0.215738 0.0632057
0 2.15385e-16 -0.00243517 -0.000399514 0.00201363 0.000303205 0.216664 0.0632286
0 2.15385e-16 -0.00204948 -0.000405001 0.000526013 9.87021e-05 0.215679 0.0635115
0 2.15385e-16 -0.00364979 -0.000729835 0.00138096 0.000218894 0.217452 0.0630917
0 2.15385e-16 -0.00310733 -0.000481591 0.000320704 -1.63725e-05 0.217961 0.0634876
0 2.15385e-16 0.000594638 0.000271624 0.000353332 0.000180307 0.215813 0.0634168
0 2.15385e-16 0.000529741 7.23534e-05 0.00104767 0.000126559 0.216439 0.0636624
0 2.15385e-16 -0.00233754 -0.000574324 0.00274957 0.000455567 0.217911 0.062891
0 2.15385e-16 0.00312747 0.00047288 0.00209292 0.000413376 0.217316 0.0632648
0 2.15385e-16 0.00109849 9.52448e-05 0.000582778 8.68928e-05 0.216157 0.0635518
0 2.15385e-16 0.00453916 0.000872237 0.00248373 0.000515195 0.217248 0.0635227
0 2.15385e-16 -0.000332855 -6.3331e-05 0.00022667 -5.17292e-05 0.216295 0.062617
0 2.15385e-16 -0.00175996 -8.30314e-05 -0.000552768 -0.000103541 0.217335 0.0635885
0 2.15385e-16 0.00148738 0.000274504 -0.000722017 -0.000101308 0.217312 0.0629257
0 2.15385e-16 -0.000618901 -7.47958e-05 -0.00105208 -0.000107237 0.215901 0.0635552
0 2.15385e-16 -0.000976449 -0.000165244 0.000153886 0.000119923 0.216209 0.0635171
0 2.15385e-16 -0.00241689 -0.000371419 0.00247504 0.000410858 0.217305 0.0634722
0 2.15385e-16 0.000358319 9.18339e-05 0.00165558 0.000261473 0.215137 0.0636391
0 2.15385e-16 0.000379608 0.000127026 0.00311164 0.000446471 0.216311 0.0635341
0 2.15385e-16 -0.000308793 1.46917e-06 0.00390607 0.000664356 0.217581 0.0632413
0 2.15385e-16 0.000283247 0.000128578 0.000376371 3.83865e-05 0.217444 0.0629503
0 2.15385e-16 -0.00161237 -0.00027521 -0.000147801 8.55578e-05 0.217032 0.0638961
0 2.15385e-16 0.000999572 0.00019374 -0.00126336 -0.000206786 0.217304 0.0639399
0 2.15385e-16 -0.00266071 -0.000433543 -0.00105119 -0.000209461 0.216455 0.0635718
0 2.15385e-16 0.00427434 0.000638423 -0.000764316 -0.000105299 0.217042 0.0629661
0 2.15385e-16 0.0023331 0.000360345 -0.00160619 -0.00024896 0.216181 0.063095
0 2.15385e-16 -0.00419277 -0.000673296 0.000904075 0.000155951 0.217398 0.0634117
0 2.15385e-16 0.00306088 0.000589936 0.00239308 0.000318286 0.217445 0.0631012
0 2.15385e-16 -0.000291747 4.03672e-06 0.00251467 0.000341995 0.216834 0.0627086
0 2.15385e-16 -0.00224216 -0.000304275 -0.00541783 -0.000935088 0.21785 0.0634249
0 2.15385e-16 0.00149588 0.000248067 -0.000856534 -0.000129306 0.216988 0.0634353
0 2.15385e-16 -0.000118458 5.2388e-05 0.00283694 0.000506578 0.217488 0.0626274
0 2.15385e-16 -4.88358e-05 -0.000114186 6.2625e-05 5.09504e-05 0.215773 0.0629218
0 2.15385e-16 -0.00127134 -0.000212116 0.00101403 0.000134949 0.216479 0.0635855
0 2.15385e-16 0.00496326 0.000907774 -0.0015548 -0.000264202 0.217506 0.0636853
0 2.15385e-16 -0.000250468 4.58963e-06 -0.000420738 -2.90183e-05 0.21473 0.0628924
0 2.15385e-16 0.000597237 0.000259448 -0.00074603 -1.88828e-05 0.21626 0.0630366
0 2.15385e-16 0.00320235 0.000548513 -0.000584669 -0.000170967 0.215676 0.0630067
0 2.15385e-16 -0.000733167 -9.82925e-05 -0.000910929 -0.000139419 0.218265 0.0638811
0 2.15385e-16 -0.000641209 -8.48794e-05 -0.00177778 -0.000326246 0.216633 0.0635877
0 2.15385e-16 -0.00197667 -0.000369973 -0.00260964 -0.000465409 0.218314 0.0633084
0 2.15385e-16 0.00120368 0.000129673 -0.00029281 -2.78378e-05 0.216212 0.0634538
0 2.15385e-16 0.000490381 7.33123e-05 7.20195e-05 -8.80159e-05 0.217646 0.0632859
0 2.15385e-16 -0.00177617 -0.000279431 0.00106583 9.49652e-05 0.216286 0.0634239
0 2.15385e-16 0.00400503 0.000849052 -0.00278287 -0.000430004 0.218068 0.0632226
0 2.15385e-16 -0.00216464 -0.000376721 -0.00135768 -0.000221397 0.21795 0.0639413
0 2.15385e-16 5.37755e-05 6.86272e-05 -0.004627 -0.000768813 0.217957 0.06345
0 2.15385e-16 -0.00185405 -0.000407657 0.00100708 7.63966e-05 0.215404 0.0638275
0 2.15385e-16 -0.00281233 -0.000549545 -0.00119743 3.01229e-05 0.217556 0.0642779
0 2.15385e-16 0.00231808 0.000426776 -0.00221683 -0.000387782 0.217714 0.0637748
0 2.15385e-16 -0.00284916 -0.000442338 -0.00172277 -0.000244 0.21723 0.0634041
0 2.15385e-16 -0.00241929 -0.000471948 -0.000802834 -4.19048e-05 0.218107 0.0635388
0 2.15385e-16 0.0014221 0.000181745 0.00320908 0.000517261 0.217099 0.0637154
0 2.15385e-16 -0.000466165 -2.68453e-05 -0.00196494 -0.000284722 0.217627 0.0637293
0 2.15385e-16 -0.00247105 -0.000465651 0.000582569 0.000143096 0.218577 0.06329
0 2.15385e-16 -0.00273367 -0.000467986 0.000663501 0.000181357 0.217591 0.0632214
0 2.15385e-16 0.000854707 0.000102164 -0.00114332 -0.000200577 0.21662 0.0630269
0 2.15385e-16 0.0026408 0.000442876 -0.000641482 -6.78484e-05 0.217592 0.0633191
0 2.15385e-16 0.000270615 0.000144345 -0.00237152 -0.000387441 0.216594 0.06304
0 2.15385e-16 -0.00214168 -0.000461693 0.000769824 0.00019967 0.216174 0.0635813
0 2.15385e-16 -0.002089 -0.000359493 0.000684064 7.26091e-05 0.216646 0.063141
0 2.15385e-16 0.000340788 -5.10546e-05 -0.00247343 -0.000379354 0.217758 0.0636458
0 2.15385e-16 -0.000109568 7.39734e-05 0.00202606 0.000353485 0.218084 0.0636239
0 2.15385e-16 -0.000156851 -4.56407e-05 -0.00106934 -0.000319192 0.216931 0.0629204
0 2.15385e-16 0.0036459 0.000689419 0.00420834 0.000665827 0.216928 0.0633549
0 2.15385e-16 -0.00177071 -0.000320141 0.00322956 0.000536216 0.216671 0.0630199
0 2.15385e-16 0.00194515 0.000442964 -0.00023204 -0.000251095 0.215801 0.0637239
0 2.15385e-16 -0.00128684 -0.000242168 0.000562259 0.000149603 0.215921 0.06401
0 2.15385e-16 -0.0024435 -0.000591897 -0.00132307 -0.000246737 0.216952 0.0646259
0 2.15385e-16 -0.000710251 -0.000110724 0.0016498 0.000434647 0.217046 0.0636326
0 2.15385e-16 -0.00117732 -0.000239255 5.60418e-05 -1.41646e-05 0.217274 0.0634954
0 2.15385e-16 0.00217467 0.00037004 -0.00192869 -0.000421377 0.216654 0.0628817
0 2.15385e-16 -6.79774e-05 -2.64896e-05 -3.85853e-05 -0.000170068 0.215999 0.0637825
0 2.15385e-16 0.00260811 0.000437388 -0.000516953 -0.000143147 0.216321 0.0633499
0 2.15385e-16 -0.00270663 -0.000571125 0.00131403 0.00016446 0.217272 0.063471
0 2.15385e-16 0.00379039 0.00077961 -0.000263402 -8.4765e-05 0.21765 0.0629347
